swimmer_id,meet_id,meet_name,meet_date,age,sex_category,event,course,round,seed_time,final_time,split_50,split_100,split_150,split_200,data_source,meet_level,notes
S001,2026_PC_SC_SENIOR_OPEN,Pacific Swimming SC Senior Open,2025-10-18,,M,200 FR,SCY,timed_final,,1:37.71,,,,,"SwimCloud event page saved to PDF 2026-08-31, https://www.swimcloud.com/results/358817/event/16/ (no splits, ages or seed times published there)",invitational,"dates Oct 18-19 2025, Soda Aquatic Center, Moraga CA; timed finals; swim day within meet unknown; place 1"
S002,2026_PC_SC_SENIOR_OPEN,Pacific Swimming SC Senior Open,2025-10-18,,M,200 FR,SCY,timed_final,,1:39.21,,,,,"SwimCloud event page saved to PDF 2026-08-31, https://www.swimcloud.com/results/358817/event/16/ (no splits, ages or seed times published there)",invitational,"dates Oct 18-19 2025, Soda Aquatic Center, Moraga CA; timed finals; swim day within meet unknown; place 2"
S003,2026_PC_SC_SENIOR_OPEN,Pacific Swimming SC Senior Open,2025-10-18,,M,200 FR,SCY,timed_final,,1:39.35,,,,,"SwimCloud event page saved to PDF 2026-08-31, https://www.swimcloud.com/results/358817/event/16/ (no splits, ages or seed times published there)",invitational,"dates Oct 18-19 2025, Soda Aquatic Center, Moraga CA; timed finals; swim day within meet unknown; place 3"
S004,2026_PC_SC_SENIOR_OPEN,Pacific Swimming SC Senior Open,2025-10-18,,M,200 FR,SCY,timed_final,,1:40.77,,,,,"SwimCloud event page saved to PDF 2026-08-31, https://www.swimcloud.com/results/358817/event/16/ (no splits, ages or seed times published there)",invitational,"dates Oct 18-19 2025, Soda Aquatic Center, Moraga CA; timed finals; swim day within meet unknown; place 4"
S005,2026_PC_SC_SENIOR_OPEN,Pacific Swimming SC Senior Open,2025-10-18,,M,200 FR,SCY,timed_final,,1:40.89,,,,,"SwimCloud event page saved to PDF 2026-08-31, https://www.swimcloud.com/results/358817/event/16/ (no splits, ages or seed times published there)",invitational,"dates Oct 18-19 2025, Soda Aquatic Center, Moraga CA; timed finals; swim day within meet unknown; place 5"
S006,2026_PC_SC_SENIOR_OPEN,Pacific Swimming SC Senior Open,2025-10-18,,M,200 FR,SCY,timed_final,,1:41.17,,,,,"SwimCloud event page saved to PDF 2026-08-31, https://www.swimcloud.com/results/358817/event/16/ (no splits, ages or seed times published there)",invitational,"dates Oct 18-19 2025, Soda Aquatic Center, Moraga CA; timed finals; swim day within meet unknown; place 6"
S007,2026_PC_SC_SENIOR_OPEN,Pacific Swimming SC Senior Open,2025-10-18,,M,200 FR,SCY,timed_final,,1:41.49,,,,,"SwimCloud event page saved to PDF 2026-08-31, https://www.swimcloud.com/results/358817/event/16/ (no splits, ages or seed times published there)",invitational,"dates Oct 18-19 2025, Soda Aquatic Center, Moraga CA; timed finals; swim day within meet unknown; place 7"
S008,2026_PC_SC_SENIOR_OPEN,Pacific Swimming SC Senior Open,2025-10-18,,M,200 FR,SCY,timed_final,,1:41.50,,,,,"SwimCloud event page saved to PDF 2026-08-31, https://www.swimcloud.com/results/358817/event/16/ (no splits, ages or seed times published there)",invitational,"dates Oct 18-19 2025, Soda Aquatic Center, Moraga CA; timed finals; swim day within meet unknown; place 8; same name in 2 meets with different team listings; treated as one person, verify when splits arrive"
S009,2026_PC_SC_SENIOR_OPEN,Pacific Swimming SC Senior Open,2025-10-18,,M,200 FR,SCY,timed_final,,1:41.80,,,,,"SwimCloud event page saved to PDF 2026-08-31, https://www.swimcloud.com/results/358817/event/16/ (no splits, ages or seed times published there)",invitational,"dates Oct 18-19 2025, Soda Aquatic Center, Moraga CA; timed finals; swim day within meet unknown; place 9"
S010,2026_PC_SC_SENIOR_OPEN,Pacific Swimming SC Senior Open,2025-10-18,,M,200 FR,SCY,timed_final,,1:41.93,,,,,"SwimCloud event page saved to PDF 2026-08-31, https://www.swimcloud.com/results/358817/event/16/ (no splits, ages or seed times published there)",invitational,"dates Oct 18-19 2025, Soda Aquatic Center, Moraga CA; timed finals; swim day within meet unknown; place 10"
S011,2026_PC_SC_SENIOR_OPEN,Pacific Swimming SC Senior Open,2025-10-18,,M,200 FR,SCY,timed_final,,1:42.49,,,,,"SwimCloud event page saved to PDF 2026-08-31, https://www.swimcloud.com/results/358817/event/16/ (no splits, ages or seed times published there)",invitational,"dates Oct 18-19 2025, Soda Aquatic Center, Moraga CA; timed finals; swim day within meet unknown; place 11"
S012,2026_PC_SC_SENIOR_OPEN,Pacific Swimming SC Senior Open,2025-10-18,,M,200 FR,SCY,timed_final,,1:42.73,,,,,"SwimCloud event page saved to PDF 2026-08-31, https://www.swimcloud.com/results/358817/event/16/ (no splits, ages or seed times published there)",invitational,"dates Oct 18-19 2025, Soda Aquatic Center, Moraga CA; timed finals; swim day within meet unknown; place 12"
S013,2026_PC_SC_SENIOR_OPEN,Pacific Swimming SC Senior Open,2025-10-18,,M,200 FR,SCY,timed_final,,1:42.94,,,,,"SwimCloud event page saved to PDF 2026-08-31, https://www.swimcloud.com/results/358817/event/16/ (no splits, ages or seed times published there)",invitational,"dates Oct 18-19 2025, Soda Aquatic Center, Moraga CA; timed finals; swim day within meet unknown; place 13"
S014,2026_PC_SC_SENIOR_OPEN,Pacific Swimming SC Senior Open,2025-10-18,,M,200 FR,SCY,timed_final,,1:42.95,,,,,"SwimCloud event page saved to PDF 2026-08-31, https://www.swimcloud.com/results/358817/event/16/ (no splits, ages or seed times published there)",invitational,"dates Oct 18-19 2025, Soda Aquatic Center, Moraga CA; timed finals; swim day within meet unknown; place 14"
S015,2026_PC_SC_SENIOR_OPEN,Pacific Swimming SC Senior Open,2025-10-18,,M,200 FR,SCY,timed_final,,1:43.00,,,,,"SwimCloud event page saved to PDF 2026-08-31, https://www.swimcloud.com/results/358817/event/16/ (no splits, ages or seed times published there)",invitational,"dates Oct 18-19 2025, Soda Aquatic Center, Moraga CA; timed finals; swim day within meet unknown; place 15"
S016,2026_PC_SC_SENIOR_OPEN,Pacific Swimming SC Senior Open,2025-10-18,,M,200 FR,SCY,timed_final,,1:43.51,,,,,"SwimCloud event page saved to PDF 2026-08-31, https://www.swimcloud.com/results/358817/event/16/ (no splits, ages or seed times published there)",invitational,"dates Oct 18-19 2025, Soda Aquatic Center, Moraga CA; timed finals; swim day within meet unknown; place 16"
S017,2026_PC_SC_SENIOR_OPEN,Pacific Swimming SC Senior Open,2025-10-18,,M,200 FR,SCY,timed_final,,1:43.65,,,,,"SwimCloud event page saved to PDF 2026-08-31, https://www.swimcloud.com/results/358817/event/16/ (no splits, ages or seed times published there)",invitational,"dates Oct 18-19 2025, Soda Aquatic Center, Moraga CA; timed finals; swim day within meet unknown; place 17"
S018,2026_PC_SC_SENIOR_OPEN,Pacific Swimming SC Senior Open,2025-10-18,,M,200 FR,SCY,timed_final,,1:43.77,,,,,"SwimCloud event page saved to PDF 2026-08-31, https://www.swimcloud.com/results/358817/event/16/ (no splits, ages or seed times published there)",invitational,"dates Oct 18-19 2025, Soda Aquatic Center, Moraga CA; timed finals; swim day within meet unknown; place 18"
S019,2026_PC_SC_SENIOR_OPEN,Pacific Swimming SC Senior Open,2025-10-18,,M,200 FR,SCY,timed_final,,1:43.85,,,,,"SwimCloud event page saved to PDF 2026-08-31, https://www.swimcloud.com/results/358817/event/16/ (no splits, ages or seed times published there)",invitational,"dates Oct 18-19 2025, Soda Aquatic Center, Moraga CA; timed finals; swim day within meet unknown; place 19"
S020,2026_PC_SC_SENIOR_OPEN,Pacific Swimming SC Senior Open,2025-10-18,,M,200 FR,SCY,timed_final,,1:43.92,,,,,"SwimCloud event page saved to PDF 2026-08-31, https://www.swimcloud.com/results/358817/event/16/ (no splits, ages or seed times published there)",invitational,"dates Oct 18-19 2025, Soda Aquatic Center, Moraga CA; timed finals; swim day within meet unknown; place 20"
S021,2026_PC_SC_SENIOR_OPEN,Pacific Swimming SC Senior Open,2025-10-18,,M,200 FR,SCY,timed_final,,1:44.80,,,,,"SwimCloud event page saved to PDF 2026-08-31, https://www.swimcloud.com/results/358817/event/16/ (no splits, ages or seed times published there)",invitational,"dates Oct 18-19 2025, Soda Aquatic Center, Moraga CA; timed finals; swim day within meet unknown; place 22"
S022,2026_PC_SC_SENIOR_OPEN,Pacific Swimming SC Senior Open,2025-10-18,,M,200 FR,SCY,timed_final,,1:44.87,,,,,"SwimCloud event page saved to PDF 2026-08-31, https://www.swimcloud.com/results/358817/event/16/ (no splits, ages or seed times published there)",invitational,"dates Oct 18-19 2025, Soda Aquatic Center, Moraga CA; timed finals; swim day within meet unknown; place 23"
S023,2026_PC_SC_SENIOR_OPEN,Pacific Swimming SC Senior Open,2025-10-18,,M,200 FR,SCY,timed_final,,1:45.16,,,,,"SwimCloud event page saved to PDF 2026-08-31, https://www.swimcloud.com/results/358817/event/16/ (no splits, ages or seed times published there)",invitational,"dates Oct 18-19 2025, Soda Aquatic Center, Moraga CA; timed finals; swim day within meet unknown; place 24"
S024,2026_PC_SC_SENIOR_OPEN,Pacific Swimming SC Senior Open,2025-10-18,,M,200 FR,SCY,timed_final,,1:45.34,,,,,"SwimCloud event page saved to PDF 2026-08-31, https://www.swimcloud.com/results/358817/event/16/ (no splits, ages or seed times published there)",invitational,"dates Oct 18-19 2025, Soda Aquatic Center, Moraga CA; timed finals; swim day within meet unknown; place 25"
S025,2026_PC_SC_SENIOR_OPEN,Pacific Swimming SC Senior Open,2025-10-18,,M,200 FR,SCY,timed_final,,1:45.40,,,,,"SwimCloud event page saved to PDF 2026-08-31, https://www.swimcloud.com/results/358817/event/16/ (no splits, ages or seed times published there)",invitational,"dates Oct 18-19 2025, Soda Aquatic Center, Moraga CA; timed finals; swim day within meet unknown; place 26"
S026,2026_PC_SC_SENIOR_OPEN,Pacific Swimming SC Senior Open,2025-10-18,,M,200 FR,SCY,timed_final,,1:45.70,,,,,"SwimCloud event page saved to PDF 2026-08-31, https://www.swimcloud.com/results/358817/event/16/ (no splits, ages or seed times published there)",invitational,"dates Oct 18-19 2025, Soda Aquatic Center, Moraga CA; timed finals; swim day within meet unknown; place 27"
S027,2026_PC_SC_SENIOR_OPEN,Pacific Swimming SC Senior Open,2025-10-18,,M,200 FR,SCY,timed_final,,1:45.79,,,,,"SwimCloud event page saved to PDF 2026-08-31, https://www.swimcloud.com/results/358817/event/16/ (no splits, ages or seed times published there)",invitational,"dates Oct 18-19 2025, Soda Aquatic Center, Moraga CA; timed finals; swim day within meet unknown; place 28"
S028,2026_PC_SC_SENIOR_OPEN,Pacific Swimming SC Senior Open,2025-10-18,,M,200 FR,SCY,timed_final,,1:45.84,,,,,"SwimCloud event page saved to PDF 2026-08-31, https://www.swimcloud.com/results/358817/event/16/ (no splits, ages or seed times published there)",invitational,"dates Oct 18-19 2025, Soda Aquatic Center, Moraga CA; timed finals; swim day within meet unknown; place 29"
S029,2026_PC_SC_SENIOR_OPEN,Pacific Swimming SC Senior Open,2025-10-18,,M,200 FR,SCY,timed_final,,1:46.07,,,,,"SwimCloud event page saved to PDF 2026-08-31, https://www.swimcloud.com/results/358817/event/16/ (no splits, ages or seed times published there)",invitational,"dates Oct 18-19 2025, Soda Aquatic Center, Moraga CA; timed finals; swim day within meet unknown; place 30"
S030,2026_PC_SC_SENIOR_OPEN,Pacific Swimming SC Senior Open,2025-10-18,,M,200 FR,SCY,timed_final,,1:46.21,,,,,"SwimCloud event page saved to PDF 2026-08-31, https://www.swimcloud.com/results/358817/event/16/ (no splits, ages or seed times published there)",invitational,"dates Oct 18-19 2025, Soda Aquatic Center, Moraga CA; timed finals; swim day within meet unknown; place 31"
S031,2026_PC_SC_SENIOR_OPEN,Pacific Swimming SC Senior Open,2025-10-18,,M,200 FR,SCY,timed_final,,1:46.22,,,,,"SwimCloud event page saved to PDF 2026-08-31, https://www.swimcloud.com/results/358817/event/16/ (no splits, ages or seed times published there)",invitational,"dates Oct 18-19 2025, Soda Aquatic Center, Moraga CA; timed finals; swim day within meet unknown; place 32"
S032,2026_PC_SC_SENIOR_OPEN,Pacific Swimming SC Senior Open,2025-10-18,,M,200 FR,SCY,timed_final,,1:46.41,,,,,"SwimCloud event page saved to PDF 2026-08-31, https://www.swimcloud.com/results/358817/event/16/ (no splits, ages or seed times published there)",invitational,"dates Oct 18-19 2025, Soda Aquatic Center, Moraga CA; timed finals; swim day within meet unknown; place 33"
S033,2026_PC_SC_SENIOR_OPEN,Pacific Swimming SC Senior Open,2025-10-18,,M,200 FR,SCY,timed_final,,1:46.56,,,,,"SwimCloud event page saved to PDF 2026-08-31, https://www.swimcloud.com/results/358817/event/16/ (no splits, ages or seed times published there)",invitational,"dates Oct 18-19 2025, Soda Aquatic Center, Moraga CA; timed finals; swim day within meet unknown; place 34"
S034,2026_PC_SC_SENIOR_OPEN,Pacific Swimming SC Senior Open,2025-10-18,,M,200 FR,SCY,timed_final,,1:46.57,,,,,"SwimCloud event page saved to PDF 2026-08-31, https://www.swimcloud.com/results/358817/event/16/ (no splits, ages or seed times published there)",invitational,"dates Oct 18-19 2025, Soda Aquatic Center, Moraga CA; timed finals; swim day within meet unknown; place 35"
S035,2026_PC_SC_SENIOR_OPEN,Pacific Swimming SC Senior Open,2025-10-18,,M,200 FR,SCY,timed_final,,1:46.64,,,,,"SwimCloud event page saved to PDF 2026-08-31, https://www.swimcloud.com/results/358817/event/16/ (no splits, ages or seed times published there)",invitational,"dates Oct 18-19 2025, Soda Aquatic Center, Moraga CA; timed finals; swim day within meet unknown; place 36"
S036,2026_PC_SC_SENIOR_OPEN,Pacific Swimming SC Senior Open,2025-10-18,,M,200 FR,SCY,timed_final,,1:46.71,,,,,"SwimCloud event page saved to PDF 2026-08-31, https://www.swimcloud.com/results/358817/event/16/ (no splits, ages or seed times published there)",invitational,"dates Oct 18-19 2025, Soda Aquatic Center, Moraga CA; timed finals; swim day within meet unknown; place 37"
S037,2026_PC_SC_SENIOR_OPEN,Pacific Swimming SC Senior Open,2025-10-18,,M,200 FR,SCY,timed_final,,1:47.13,,,,,"SwimCloud event page saved to PDF 2026-08-31, https://www.swimcloud.com/results/358817/event/16/ (no splits, ages or seed times published there)",invitational,"dates Oct 18-19 2025, Soda Aquatic Center, Moraga CA; timed finals; swim day within meet unknown; place 38"
S038,2026_PC_SC_SENIOR_OPEN,Pacific Swimming SC Senior Open,2025-10-18,,M,200 FR,SCY,timed_final,,1:47.17,,,,,"SwimCloud event page saved to PDF 2026-08-31, https://www.swimcloud.com/results/358817/event/16/ (no splits, ages or seed times published there)",invitational,"dates Oct 18-19 2025, Soda Aquatic Center, Moraga CA; timed finals; swim day within meet unknown; place 39"
S039,2026_PC_SC_SENIOR_OPEN,Pacific Swimming SC Senior Open,2025-10-18,,M,200 FR,SCY,timed_final,,1:47.38,,,,,"SwimCloud event page saved to PDF 2026-08-31, https://www.swimcloud.com/results/358817/event/16/ (no splits, ages or seed times published there)",invitational,"dates Oct 18-19 2025, Soda Aquatic Center, Moraga CA; timed finals; swim day within meet unknown; place 40"
S040,2026_PC_SC_SENIOR_OPEN,Pacific Swimming SC Senior Open,2025-10-18,,M,200 FR,SCY,timed_final,,1:47.45,,,,,"SwimCloud event page saved to PDF 2026-08-31, https://www.swimcloud.com/results/358817/event/16/ (no splits, ages or seed times published there)",invitational,"dates Oct 18-19 2025, Soda Aquatic Center, Moraga CA; timed finals; swim day within meet unknown; place 41"
S041,2026_PC_SC_SENIOR_OPEN,Pacific Swimming SC Senior Open,2025-10-18,,M,200 FR,SCY,timed_final,,1:47.94,,,,,"SwimCloud event page saved to PDF 2026-08-31, https://www.swimcloud.com/results/358817/event/16/ (no splits, ages or seed times published there)",invitational,"dates Oct 18-19 2025, Soda Aquatic Center, Moraga CA; timed finals; swim day within meet unknown; place 42"
S042,2026_PC_SC_SENIOR_OPEN,Pacific Swimming SC Senior Open,2025-10-18,,M,200 FR,SCY,timed_final,,1:48.10,,,,,"SwimCloud event page saved to PDF 2026-08-31, https://www.swimcloud.com/results/358817/event/16/ (no splits, ages or seed times published there)",invitational,"dates Oct 18-19 2025, Soda Aquatic Center, Moraga CA; timed finals; swim day within meet unknown; place 43"
S043,2026_PC_SC_SENIOR_OPEN,Pacific Swimming SC Senior Open,2025-10-18,,M,200 FR,SCY,timed_final,,1:48.17,,,,,"SwimCloud event page saved to PDF 2026-08-31, https://www.swimcloud.com/results/358817/event/16/ (no splits, ages or seed times published there)",invitational,"dates Oct 18-19 2025, Soda Aquatic Center, Moraga CA; timed finals; swim day within meet unknown; place 44"
S044,2026_PC_SC_SENIOR_OPEN,Pacific Swimming SC Senior Open,2025-10-18,,M,200 FR,SCY,timed_final,,1:48.35,,,,,"SwimCloud event page saved to PDF 2026-08-31, https://www.swimcloud.com/results/358817/event/16/ (no splits, ages or seed times published there)",invitational,"dates Oct 18-19 2025, Soda Aquatic Center, Moraga CA; timed finals; swim day within meet unknown; place 45"
S045,2026_PC_SC_SENIOR_OPEN,Pacific Swimming SC Senior Open,2025-10-18,,M,200 FR,SCY,timed_final,,1:48.39,,,,,"SwimCloud event page saved to PDF 2026-08-31, https://www.swimcloud.com/results/358817/event/16/ (no splits, ages or seed times published there)",invitational,"dates Oct 18-19 2025, Soda Aquatic Center, Moraga CA; timed finals; swim day within meet unknown; place 46"
S046,2026_PC_SC_SENIOR_OPEN,Pacific Swimming SC Senior Open,2025-10-18,,M,200 FR,SCY,timed_final,,1:48.46,,,,,"SwimCloud event page saved to PDF 2026-08-31, https://www.swimcloud.com/results/358817/event/16/ (no splits, ages or seed times published there)",invitational,"dates Oct 18-19 2025, Soda Aquatic Center, Moraga CA; timed finals; swim day within meet unknown; place 47"
S047,2026_PC_SC_SENIOR_OPEN,Pacific Swimming SC Senior Open,2025-10-18,,M,200 FR,SCY,timed_final,,1:48.66,,,,,"SwimCloud event page saved to PDF 2026-08-31, https://www.swimcloud.com/results/358817/event/16/ (no splits, ages or seed times published there)",invitational,"dates Oct 18-19 2025, Soda Aquatic Center, Moraga CA; timed finals; swim day within meet unknown; place 48"
S048,2026_PC_SC_SENIOR_OPEN,Pacific Swimming SC Senior Open,2025-10-18,,M,200 FR,SCY,timed_final,,1:48.94,,,,,"SwimCloud event page saved to PDF 2026-08-31, https://www.swimcloud.com/results/358817/event/16/ (no splits, ages or seed times published there)",invitational,"dates Oct 18-19 2025, Soda Aquatic Center, Moraga CA; timed finals; swim day within meet unknown; place 49"
S049,2026_PC_SC_SENIOR_OPEN,Pacific Swimming SC Senior Open,2025-10-18,,M,200 FR,SCY,timed_final,,1:49.26,,,,,"SwimCloud event page saved to PDF 2026-08-31, https://www.swimcloud.com/results/358817/event/16/ (no splits, ages or seed times published there)",invitational,"dates Oct 18-19 2025, Soda Aquatic Center, Moraga CA; timed finals; swim day within meet unknown; place 50"
S050,2026_PC_SC_SENIOR_OPEN,Pacific Swimming SC Senior Open,2025-10-18,,M,200 FR,SCY,timed_final,,1:49.39,,,,,"SwimCloud event page saved to PDF 2026-08-31, https://www.swimcloud.com/results/358817/event/16/ (no splits, ages or seed times published there)",invitational,"dates Oct 18-19 2025, Soda Aquatic Center, Moraga CA; timed finals; swim day within meet unknown; place 51"
S051,2026_PC_SC_SENIOR_OPEN,Pacific Swimming SC Senior Open,2025-10-18,,M,200 FR,SCY,timed_final,,1:49.55,,,,,"SwimCloud event page saved to PDF 2026-08-31, https://www.swimcloud.com/results/358817/event/16/ (no splits, ages or seed times published there)",invitational,"dates Oct 18-19 2025, Soda Aquatic Center, Moraga CA; timed finals; swim day within meet unknown; place 52"
S052,2026_PC_SC_SENIOR_OPEN,Pacific Swimming SC Senior Open,2025-10-18,,M,200 FR,SCY,timed_final,,1:49.94,,,,,"SwimCloud event page saved to PDF 2026-08-31, https://www.swimcloud.com/results/358817/event/16/ (no splits, ages or seed times published there)",invitational,"dates Oct 18-19 2025, Soda Aquatic Center, Moraga CA; timed finals; swim day within meet unknown; place 53"
S053,2026_PC_SC_SENIOR_OPEN,Pacific Swimming SC Senior Open,2025-10-18,,M,200 FR,SCY,timed_final,,1:49.99,,,,,"SwimCloud event page saved to PDF 2026-08-31, https://www.swimcloud.com/results/358817/event/16/ (no splits, ages or seed times published there)",invitational,"dates Oct 18-19 2025, Soda Aquatic Center, Moraga CA; timed finals; swim day within meet unknown; place 54"
S054,2026_PC_SC_SENIOR_OPEN,Pacific Swimming SC Senior Open,2025-10-18,,M,200 FR,SCY,timed_final,,1:50.08,,,,,"SwimCloud event page saved to PDF 2026-08-31, https://www.swimcloud.com/results/358817/event/16/ (no splits, ages or seed times published there)",invitational,"dates Oct 18-19 2025, Soda Aquatic Center, Moraga CA; timed finals; swim day within meet unknown; place 55"
S055,2026_PC_SC_SENIOR_OPEN,Pacific Swimming SC Senior Open,2025-10-18,,M,200 FR,SCY,timed_final,,1:50.23,,,,,"SwimCloud event page saved to PDF 2026-08-31, https://www.swimcloud.com/results/358817/event/16/ (no splits, ages or seed times published there)",invitational,"dates Oct 18-19 2025, Soda Aquatic Center, Moraga CA; timed finals; swim day within meet unknown; place 56"
S056,2026_PC_SC_SENIOR_OPEN,Pacific Swimming SC Senior Open,2025-10-18,,M,200 FR,SCY,timed_final,,1:50.46,,,,,"SwimCloud event page saved to PDF 2026-08-31, https://www.swimcloud.com/results/358817/event/16/ (no splits, ages or seed times published there)",invitational,"dates Oct 18-19 2025, Soda Aquatic Center, Moraga CA; timed finals; swim day within meet unknown; place 57"
S057,2026_PC_SC_SENIOR_OPEN,Pacific Swimming SC Senior Open,2025-10-18,,M,200 FR,SCY,timed_final,,1:50.89,,,,,"SwimCloud event page saved to PDF 2026-08-31, https://www.swimcloud.com/results/358817/event/16/ (no splits, ages or seed times published there)",invitational,"dates Oct 18-19 2025, Soda Aquatic Center, Moraga CA; timed finals; swim day within meet unknown; place 58"
S058,2026_PC_SC_SENIOR_OPEN,Pacific Swimming SC Senior Open,2025-10-18,,M,200 FR,SCY,timed_final,,1:50.94,,,,,"SwimCloud event page saved to PDF 2026-08-31, https://www.swimcloud.com/results/358817/event/16/ (no splits, ages or seed times published there)",invitational,"dates Oct 18-19 2025, Soda Aquatic Center, Moraga CA; timed finals; swim day within meet unknown; place 59"
S059,2026_PC_SC_SENIOR_OPEN,Pacific Swimming SC Senior Open,2025-10-18,,M,200 FR,SCY,timed_final,,1:50.99,,,,,"SwimCloud event page saved to PDF 2026-08-31, https://www.swimcloud.com/results/358817/event/16/ (no splits, ages or seed times published there)",invitational,"dates Oct 18-19 2025, Soda Aquatic Center, Moraga CA; timed finals; swim day within meet unknown; place 60"
S060,2026_PC_SC_SENIOR_OPEN,Pacific Swimming SC Senior Open,2025-10-18,,M,200 FR,SCY,timed_final,,1:51.10,,,,,"SwimCloud event page saved to PDF 2026-08-31, https://www.swimcloud.com/results/358817/event/16/ (no splits, ages or seed times published there)",invitational,"dates Oct 18-19 2025, Soda Aquatic Center, Moraga CA; timed finals; swim day within meet unknown; place 61; same name in 2 meets with different team listings; treated as one person, verify when splits arrive"
S061,2026_PC_SC_SENIOR_OPEN,Pacific Swimming SC Senior Open,2025-10-18,,M,200 FR,SCY,timed_final,,1:51.14,,,,,"SwimCloud event page saved to PDF 2026-08-31, https://www.swimcloud.com/results/358817/event/16/ (no splits, ages or seed times published there)",invitational,"dates Oct 18-19 2025, Soda Aquatic Center, Moraga CA; timed finals; swim day within meet unknown; place 62"
S062,2026_PC_SC_SENIOR_OPEN,Pacific Swimming SC Senior Open,2025-10-18,,M,200 FR,SCY,timed_final,,1:51.35,,,,,"SwimCloud event page saved to PDF 2026-08-31, https://www.swimcloud.com/results/358817/event/16/ (no splits, ages or seed times published there)",invitational,"dates Oct 18-19 2025, Soda Aquatic Center, Moraga CA; timed finals; swim day within meet unknown; place 63"
S063,2026_PC_SC_SENIOR_OPEN,Pacific Swimming SC Senior Open,2025-10-18,,M,200 FR,SCY,timed_final,,1:51.38,,,,,"SwimCloud event page saved to PDF 2026-08-31, https://www.swimcloud.com/results/358817/event/16/ (no splits, ages or seed times published there)",invitational,"dates Oct 18-19 2025, Soda Aquatic Center, Moraga CA; timed finals; swim day within meet unknown; place 64"
S064,2026_PC_SC_SENIOR_OPEN,Pacific Swimming SC Senior Open,2025-10-18,,M,200 FR,SCY,timed_final,,1:51.55,,,,,"SwimCloud event page saved to PDF 2026-08-31, https://www.swimcloud.com/results/358817/event/16/ (no splits, ages or seed times published there)",invitational,"dates Oct 18-19 2025, Soda Aquatic Center, Moraga CA; timed finals; swim day within meet unknown; place 65"
S065,2026_PC_SC_SENIOR_OPEN,Pacific Swimming SC Senior Open,2025-10-18,,M,200 FR,SCY,timed_final,,1:51.72,,,,,"SwimCloud event page saved to PDF 2026-08-31, https://www.swimcloud.com/results/358817/event/16/ (no splits, ages or seed times published there)",invitational,"dates Oct 18-19 2025, Soda Aquatic Center, Moraga CA; timed finals; swim day within meet unknown; place 66"
S066,2026_PC_SC_SENIOR_OPEN,Pacific Swimming SC Senior Open,2025-10-18,,M,200 FR,SCY,timed_final,,1:51.77,,,,,"SwimCloud event page saved to PDF 2026-08-31, https://www.swimcloud.com/results/358817/event/16/ (no splits, ages or seed times published there)",invitational,"dates Oct 18-19 2025, Soda Aquatic Center, Moraga CA; timed finals; swim day within meet unknown; place 67"
S067,2026_PC_SC_SENIOR_OPEN,Pacific Swimming SC Senior Open,2025-10-18,,M,200 FR,SCY,timed_final,,1:51.79,,,,,"SwimCloud event page saved to PDF 2026-08-31, https://www.swimcloud.com/results/358817/event/16/ (no splits, ages or seed times published there)",invitational,"dates Oct 18-19 2025, Soda Aquatic Center, Moraga CA; timed finals; swim day within meet unknown; place 68"
S068,2026_PC_SC_SENIOR_OPEN,Pacific Swimming SC Senior Open,2025-10-18,,M,200 FR,SCY,timed_final,,1:52.04,,,,,"SwimCloud event page saved to PDF 2026-08-31, https://www.swimcloud.com/results/358817/event/16/ (no splits, ages or seed times published there)",invitational,"dates Oct 18-19 2025, Soda Aquatic Center, Moraga CA; timed finals; swim day within meet unknown; place 69"
S069,2026_PC_SC_SENIOR_OPEN,Pacific Swimming SC Senior Open,2025-10-18,,M,200 FR,SCY,timed_final,,1:52.07,,,,,"SwimCloud event page saved to PDF 2026-08-31, https://www.swimcloud.com/results/358817/event/16/ (no splits, ages or seed times published there)",invitational,"dates Oct 18-19 2025, Soda Aquatic Center, Moraga CA; timed finals; swim day within meet unknown; place 70"
S070,2026_PC_SC_SENIOR_OPEN,Pacific Swimming SC Senior Open,2025-10-18,,M,200 FR,SCY,timed_final,,1:52.13,,,,,"SwimCloud event page saved to PDF 2026-08-31, https://www.swimcloud.com/results/358817/event/16/ (no splits, ages or seed times published there)",invitational,"dates Oct 18-19 2025, Soda Aquatic Center, Moraga CA; timed finals; swim day within meet unknown; place 71"
S071,2026_PC_SC_SENIOR_OPEN,Pacific Swimming SC Senior Open,2025-10-18,,M,200 FR,SCY,timed_final,,1:52.17,,,,,"SwimCloud event page saved to PDF 2026-08-31, https://www.swimcloud.com/results/358817/event/16/ (no splits, ages or seed times published there)",invitational,"dates Oct 18-19 2025, Soda Aquatic Center, Moraga CA; timed finals; swim day within meet unknown; place 72"
S072,2026_PC_SC_SENIOR_OPEN,Pacific Swimming SC Senior Open,2025-10-18,,M,200 FR,SCY,timed_final,,1:52.43,,,,,"SwimCloud event page saved to PDF 2026-08-31, https://www.swimcloud.com/results/358817/event/16/ (no splits, ages or seed times published there)",invitational,"dates Oct 18-19 2025, Soda Aquatic Center, Moraga CA; timed finals; swim day within meet unknown; place 73"
S073,2026_PC_SC_SENIOR_OPEN,Pacific Swimming SC Senior Open,2025-10-18,,M,200 FR,SCY,timed_final,,1:52.70,,,,,"SwimCloud event page saved to PDF 2026-08-31, https://www.swimcloud.com/results/358817/event/16/ (no splits, ages or seed times published there)",invitational,"dates Oct 18-19 2025, Soda Aquatic Center, Moraga CA; timed finals; swim day within meet unknown; place 74"
S074,2026_PC_SC_SENIOR_OPEN,Pacific Swimming SC Senior Open,2025-10-18,,M,200 FR,SCY,timed_final,,1:52.89,,,,,"SwimCloud event page saved to PDF 2026-08-31, https://www.swimcloud.com/results/358817/event/16/ (no splits, ages or seed times published there)",invitational,"dates Oct 18-19 2025, Soda Aquatic Center, Moraga CA; timed finals; swim day within meet unknown; place 75"
S075,2026_PC_SC_SENIOR_OPEN,Pacific Swimming SC Senior Open,2025-10-18,,M,200 FR,SCY,timed_final,,1:53.04,,,,,"SwimCloud event page saved to PDF 2026-08-31, https://www.swimcloud.com/results/358817/event/16/ (no splits, ages or seed times published there)",invitational,"dates Oct 18-19 2025, Soda Aquatic Center, Moraga CA; timed finals; swim day within meet unknown; place 76"
S076,2026_PC_SC_SENIOR_OPEN,Pacific Swimming SC Senior Open,2025-10-18,,M,200 FR,SCY,timed_final,,1:53.10,,,,,"SwimCloud event page saved to PDF 2026-08-31, https://www.swimcloud.com/results/358817/event/16/ (no splits, ages or seed times published there)",invitational,"dates Oct 18-19 2025, Soda Aquatic Center, Moraga CA; timed finals; swim day within meet unknown; place 77"
S077,2026_PC_SC_SENIOR_OPEN,Pacific Swimming SC Senior Open,2025-10-18,,M,200 FR,SCY,timed_final,,1:53.26,,,,,"SwimCloud event page saved to PDF 2026-08-31, https://www.swimcloud.com/results/358817/event/16/ (no splits, ages or seed times published there)",invitational,"dates Oct 18-19 2025, Soda Aquatic Center, Moraga CA; timed finals; swim day within meet unknown; place 78"
S078,2026_PC_SC_SENIOR_OPEN,Pacific Swimming SC Senior Open,2025-10-18,,M,200 FR,SCY,timed_final,,1:53.43,,,,,"SwimCloud event page saved to PDF 2026-08-31, https://www.swimcloud.com/results/358817/event/16/ (no splits, ages or seed times published there)",invitational,"dates Oct 18-19 2025, Soda Aquatic Center, Moraga CA; timed finals; swim day within meet unknown; place 79"
S079,2026_PC_SC_SENIOR_OPEN,Pacific Swimming SC Senior Open,2025-10-18,,M,200 FR,SCY,timed_final,,1:53.60,,,,,"SwimCloud event page saved to PDF 2026-08-31, https://www.swimcloud.com/results/358817/event/16/ (no splits, ages or seed times published there)",invitational,"dates Oct 18-19 2025, Soda Aquatic Center, Moraga CA; timed finals; swim day within meet unknown; place 80"
S080,2026_PC_SC_SENIOR_OPEN,Pacific Swimming SC Senior Open,2025-10-18,,M,200 FR,SCY,timed_final,,1:53.97,,,,,"SwimCloud event page saved to PDF 2026-08-31, https://www.swimcloud.com/results/358817/event/16/ (no splits, ages or seed times published there)",invitational,"dates Oct 18-19 2025, Soda Aquatic Center, Moraga CA; timed finals; swim day within meet unknown; place 81"
S081,2026_PC_SC_SENIOR_OPEN,Pacific Swimming SC Senior Open,2025-10-18,,M,200 FR,SCY,timed_final,,1:54.04,,,,,"SwimCloud event page saved to PDF 2026-08-31, https://www.swimcloud.com/results/358817/event/16/ (no splits, ages or seed times published there)",invitational,"dates Oct 18-19 2025, Soda Aquatic Center, Moraga CA; timed finals; swim day within meet unknown; place 82"
S082,2026_PC_SC_SENIOR_OPEN,Pacific Swimming SC Senior Open,2025-10-18,,M,200 FR,SCY,timed_final,,1:54.08,,,,,"SwimCloud event page saved to PDF 2026-08-31, https://www.swimcloud.com/results/358817/event/16/ (no splits, ages or seed times published there)",invitational,"dates Oct 18-19 2025, Soda Aquatic Center, Moraga CA; timed finals; swim day within meet unknown; place 83"
S083,2026_PC_SC_SENIOR_OPEN,Pacific Swimming SC Senior Open,2025-10-18,,M,200 FR,SCY,timed_final,,1:54.25,,,,,"SwimCloud event page saved to PDF 2026-08-31, https://www.swimcloud.com/results/358817/event/16/ (no splits, ages or seed times published there)",invitational,"dates Oct 18-19 2025, Soda Aquatic Center, Moraga CA; timed finals; swim day within meet unknown; place 84"
S084,2026_PC_SC_SENIOR_OPEN,Pacific Swimming SC Senior Open,2025-10-18,,M,200 FR,SCY,timed_final,,1:54.30,,,,,"SwimCloud event page saved to PDF 2026-08-31, https://www.swimcloud.com/results/358817/event/16/ (no splits, ages or seed times published there)",invitational,"dates Oct 18-19 2025, Soda Aquatic Center, Moraga CA; timed finals; swim day within meet unknown; place 85; same name in 2 meets with different team listings; treated as one person, verify when splits arrive"
S085,2026_PC_SC_SENIOR_OPEN,Pacific Swimming SC Senior Open,2025-10-18,,M,200 FR,SCY,timed_final,,1:54.37,,,,,"SwimCloud event page saved to PDF 2026-08-31, https://www.swimcloud.com/results/358817/event/16/ (no splits, ages or seed times published there)",invitational,"dates Oct 18-19 2025, Soda Aquatic Center, Moraga CA; timed finals; swim day within meet unknown; place 86"
S086,2026_PC_SC_SENIOR_OPEN,Pacific Swimming SC Senior Open,2025-10-18,,M,200 FR,SCY,timed_final,,1:54.40,,,,,"SwimCloud event page saved to PDF 2026-08-31, https://www.swimcloud.com/results/358817/event/16/ (no splits, ages or seed times published there)",invitational,"dates Oct 18-19 2025, Soda Aquatic Center, Moraga CA; timed finals; swim day within meet unknown; place 87"
S087,2026_PC_SC_SENIOR_OPEN,Pacific Swimming SC Senior Open,2025-10-18,,M,200 FR,SCY,timed_final,,1:54.46,,,,,"SwimCloud event page saved to PDF 2026-08-31, https://www.swimcloud.com/results/358817/event/16/ (no splits, ages or seed times published there)",invitational,"dates Oct 18-19 2025, Soda Aquatic Center, Moraga CA; timed finals; swim day within meet unknown; place 88"
S088,2026_PC_SC_SENIOR_OPEN,Pacific Swimming SC Senior Open,2025-10-18,,M,200 FR,SCY,timed_final,,1:54.62,,,,,"SwimCloud event page saved to PDF 2026-08-31, https://www.swimcloud.com/results/358817/event/16/ (no splits, ages or seed times published there)",invitational,"dates Oct 18-19 2025, Soda Aquatic Center, Moraga CA; timed finals; swim day within meet unknown; place 89"
S089,2026_PC_SC_SENIOR_OPEN,Pacific Swimming SC Senior Open,2025-10-18,,M,200 FR,SCY,timed_final,,1:54.71,,,,,"SwimCloud event page saved to PDF 2026-08-31, https://www.swimcloud.com/results/358817/event/16/ (no splits, ages or seed times published there)",invitational,"dates Oct 18-19 2025, Soda Aquatic Center, Moraga CA; timed finals; swim day within meet unknown; place 90"
S090,2026_PC_SC_SENIOR_OPEN,Pacific Swimming SC Senior Open,2025-10-18,,M,200 FR,SCY,timed_final,,1:54.93,,,,,"SwimCloud event page saved to PDF 2026-08-31, https://www.swimcloud.com/results/358817/event/16/ (no splits, ages or seed times published there)",invitational,"dates Oct 18-19 2025, Soda Aquatic Center, Moraga CA; timed finals; swim day within meet unknown; place 91"
S091,2026_PC_SC_SENIOR_OPEN,Pacific Swimming SC Senior Open,2025-10-18,,M,200 FR,SCY,timed_final,,1:55.02,,,,,"SwimCloud event page saved to PDF 2026-08-31, https://www.swimcloud.com/results/358817/event/16/ (no splits, ages or seed times published there)",invitational,"dates Oct 18-19 2025, Soda Aquatic Center, Moraga CA; timed finals; swim day within meet unknown; place 92"
S092,2026_PC_SC_SENIOR_OPEN,Pacific Swimming SC Senior Open,2025-10-18,,M,200 FR,SCY,timed_final,,1:55.17,,,,,"SwimCloud event page saved to PDF 2026-08-31, https://www.swimcloud.com/results/358817/event/16/ (no splits, ages or seed times published there)",invitational,"dates Oct 18-19 2025, Soda Aquatic Center, Moraga CA; timed finals; swim day within meet unknown; place 93"
S093,2026_PC_SC_SENIOR_OPEN,Pacific Swimming SC Senior Open,2025-10-18,,M,200 FR,SCY,timed_final,,1:55.22,,,,,"SwimCloud event page saved to PDF 2026-08-31, https://www.swimcloud.com/results/358817/event/16/ (no splits, ages or seed times published there)",invitational,"dates Oct 18-19 2025, Soda Aquatic Center, Moraga CA; timed finals; swim day within meet unknown; place 94"
S094,2026_PC_SC_SENIOR_OPEN,Pacific Swimming SC Senior Open,2025-10-18,,M,200 FR,SCY,timed_final,,1:55.28,,,,,"SwimCloud event page saved to PDF 2026-08-31, https://www.swimcloud.com/results/358817/event/16/ (no splits, ages or seed times published there)",invitational,"dates Oct 18-19 2025, Soda Aquatic Center, Moraga CA; timed finals; swim day within meet unknown; place 95"
S095,2026_PC_SC_SENIOR_OPEN,Pacific Swimming SC Senior Open,2025-10-18,,M,200 FR,SCY,timed_final,,1:55.37,,,,,"SwimCloud event page saved to PDF 2026-08-31, https://www.swimcloud.com/results/358817/event/16/ (no splits, ages or seed times published there)",invitational,"dates Oct 18-19 2025, Soda Aquatic Center, Moraga CA; timed finals; swim day within meet unknown; place 96"
S096,2026_PC_SC_SENIOR_OPEN,Pacific Swimming SC Senior Open,2025-10-18,,M,200 FR,SCY,timed_final,,1:55.41,,,,,"SwimCloud event page saved to PDF 2026-08-31, https://www.swimcloud.com/results/358817/event/16/ (no splits, ages or seed times published there)",invitational,"dates Oct 18-19 2025, Soda Aquatic Center, Moraga CA; timed finals; swim day within meet unknown; place 97"
S097,2026_PC_SC_SENIOR_OPEN,Pacific Swimming SC Senior Open,2025-10-18,,M,200 FR,SCY,timed_final,,1:55.72,,,,,"SwimCloud event page saved to PDF 2026-08-31, https://www.swimcloud.com/results/358817/event/16/ (no splits, ages or seed times published there)",invitational,"dates Oct 18-19 2025, Soda Aquatic Center, Moraga CA; timed finals; swim day within meet unknown; place 98"
S098,2026_PC_SC_SENIOR_OPEN,Pacific Swimming SC Senior Open,2025-10-18,,M,200 FR,SCY,timed_final,,1:55.80,,,,,"SwimCloud event page saved to PDF 2026-08-31, https://www.swimcloud.com/results/358817/event/16/ (no splits, ages or seed times published there)",invitational,"dates Oct 18-19 2025, Soda Aquatic Center, Moraga CA; timed finals; swim day within meet unknown; place 99"
S099,2026_PC_SC_SENIOR_OPEN,Pacific Swimming SC Senior Open,2025-10-18,,M,200 FR,SCY,timed_final,,1:55.82,,,,,"SwimCloud event page saved to PDF 2026-08-31, https://www.swimcloud.com/results/358817/event/16/ (no splits, ages or seed times published there)",invitational,"dates Oct 18-19 2025, Soda Aquatic Center, Moraga CA; timed finals; swim day within meet unknown; place 100"
S100,2026_PC_SC_SENIOR_OPEN,Pacific Swimming SC Senior Open,2025-10-18,,M,200 FR,SCY,timed_final,,1:55.83,,,,,"SwimCloud event page saved to PDF 2026-08-31, https://www.swimcloud.com/results/358817/event/16/ (no splits, ages or seed times published there)",invitational,"dates Oct 18-19 2025, Soda Aquatic Center, Moraga CA; timed finals; swim day within meet unknown; place 101"
S101,2026_PC_SC_SENIOR_OPEN,Pacific Swimming SC Senior Open,2025-10-18,,M,200 FR,SCY,timed_final,,1:55.98,,,,,"SwimCloud event page saved to PDF 2026-08-31, https://www.swimcloud.com/results/358817/event/16/ (no splits, ages or seed times published there)",invitational,"dates Oct 18-19 2025, Soda Aquatic Center, Moraga CA; timed finals; swim day within meet unknown; place 102"
S102,2026_PC_SC_SENIOR_OPEN,Pacific Swimming SC Senior Open,2025-10-18,,M,200 FR,SCY,timed_final,,1:55.99,,,,,"SwimCloud event page saved to PDF 2026-08-31, https://www.swimcloud.com/results/358817/event/16/ (no splits, ages or seed times published there)",invitational,"dates Oct 18-19 2025, Soda Aquatic Center, Moraga CA; timed finals; swim day within meet unknown; place 103"
S103,2026_PC_SC_SENIOR_OPEN,Pacific Swimming SC Senior Open,2025-10-18,,M,200 FR,SCY,timed_final,,1:56.04,,,,,"SwimCloud event page saved to PDF 2026-08-31, https://www.swimcloud.com/results/358817/event/16/ (no splits, ages or seed times published there)",invitational,"dates Oct 18-19 2025, Soda Aquatic Center, Moraga CA; timed finals; swim day within meet unknown; place 104"
S104,2026_PC_SC_SENIOR_OPEN,Pacific Swimming SC Senior Open,2025-10-18,,M,200 FR,SCY,timed_final,,1:56.23,,,,,"SwimCloud event page saved to PDF 2026-08-31, https://www.swimcloud.com/results/358817/event/16/ (no splits, ages or seed times published there)",invitational,"dates Oct 18-19 2025, Soda Aquatic Center, Moraga CA; timed finals; swim day within meet unknown; place 105"
S105,2026_PC_SC_SENIOR_OPEN,Pacific Swimming SC Senior Open,2025-10-18,,M,200 FR,SCY,timed_final,,1:56.47,,,,,"SwimCloud event page saved to PDF 2026-08-31, https://www.swimcloud.com/results/358817/event/16/ (no splits, ages or seed times published there)",invitational,"dates Oct 18-19 2025, Soda Aquatic Center, Moraga CA; timed finals; swim day within meet unknown; place 106"
S106,2026_PC_SC_SENIOR_OPEN,Pacific Swimming SC Senior Open,2025-10-18,,M,200 FR,SCY,timed_final,,1:56.52,,,,,"SwimCloud event page saved to PDF 2026-08-31, https://www.swimcloud.com/results/358817/event/16/ (no splits, ages or seed times published there)",invitational,"dates Oct 18-19 2025, Soda Aquatic Center, Moraga CA; timed finals; swim day within meet unknown; place 107"
S107,2026_PC_SC_SENIOR_OPEN,Pacific Swimming SC Senior Open,2025-10-18,,M,200 FR,SCY,timed_final,,1:56.87,,,,,"SwimCloud event page saved to PDF 2026-08-31, https://www.swimcloud.com/results/358817/event/16/ (no splits, ages or seed times published there)",invitational,"dates Oct 18-19 2025, Soda Aquatic Center, Moraga CA; timed finals; swim day within meet unknown; place 108"
S108,2026_PC_SC_SENIOR_OPEN,Pacific Swimming SC Senior Open,2025-10-18,,M,200 FR,SCY,timed_final,,1:56.94,,,,,"SwimCloud event page saved to PDF 2026-08-31, https://www.swimcloud.com/results/358817/event/16/ (no splits, ages or seed times published there)",invitational,"dates Oct 18-19 2025, Soda Aquatic Center, Moraga CA; timed finals; swim day within meet unknown; place 109"
S109,2026_PC_SC_SENIOR_OPEN,Pacific Swimming SC Senior Open,2025-10-18,,M,200 FR,SCY,timed_final,,1:57.12,,,,,"SwimCloud event page saved to PDF 2026-08-31, https://www.swimcloud.com/results/358817/event/16/ (no splits, ages or seed times published there)",invitational,"dates Oct 18-19 2025, Soda Aquatic Center, Moraga CA; timed finals; swim day within meet unknown; place 110"
S110,2026_PC_SC_SENIOR_OPEN,Pacific Swimming SC Senior Open,2025-10-18,,M,200 FR,SCY,timed_final,,1:57.33,,,,,"SwimCloud event page saved to PDF 2026-08-31, https://www.swimcloud.com/results/358817/event/16/ (no splits, ages or seed times published there)",invitational,"dates Oct 18-19 2025, Soda Aquatic Center, Moraga CA; timed finals; swim day within meet unknown; place 111"
S111,2026_PC_SC_SENIOR_OPEN,Pacific Swimming SC Senior Open,2025-10-18,,M,200 FR,SCY,timed_final,,1:57.35,,,,,"SwimCloud event page saved to PDF 2026-08-31, https://www.swimcloud.com/results/358817/event/16/ (no splits, ages or seed times published there)",invitational,"dates Oct 18-19 2025, Soda Aquatic Center, Moraga CA; timed finals; swim day within meet unknown; place 112"
S112,2026_PC_SC_SENIOR_OPEN,Pacific Swimming SC Senior Open,2025-10-18,,M,200 FR,SCY,timed_final,,1:57.42,,,,,"SwimCloud event page saved to PDF 2026-08-31, https://www.swimcloud.com/results/358817/event/16/ (no splits, ages or seed times published there)",invitational,"dates Oct 18-19 2025, Soda Aquatic Center, Moraga CA; timed finals; swim day within meet unknown; place 113"
S113,2026_PC_SC_SENIOR_OPEN,Pacific Swimming SC Senior Open,2025-10-18,,M,200 FR,SCY,timed_final,,1:57.46,,,,,"SwimCloud event page saved to PDF 2026-08-31, https://www.swimcloud.com/results/358817/event/16/ (no splits, ages or seed times published there)",invitational,"dates Oct 18-19 2025, Soda Aquatic Center, Moraga CA; timed finals; swim day within meet unknown; place 114"
S114,2026_PC_SC_SENIOR_OPEN,Pacific Swimming SC Senior Open,2025-10-18,,M,200 FR,SCY,timed_final,,1:57.63,,,,,"SwimCloud event page saved to PDF 2026-08-31, https://www.swimcloud.com/results/358817/event/16/ (no splits, ages or seed times published there)",invitational,"dates Oct 18-19 2025, Soda Aquatic Center, Moraga CA; timed finals; swim day within meet unknown; place 115"
S115,2026_PC_SC_SENIOR_OPEN,Pacific Swimming SC Senior Open,2025-10-18,,M,200 FR,SCY,timed_final,,1:57.92,,,,,"SwimCloud event page saved to PDF 2026-08-31, https://www.swimcloud.com/results/358817/event/16/ (no splits, ages or seed times published there)",invitational,"dates Oct 18-19 2025, Soda Aquatic Center, Moraga CA; timed finals; swim day within meet unknown; place 116"
S116,2026_PC_SC_SENIOR_OPEN,Pacific Swimming SC Senior Open,2025-10-18,,M,200 FR,SCY,timed_final,,1:58.23,,,,,"SwimCloud event page saved to PDF 2026-08-31, https://www.swimcloud.com/results/358817/event/16/ (no splits, ages or seed times published there)",invitational,"dates Oct 18-19 2025, Soda Aquatic Center, Moraga CA; timed finals; swim day within meet unknown; place 117"
S117,2026_PC_SC_SENIOR_OPEN,Pacific Swimming SC Senior Open,2025-10-18,,M,200 FR,SCY,timed_final,,1:58.25,,,,,"SwimCloud event page saved to PDF 2026-08-31, https://www.swimcloud.com/results/358817/event/16/ (no splits, ages or seed times published there)",invitational,"dates Oct 18-19 2025, Soda Aquatic Center, Moraga CA; timed finals; swim day within meet unknown; place 118"
S118,2026_PC_SC_SENIOR_OPEN,Pacific Swimming SC Senior Open,2025-10-18,,M,200 FR,SCY,timed_final,,1:58.27,,,,,"SwimCloud event page saved to PDF 2026-08-31, https://www.swimcloud.com/results/358817/event/16/ (no splits, ages or seed times published there)",invitational,"dates Oct 18-19 2025, Soda Aquatic Center, Moraga CA; timed finals; swim day within meet unknown; place 119"
S119,2026_PC_SC_SENIOR_OPEN,Pacific Swimming SC Senior Open,2025-10-18,,M,200 FR,SCY,timed_final,,1:58.42,,,,,"SwimCloud event page saved to PDF 2026-08-31, https://www.swimcloud.com/results/358817/event/16/ (no splits, ages or seed times published there)",invitational,"dates Oct 18-19 2025, Soda Aquatic Center, Moraga CA; timed finals; swim day within meet unknown; place 120"
S120,2026_PC_SC_SENIOR_OPEN,Pacific Swimming SC Senior Open,2025-10-18,,M,200 FR,SCY,timed_final,,1:58.45,,,,,"SwimCloud event page saved to PDF 2026-08-31, https://www.swimcloud.com/results/358817/event/16/ (no splits, ages or seed times published there)",invitational,"dates Oct 18-19 2025, Soda Aquatic Center, Moraga CA; timed finals; swim day within meet unknown; place 121"
S121,2026_PC_SC_SENIOR_OPEN,Pacific Swimming SC Senior Open,2025-10-18,,M,200 FR,SCY,timed_final,,1:58.60,,,,,"SwimCloud event page saved to PDF 2026-08-31, https://www.swimcloud.com/results/358817/event/16/ (no splits, ages or seed times published there)",invitational,"dates Oct 18-19 2025, Soda Aquatic Center, Moraga CA; timed finals; swim day within meet unknown; place 122"
S122,2026_PC_SC_SENIOR_OPEN,Pacific Swimming SC Senior Open,2025-10-18,,M,200 FR,SCY,timed_final,,1:58.87,,,,,"SwimCloud event page saved to PDF 2026-08-31, https://www.swimcloud.com/results/358817/event/16/ (no splits, ages or seed times published there)",invitational,"dates Oct 18-19 2025, Soda Aquatic Center, Moraga CA; timed finals; swim day within meet unknown; place 123"
S123,2026_PC_SC_SENIOR_OPEN,Pacific Swimming SC Senior Open,2025-10-18,,M,200 FR,SCY,timed_final,,1:59.04,,,,,"SwimCloud event page saved to PDF 2026-08-31, https://www.swimcloud.com/results/358817/event/16/ (no splits, ages or seed times published there)",invitational,"dates Oct 18-19 2025, Soda Aquatic Center, Moraga CA; timed finals; swim day within meet unknown; place 124"
S124,2026_PC_SC_SENIOR_OPEN,Pacific Swimming SC Senior Open,2025-10-18,,M,200 FR,SCY,timed_final,,1:59.09,,,,,"SwimCloud event page saved to PDF 2026-08-31, https://www.swimcloud.com/results/358817/event/16/ (no splits, ages or seed times published there)",invitational,"dates Oct 18-19 2025, Soda Aquatic Center, Moraga CA; timed finals; swim day within meet unknown; place 125"
S125,2026_PC_SC_SENIOR_OPEN,Pacific Swimming SC Senior Open,2025-10-18,,M,200 FR,SCY,timed_final,,1:59.30,,,,,"SwimCloud event page saved to PDF 2026-08-31, https://www.swimcloud.com/results/358817/event/16/ (no splits, ages or seed times published there)",invitational,"dates Oct 18-19 2025, Soda Aquatic Center, Moraga CA; timed finals; swim day within meet unknown; place 126"
S126,2026_PC_SC_SENIOR_OPEN,Pacific Swimming SC Senior Open,2025-10-18,,M,200 FR,SCY,timed_final,,1:59.42,,,,,"SwimCloud event page saved to PDF 2026-08-31, https://www.swimcloud.com/results/358817/event/16/ (no splits, ages or seed times published there)",invitational,"dates Oct 18-19 2025, Soda Aquatic Center, Moraga CA; timed finals; swim day within meet unknown; place 127; same name in 2 meets with different team listings; treated as one person, verify when splits arrive"
S127,2026_PC_SC_SENIOR_OPEN,Pacific Swimming SC Senior Open,2025-10-18,,M,200 FR,SCY,timed_final,,1:59.50,,,,,"SwimCloud event page saved to PDF 2026-08-31, https://www.swimcloud.com/results/358817/event/16/ (no splits, ages or seed times published there)",invitational,"dates Oct 18-19 2025, Soda Aquatic Center, Moraga CA; timed finals; swim day within meet unknown; place 128"
S128,2026_PC_SC_SENIOR_OPEN,Pacific Swimming SC Senior Open,2025-10-18,,M,200 FR,SCY,timed_final,,1:59.68,,,,,"SwimCloud event page saved to PDF 2026-08-31, https://www.swimcloud.com/results/358817/event/16/ (no splits, ages or seed times published there)",invitational,"dates Oct 18-19 2025, Soda Aquatic Center, Moraga CA; timed finals; swim day within meet unknown; place 129"
S129,2026_PC_SC_SENIOR_OPEN,Pacific Swimming SC Senior Open,2025-10-18,,M,200 FR,SCY,timed_final,,1:59.71,,,,,"SwimCloud event page saved to PDF 2026-08-31, https://www.swimcloud.com/results/358817/event/16/ (no splits, ages or seed times published there)",invitational,"dates Oct 18-19 2025, Soda Aquatic Center, Moraga CA; timed finals; swim day within meet unknown; place 130"
S130,2026_PC_SC_SENIOR_OPEN,Pacific Swimming SC Senior Open,2025-10-18,,M,200 FR,SCY,timed_final,,1:59.77,,,,,"SwimCloud event page saved to PDF 2026-08-31, https://www.swimcloud.com/results/358817/event/16/ (no splits, ages or seed times published there)",invitational,"dates Oct 18-19 2025, Soda Aquatic Center, Moraga CA; timed finals; swim day within meet unknown; place 131"
S131,2026_PC_SC_SENIOR_OPEN,Pacific Swimming SC Senior Open,2025-10-18,,M,200 FR,SCY,timed_final,,1:59.96,,,,,"SwimCloud event page saved to PDF 2026-08-31, https://www.swimcloud.com/results/358817/event/16/ (no splits, ages or seed times published there)",invitational,"dates Oct 18-19 2025, Soda Aquatic Center, Moraga CA; timed finals; swim day within meet unknown; place 132"
S132,2026_PC_SC_SENIOR_OPEN,Pacific Swimming SC Senior Open,2025-10-18,,M,200 FR,SCY,timed_final,,2:00.13,,,,,"SwimCloud event page saved to PDF 2026-08-31, https://www.swimcloud.com/results/358817/event/16/ (no splits, ages or seed times published there)",invitational,"dates Oct 18-19 2025, Soda Aquatic Center, Moraga CA; timed finals; swim day within meet unknown; place 133"
S133,2026_PC_SC_SENIOR_OPEN,Pacific Swimming SC Senior Open,2025-10-18,,M,200 FR,SCY,timed_final,,2:00.15,,,,,"SwimCloud event page saved to PDF 2026-08-31, https://www.swimcloud.com/results/358817/event/16/ (no splits, ages or seed times published there)",invitational,"dates Oct 18-19 2025, Soda Aquatic Center, Moraga CA; timed finals; swim day within meet unknown; place 134"
S134,2026_PC_SC_SENIOR_OPEN,Pacific Swimming SC Senior Open,2025-10-18,,M,200 FR,SCY,timed_final,,2:00.26,,,,,"SwimCloud event page saved to PDF 2026-08-31, https://www.swimcloud.com/results/358817/event/16/ (no splits, ages or seed times published there)",invitational,"dates Oct 18-19 2025, Soda Aquatic Center, Moraga CA; timed finals; swim day within meet unknown; place 135"
S135,2026_PC_SC_SENIOR_OPEN,Pacific Swimming SC Senior Open,2025-10-18,,M,200 FR,SCY,timed_final,,2:01.00,,,,,"SwimCloud event page saved to PDF 2026-08-31, https://www.swimcloud.com/results/358817/event/16/ (no splits, ages or seed times published there)",invitational,"dates Oct 18-19 2025, Soda Aquatic Center, Moraga CA; timed finals; swim day within meet unknown; place 136"
S136,2026_PC_SC_SENIOR_OPEN,Pacific Swimming SC Senior Open,2025-10-18,,M,200 FR,SCY,timed_final,,2:01.21,,,,,"SwimCloud event page saved to PDF 2026-08-31, https://www.swimcloud.com/results/358817/event/16/ (no splits, ages or seed times published there)",invitational,"dates Oct 18-19 2025, Soda Aquatic Center, Moraga CA; timed finals; swim day within meet unknown; place 137"
S137,2026_PC_SC_SENIOR_OPEN,Pacific Swimming SC Senior Open,2025-10-18,,M,200 FR,SCY,timed_final,,2:01.52,,,,,"SwimCloud event page saved to PDF 2026-08-31, https://www.swimcloud.com/results/358817/event/16/ (no splits, ages or seed times published there)",invitational,"dates Oct 18-19 2025, Soda Aquatic Center, Moraga CA; timed finals; swim day within meet unknown; place 138"
S138,2026_PC_SC_SENIOR_OPEN,Pacific Swimming SC Senior Open,2025-10-18,,M,200 FR,SCY,timed_final,,2:01.62,,,,,"SwimCloud event page saved to PDF 2026-08-31, https://www.swimcloud.com/results/358817/event/16/ (no splits, ages or seed times published there)",invitational,"dates Oct 18-19 2025, Soda Aquatic Center, Moraga CA; timed finals; swim day within meet unknown; place 139"
S139,2026_PC_SC_SENIOR_OPEN,Pacific Swimming SC Senior Open,2025-10-18,,M,200 FR,SCY,timed_final,,2:02.14,,,,,"SwimCloud event page saved to PDF 2026-08-31, https://www.swimcloud.com/results/358817/event/16/ (no splits, ages or seed times published there)",invitational,"dates Oct 18-19 2025, Soda Aquatic Center, Moraga CA; timed finals; swim day within meet unknown; place 140"
S140,2026_PC_SC_SENIOR_OPEN,Pacific Swimming SC Senior Open,2025-10-18,,M,200 FR,SCY,timed_final,,2:02.18,,,,,"SwimCloud event page saved to PDF 2026-08-31, https://www.swimcloud.com/results/358817/event/16/ (no splits, ages or seed times published there)",invitational,"dates Oct 18-19 2025, Soda Aquatic Center, Moraga CA; timed finals; swim day within meet unknown; place 141"
S141,2026_PC_SC_SENIOR_OPEN,Pacific Swimming SC Senior Open,2025-10-18,,M,200 FR,SCY,timed_final,,2:02.30,,,,,"SwimCloud event page saved to PDF 2026-08-31, https://www.swimcloud.com/results/358817/event/16/ (no splits, ages or seed times published there)",invitational,"dates Oct 18-19 2025, Soda Aquatic Center, Moraga CA; timed finals; swim day within meet unknown; place 142"
S142,2026_PC_SC_SENIOR_OPEN,Pacific Swimming SC Senior Open,2025-10-18,,M,200 FR,SCY,timed_final,,2:03.14,,,,,"SwimCloud event page saved to PDF 2026-08-31, https://www.swimcloud.com/results/358817/event/16/ (no splits, ages or seed times published there)",invitational,"dates Oct 18-19 2025, Soda Aquatic Center, Moraga CA; timed finals; swim day within meet unknown; place 143"
S143,2026_PC_SC_SENIOR_OPEN,Pacific Swimming SC Senior Open,2025-10-18,,M,200 FR,SCY,timed_final,,2:03.15,,,,,"SwimCloud event page saved to PDF 2026-08-31, https://www.swimcloud.com/results/358817/event/16/ (no splits, ages or seed times published there)",invitational,"dates Oct 18-19 2025, Soda Aquatic Center, Moraga CA; timed finals; swim day within meet unknown; place 144"
S144,2026_PC_SC_SENIOR_OPEN,Pacific Swimming SC Senior Open,2025-10-18,,M,200 FR,SCY,timed_final,,2:03.51,,,,,"SwimCloud event page saved to PDF 2026-08-31, https://www.swimcloud.com/results/358817/event/16/ (no splits, ages or seed times published there)",invitational,"dates Oct 18-19 2025, Soda Aquatic Center, Moraga CA; timed finals; swim day within meet unknown; place 145"
S145,2026_PC_SC_SENIOR_OPEN,Pacific Swimming SC Senior Open,2025-10-18,,M,200 FR,SCY,timed_final,,2:03.74,,,,,"SwimCloud event page saved to PDF 2026-08-31, https://www.swimcloud.com/results/358817/event/16/ (no splits, ages or seed times published there)",invitational,"dates Oct 18-19 2025, Soda Aquatic Center, Moraga CA; timed finals; swim day within meet unknown; place 146"
S146,2026_PC_SC_SENIOR_OPEN,Pacific Swimming SC Senior Open,2025-10-18,,M,200 FR,SCY,timed_final,,2:03.81,,,,,"SwimCloud event page saved to PDF 2026-08-31, https://www.swimcloud.com/results/358817/event/16/ (no splits, ages or seed times published there)",invitational,"dates Oct 18-19 2025, Soda Aquatic Center, Moraga CA; timed finals; swim day within meet unknown; place 147"
S147,2026_PC_SC_SENIOR_OPEN,Pacific Swimming SC Senior Open,2025-10-18,,M,200 FR,SCY,timed_final,,2:03.95,,,,,"SwimCloud event page saved to PDF 2026-08-31, https://www.swimcloud.com/results/358817/event/16/ (no splits, ages or seed times published there)",invitational,"dates Oct 18-19 2025, Soda Aquatic Center, Moraga CA; timed finals; swim day within meet unknown; place 148"
S148,2026_PC_SC_SENIOR_OPEN,Pacific Swimming SC Senior Open,2025-10-18,,M,200 FR,SCY,timed_final,,2:04.18,,,,,"SwimCloud event page saved to PDF 2026-08-31, https://www.swimcloud.com/results/358817/event/16/ (no splits, ages or seed times published there)",invitational,"dates Oct 18-19 2025, Soda Aquatic Center, Moraga CA; timed finals; swim day within meet unknown; place 149"
S149,2026_PC_SC_SENIOR_OPEN,Pacific Swimming SC Senior Open,2025-10-18,,M,200 FR,SCY,timed_final,,2:04.33,,,,,"SwimCloud event page saved to PDF 2026-08-31, https://www.swimcloud.com/results/358817/event/16/ (no splits, ages or seed times published there)",invitational,"dates Oct 18-19 2025, Soda Aquatic Center, Moraga CA; timed finals; swim day within meet unknown; place 150"
S150,2026_PC_SC_SENIOR_OPEN,Pacific Swimming SC Senior Open,2025-10-18,,M,200 FR,SCY,timed_final,,2:04.58,,,,,"SwimCloud event page saved to PDF 2026-08-31, https://www.swimcloud.com/results/358817/event/16/ (no splits, ages or seed times published there)",invitational,"dates Oct 18-19 2025, Soda Aquatic Center, Moraga CA; timed finals; swim day within meet unknown; place 151"
S151,2026_PC_SC_SENIOR_OPEN,Pacific Swimming SC Senior Open,2025-10-18,,M,200 FR,SCY,timed_final,,2:04.66,,,,,"SwimCloud event page saved to PDF 2026-08-31, https://www.swimcloud.com/results/358817/event/16/ (no splits, ages or seed times published there)",invitational,"dates Oct 18-19 2025, Soda Aquatic Center, Moraga CA; timed finals; swim day within meet unknown; place 152"
S152,2026_PC_SC_SENIOR_OPEN,Pacific Swimming SC Senior Open,2025-10-18,,M,200 FR,SCY,timed_final,,2:04.68,,,,,"SwimCloud event page saved to PDF 2026-08-31, https://www.swimcloud.com/results/358817/event/16/ (no splits, ages or seed times published there)",invitational,"dates Oct 18-19 2025, Soda Aquatic Center, Moraga CA; timed finals; swim day within meet unknown; place 153"
S153,2026_PC_SC_SENIOR_OPEN,Pacific Swimming SC Senior Open,2025-10-18,,M,200 FR,SCY,timed_final,,2:04.92,,,,,"SwimCloud event page saved to PDF 2026-08-31, https://www.swimcloud.com/results/358817/event/16/ (no splits, ages or seed times published there)",invitational,"dates Oct 18-19 2025, Soda Aquatic Center, Moraga CA; timed finals; swim day within meet unknown; place 154"
S154,2026_PC_SC_SENIOR_OPEN,Pacific Swimming SC Senior Open,2025-10-18,,M,200 FR,SCY,timed_final,,2:04.93,,,,,"SwimCloud event page saved to PDF 2026-08-31, https://www.swimcloud.com/results/358817/event/16/ (no splits, ages or seed times published there)",invitational,"dates Oct 18-19 2025, Soda Aquatic Center, Moraga CA; timed finals; swim day within meet unknown; place 155"
S155,2026_PC_SC_SENIOR_OPEN,Pacific Swimming SC Senior Open,2025-10-18,,M,200 FR,SCY,timed_final,,2:05.44,,,,,"SwimCloud event page saved to PDF 2026-08-31, https://www.swimcloud.com/results/358817/event/16/ (no splits, ages or seed times published there)",invitational,"dates Oct 18-19 2025, Soda Aquatic Center, Moraga CA; timed finals; swim day within meet unknown; place 156"
S156,2026_PC_SC_SENIOR_OPEN,Pacific Swimming SC Senior Open,2025-10-18,,M,200 FR,SCY,timed_final,,2:06.00,,,,,"SwimCloud event page saved to PDF 2026-08-31, https://www.swimcloud.com/results/358817/event/16/ (no splits, ages or seed times published there)",invitational,"dates Oct 18-19 2025, Soda Aquatic Center, Moraga CA; timed finals; swim day within meet unknown; place 157"
S157,2026_PC_SC_SENIOR_OPEN,Pacific Swimming SC Senior Open,2025-10-18,,M,200 FR,SCY,timed_final,,2:06.81,,,,,"SwimCloud event page saved to PDF 2026-08-31, https://www.swimcloud.com/results/358817/event/16/ (no splits, ages or seed times published there)",invitational,"dates Oct 18-19 2025, Soda Aquatic Center, Moraga CA; timed finals; swim day within meet unknown; place 158"
S158,2026_PC_SC_SENIOR_OPEN,Pacific Swimming SC Senior Open,2025-10-18,,M,200 FR,SCY,timed_final,,2:07.02,,,,,"SwimCloud event page saved to PDF 2026-08-31, https://www.swimcloud.com/results/358817/event/16/ (no splits, ages or seed times published there)",invitational,"dates Oct 18-19 2025, Soda Aquatic Center, Moraga CA; timed finals; swim day within meet unknown; place 159"
S159,2026_PC_SC_SENIOR_OPEN,Pacific Swimming SC Senior Open,2025-10-18,,M,200 FR,SCY,timed_final,,2:07.66,,,,,"SwimCloud event page saved to PDF 2026-08-31, https://www.swimcloud.com/results/358817/event/16/ (no splits, ages or seed times published there)",invitational,"dates Oct 18-19 2025, Soda Aquatic Center, Moraga CA; timed finals; swim day within meet unknown; place 160"
S160,2026_PC_SC_SENIOR_OPEN,Pacific Swimming SC Senior Open,2025-10-18,,M,200 FR,SCY,timed_final,,2:08.50,,,,,"SwimCloud event page saved to PDF 2026-08-31, https://www.swimcloud.com/results/358817/event/16/ (no splits, ages or seed times published there)",invitational,"dates Oct 18-19 2025, Soda Aquatic Center, Moraga CA; timed finals; swim day within meet unknown; place 161"
S161,2026_PC_SC_SENIOR_OPEN,Pacific Swimming SC Senior Open,2025-10-18,,M,200 FR,SCY,timed_final,,2:08.82,,,,,"SwimCloud event page saved to PDF 2026-08-31, https://www.swimcloud.com/results/358817/event/16/ (no splits, ages or seed times published there)",invitational,"dates Oct 18-19 2025, Soda Aquatic Center, Moraga CA; timed finals; swim day within meet unknown; place 162"
S162,2026_PC_SC_SENIOR_OPEN,Pacific Swimming SC Senior Open,2025-10-18,,M,200 FR,SCY,timed_final,,2:10.86,,,,,"SwimCloud event page saved to PDF 2026-08-31, https://www.swimcloud.com/results/358817/event/16/ (no splits, ages or seed times published there)",invitational,"dates Oct 18-19 2025, Soda Aquatic Center, Moraga CA; timed finals; swim day within meet unknown; place 163"
S163,2026_PC_CAL_INVITATIONAL,PC Cal Invitational,2026-01-17,,M,200 FR,SCY,timed_final,,1:35.43,,,,,"SwimCloud event page saved to PDF 2026-08-31, https://www.swimcloud.com/results/373259/event/24/ (no splits, ages or seed times published there)",invitational,"dates Jan 17-18 2026, Legends Aquatic Center, Berkeley CA; timed finals; field includes college and open swimmers, so many rows will be outside the 15-18 scope once ages are known; place 1"
S164,2026_PC_CAL_INVITATIONAL,PC Cal Invitational,2026-01-17,,M,200 FR,SCY,timed_final,,1:35.65,,,,,"SwimCloud event page saved to PDF 2026-08-31, https://www.swimcloud.com/results/373259/event/24/ (no splits, ages or seed times published there)",invitational,"dates Jan 17-18 2026, Legends Aquatic Center, Berkeley CA; timed finals; field includes college and open swimmers, so many rows will be outside the 15-18 scope once ages are known; place 2"
S165,2026_PC_CAL_INVITATIONAL,PC Cal Invitational,2026-01-17,,M,200 FR,SCY,timed_final,,1:37.97,,,,,"SwimCloud event page saved to PDF 2026-08-31, https://www.swimcloud.com/results/373259/event/24/ (no splits, ages or seed times published there)",invitational,"dates Jan 17-18 2026, Legends Aquatic Center, Berkeley CA; timed finals; field includes college and open swimmers, so many rows will be outside the 15-18 scope once ages are known; place 3"
S166,2026_PC_CAL_INVITATIONAL,PC Cal Invitational,2026-01-17,,M,200 FR,SCY,timed_final,,1:40.56,,,,,"SwimCloud event page saved to PDF 2026-08-31, https://www.swimcloud.com/results/373259/event/24/ (no splits, ages or seed times published there)",invitational,"dates Jan 17-18 2026, Legends Aquatic Center, Berkeley CA; timed finals; field includes college and open swimmers, so many rows will be outside the 15-18 scope once ages are known; place 4"
S167,2026_PC_CAL_INVITATIONAL,PC Cal Invitational,2026-01-17,,M,200 FR,SCY,timed_final,,1:40.76,,,,,"SwimCloud event page saved to PDF 2026-08-31, https://www.swimcloud.com/results/373259/event/24/ (no splits, ages or seed times published there)",invitational,"dates Jan 17-18 2026, Legends Aquatic Center, Berkeley CA; timed finals; field includes college and open swimmers, so many rows will be outside the 15-18 scope once ages are known; place 5"
S168,2026_PC_CAL_INVITATIONAL,PC Cal Invitational,2026-01-17,,M,200 FR,SCY,timed_final,,1:44.06,,,,,"SwimCloud event page saved to PDF 2026-08-31, https://www.swimcloud.com/results/373259/event/24/ (no splits, ages or seed times published there)",invitational,"dates Jan 17-18 2026, Legends Aquatic Center, Berkeley CA; timed finals; field includes college and open swimmers, so many rows will be outside the 15-18 scope once ages are known; place 6"
S169,2026_PC_CAL_INVITATIONAL,PC Cal Invitational,2026-01-17,,M,200 FR,SCY,timed_final,,1:44.25,,,,,"SwimCloud event page saved to PDF 2026-08-31, https://www.swimcloud.com/results/373259/event/24/ (no splits, ages or seed times published there)",invitational,"dates Jan 17-18 2026, Legends Aquatic Center, Berkeley CA; timed finals; field includes college and open swimmers, so many rows will be outside the 15-18 scope once ages are known; place 7"
S170,2026_PC_CAL_INVITATIONAL,PC Cal Invitational,2026-01-17,,M,200 FR,SCY,timed_final,,1:44.59,,,,,"SwimCloud event page saved to PDF 2026-08-31, https://www.swimcloud.com/results/373259/event/24/ (no splits, ages or seed times published there)",invitational,"dates Jan 17-18 2026, Legends Aquatic Center, Berkeley CA; timed finals; field includes college and open swimmers, so many rows will be outside the 15-18 scope once ages are known; place 8"
S171,2026_PC_CAL_INVITATIONAL,PC Cal Invitational,2026-01-17,,M,200 FR,SCY,timed_final,,1:44.81,,,,,"SwimCloud event page saved to PDF 2026-08-31, https://www.swimcloud.com/results/373259/event/24/ (no splits, ages or seed times published there)",invitational,"dates Jan 17-18 2026, Legends Aquatic Center, Berkeley CA; timed finals; field includes college and open swimmers, so many rows will be outside the 15-18 scope once ages are known; place 9"
S172,2026_PC_CAL_INVITATIONAL,PC Cal Invitational,2026-01-17,,M,200 FR,SCY,timed_final,,1:45.08,,,,,"SwimCloud event page saved to PDF 2026-08-31, https://www.swimcloud.com/results/373259/event/24/ (no splits, ages or seed times published there)",invitational,"dates Jan 17-18 2026, Legends Aquatic Center, Berkeley CA; timed finals; field includes college and open swimmers, so many rows will be outside the 15-18 scope once ages are known; place 10"
S173,2026_PC_CAL_INVITATIONAL,PC Cal Invitational,2026-01-17,,M,200 FR,SCY,timed_final,,1:45.49,,,,,"SwimCloud event page saved to PDF 2026-08-31, https://www.swimcloud.com/results/373259/event/24/ (no splits, ages or seed times published there)",invitational,"dates Jan 17-18 2026, Legends Aquatic Center, Berkeley CA; timed finals; field includes college and open swimmers, so many rows will be outside the 15-18 scope once ages are known; place 11"
S174,2026_PC_CAL_INVITATIONAL,PC Cal Invitational,2026-01-17,,M,200 FR,SCY,timed_final,,1:45.56,,,,,"SwimCloud event page saved to PDF 2026-08-31, https://www.swimcloud.com/results/373259/event/24/ (no splits, ages or seed times published there)",invitational,"dates Jan 17-18 2026, Legends Aquatic Center, Berkeley CA; timed finals; field includes college and open swimmers, so many rows will be outside the 15-18 scope once ages are known; place 12"
S175,2026_PC_CAL_INVITATIONAL,PC Cal Invitational,2026-01-17,,M,200 FR,SCY,timed_final,,1:45.74,,,,,"SwimCloud event page saved to PDF 2026-08-31, https://www.swimcloud.com/results/373259/event/24/ (no splits, ages or seed times published there)",invitational,"dates Jan 17-18 2026, Legends Aquatic Center, Berkeley CA; timed finals; field includes college and open swimmers, so many rows will be outside the 15-18 scope once ages are known; place 13"
S176,2026_PC_CAL_INVITATIONAL,PC Cal Invitational,2026-01-17,,M,200 FR,SCY,timed_final,,1:45.81,,,,,"SwimCloud event page saved to PDF 2026-08-31, https://www.swimcloud.com/results/373259/event/24/ (no splits, ages or seed times published there)",invitational,"dates Jan 17-18 2026, Legends Aquatic Center, Berkeley CA; timed finals; field includes college and open swimmers, so many rows will be outside the 15-18 scope once ages are known; place 14"
S027,2026_PC_CAL_INVITATIONAL,PC Cal Invitational,2026-01-17,,M,200 FR,SCY,timed_final,,1:45.83,,,,,"SwimCloud event page saved to PDF 2026-08-31, https://www.swimcloud.com/results/373259/event/24/ (no splits, ages or seed times published there)",invitational,"dates Jan 17-18 2026, Legends Aquatic Center, Berkeley CA; timed finals; field includes college and open swimmers, so many rows will be outside the 15-18 scope once ages are known; place 15"
S008,2026_PC_CAL_INVITATIONAL,PC Cal Invitational,2026-01-17,,M,200 FR,SCY,timed_final,,1:45.90,,,,,"SwimCloud event page saved to PDF 2026-08-31, https://www.swimcloud.com/results/373259/event/24/ (no splits, ages or seed times published there)",invitational,"dates Jan 17-18 2026, Legends Aquatic Center, Berkeley CA; timed finals; field includes college and open swimmers, so many rows will be outside the 15-18 scope once ages are known; place 16; same name in 2 meets with different team listings; treated as one person, verify when splits arrive"
S177,2026_PC_CAL_INVITATIONAL,PC Cal Invitational,2026-01-17,,M,200 FR,SCY,timed_final,,1:46.18,,,,,"SwimCloud event page saved to PDF 2026-08-31, https://www.swimcloud.com/results/373259/event/24/ (no splits, ages or seed times published there)",invitational,"dates Jan 17-18 2026, Legends Aquatic Center, Berkeley CA; timed finals; field includes college and open swimmers, so many rows will be outside the 15-18 scope once ages are known; place 17"
S178,2026_PC_CAL_INVITATIONAL,PC Cal Invitational,2026-01-17,,M,200 FR,SCY,timed_final,,1:46.32,,,,,"SwimCloud event page saved to PDF 2026-08-31, https://www.swimcloud.com/results/373259/event/24/ (no splits, ages or seed times published there)",invitational,"dates Jan 17-18 2026, Legends Aquatic Center, Berkeley CA; timed finals; field includes college and open swimmers, so many rows will be outside the 15-18 scope once ages are known; place 18"
S024,2026_PC_CAL_INVITATIONAL,PC Cal Invitational,2026-01-17,,M,200 FR,SCY,timed_final,,1:46.35,,,,,"SwimCloud event page saved to PDF 2026-08-31, https://www.swimcloud.com/results/373259/event/24/ (no splits, ages or seed times published there)",invitational,"dates Jan 17-18 2026, Legends Aquatic Center, Berkeley CA; timed finals; field includes college and open swimmers, so many rows will be outside the 15-18 scope once ages are known; place 19"
S179,2026_PC_CAL_INVITATIONAL,PC Cal Invitational,2026-01-17,,M,200 FR,SCY,timed_final,,1:46.57,,,,,"SwimCloud event page saved to PDF 2026-08-31, https://www.swimcloud.com/results/373259/event/24/ (no splits, ages or seed times published there)",invitational,"dates Jan 17-18 2026, Legends Aquatic Center, Berkeley CA; timed finals; field includes college and open swimmers, so many rows will be outside the 15-18 scope once ages are known; place 20"
S180,2026_PC_CAL_INVITATIONAL,PC Cal Invitational,2026-01-17,,M,200 FR,SCY,timed_final,,1:47.83,,,,,"SwimCloud event page saved to PDF 2026-08-31, https://www.swimcloud.com/results/373259/event/24/ (no splits, ages or seed times published there)",invitational,"dates Jan 17-18 2026, Legends Aquatic Center, Berkeley CA; timed finals; field includes college and open swimmers, so many rows will be outside the 15-18 scope once ages are known; place 22"
S020,2026_PC_CAL_INVITATIONAL,PC Cal Invitational,2026-01-17,,M,200 FR,SCY,timed_final,,1:48.15,,,,,"SwimCloud event page saved to PDF 2026-08-31, https://www.swimcloud.com/results/373259/event/24/ (no splits, ages or seed times published there)",invitational,"dates Jan 17-18 2026, Legends Aquatic Center, Berkeley CA; timed finals; field includes college and open swimmers, so many rows will be outside the 15-18 scope once ages are known; place 23"
S181,2026_PC_CAL_INVITATIONAL,PC Cal Invitational,2026-01-17,,M,200 FR,SCY,timed_final,,1:48.38,,,,,"SwimCloud event page saved to PDF 2026-08-31, https://www.swimcloud.com/results/373259/event/24/ (no splits, ages or seed times published there)",invitational,"dates Jan 17-18 2026, Legends Aquatic Center, Berkeley CA; timed finals; field includes college and open swimmers, so many rows will be outside the 15-18 scope once ages are known; place 24"
S182,2026_PC_CAL_INVITATIONAL,PC Cal Invitational,2026-01-17,,M,200 FR,SCY,timed_final,,1:48.43,,,,,"SwimCloud event page saved to PDF 2026-08-31, https://www.swimcloud.com/results/373259/event/24/ (no splits, ages or seed times published there)",invitational,"dates Jan 17-18 2026, Legends Aquatic Center, Berkeley CA; timed finals; field includes college and open swimmers, so many rows will be outside the 15-18 scope once ages are known; place 25"
S183,2026_PC_CAL_INVITATIONAL,PC Cal Invitational,2026-01-17,,M,200 FR,SCY,timed_final,,1:48.43,,,,,"SwimCloud event page saved to PDF 2026-08-31, https://www.swimcloud.com/results/373259/event/24/ (no splits, ages or seed times published there)",invitational,"dates Jan 17-18 2026, Legends Aquatic Center, Berkeley CA; timed finals; field includes college and open swimmers, so many rows will be outside the 15-18 scope once ages are known; place 25"
S184,2026_PC_CAL_INVITATIONAL,PC Cal Invitational,2026-01-17,,M,200 FR,SCY,timed_final,,1:48.44,,,,,"SwimCloud event page saved to PDF 2026-08-31, https://www.swimcloud.com/results/373259/event/24/ (no splits, ages or seed times published there)",invitational,"dates Jan 17-18 2026, Legends Aquatic Center, Berkeley CA; timed finals; field includes college and open swimmers, so many rows will be outside the 15-18 scope once ages are known; place 27"
S185,2026_PC_CAL_INVITATIONAL,PC Cal Invitational,2026-01-17,,M,200 FR,SCY,timed_final,,1:48.47,,,,,"SwimCloud event page saved to PDF 2026-08-31, https://www.swimcloud.com/results/373259/event/24/ (no splits, ages or seed times published there)",invitational,"dates Jan 17-18 2026, Legends Aquatic Center, Berkeley CA; timed finals; field includes college and open swimmers, so many rows will be outside the 15-18 scope once ages are known; place 28"
S186,2026_PC_CAL_INVITATIONAL,PC Cal Invitational,2026-01-17,,M,200 FR,SCY,timed_final,,1:49.10,,,,,"SwimCloud event page saved to PDF 2026-08-31, https://www.swimcloud.com/results/373259/event/24/ (no splits, ages or seed times published there)",invitational,"dates Jan 17-18 2026, Legends Aquatic Center, Berkeley CA; timed finals; field includes college and open swimmers, so many rows will be outside the 15-18 scope once ages are known; place 29"
S187,2026_PC_CAL_INVITATIONAL,PC Cal Invitational,2026-01-17,,M,200 FR,SCY,timed_final,,1:49.13,,,,,"SwimCloud event page saved to PDF 2026-08-31, https://www.swimcloud.com/results/373259/event/24/ (no splits, ages or seed times published there)",invitational,"dates Jan 17-18 2026, Legends Aquatic Center, Berkeley CA; timed finals; field includes college and open swimmers, so many rows will be outside the 15-18 scope once ages are known; place 30"
S188,2026_PC_CAL_INVITATIONAL,PC Cal Invitational,2026-01-17,,M,200 FR,SCY,timed_final,,1:49.16,,,,,"SwimCloud event page saved to PDF 2026-08-31, https://www.swimcloud.com/results/373259/event/24/ (no splits, ages or seed times published there)",invitational,"dates Jan 17-18 2026, Legends Aquatic Center, Berkeley CA; timed finals; field includes college and open swimmers, so many rows will be outside the 15-18 scope once ages are known; place 31"
S189,2026_PC_CAL_INVITATIONAL,PC Cal Invitational,2026-01-17,,M,200 FR,SCY,timed_final,,1:49.28,,,,,"SwimCloud event page saved to PDF 2026-08-31, https://www.swimcloud.com/results/373259/event/24/ (no splits, ages or seed times published there)",invitational,"dates Jan 17-18 2026, Legends Aquatic Center, Berkeley CA; timed finals; field includes college and open swimmers, so many rows will be outside the 15-18 scope once ages are known; place 32"
S190,2026_PC_CAL_INVITATIONAL,PC Cal Invitational,2026-01-17,,M,200 FR,SCY,timed_final,,1:49.53,,,,,"SwimCloud event page saved to PDF 2026-08-31, https://www.swimcloud.com/results/373259/event/24/ (no splits, ages or seed times published there)",invitational,"dates Jan 17-18 2026, Legends Aquatic Center, Berkeley CA; timed finals; field includes college and open swimmers, so many rows will be outside the 15-18 scope once ages are known; place 33"
S191,2026_PC_CAL_INVITATIONAL,PC Cal Invitational,2026-01-17,,M,200 FR,SCY,timed_final,,1:49.58,,,,,"SwimCloud event page saved to PDF 2026-08-31, https://www.swimcloud.com/results/373259/event/24/ (no splits, ages or seed times published there)",invitational,"dates Jan 17-18 2026, Legends Aquatic Center, Berkeley CA; timed finals; field includes college and open swimmers, so many rows will be outside the 15-18 scope once ages are known; place 34"
S192,2026_PC_CAL_INVITATIONAL,PC Cal Invitational,2026-01-17,,M,200 FR,SCY,timed_final,,1:49.88,,,,,"SwimCloud event page saved to PDF 2026-08-31, https://www.swimcloud.com/results/373259/event/24/ (no splits, ages or seed times published there)",invitational,"dates Jan 17-18 2026, Legends Aquatic Center, Berkeley CA; timed finals; field includes college and open swimmers, so many rows will be outside the 15-18 scope once ages are known; place 35"
S193,2026_PC_CAL_INVITATIONAL,PC Cal Invitational,2026-01-17,,M,200 FR,SCY,timed_final,,1:49.99,,,,,"SwimCloud event page saved to PDF 2026-08-31, https://www.swimcloud.com/results/373259/event/24/ (no splits, ages or seed times published there)",invitational,"dates Jan 17-18 2026, Legends Aquatic Center, Berkeley CA; timed finals; field includes college and open swimmers, so many rows will be outside the 15-18 scope once ages are known; place 36"
S194,2026_PC_CAL_INVITATIONAL,PC Cal Invitational,2026-01-17,,M,200 FR,SCY,timed_final,,1:50.19,,,,,"SwimCloud event page saved to PDF 2026-08-31, https://www.swimcloud.com/results/373259/event/24/ (no splits, ages or seed times published there)",invitational,"dates Jan 17-18 2026, Legends Aquatic Center, Berkeley CA; timed finals; field includes college and open swimmers, so many rows will be outside the 15-18 scope once ages are known; place 37"
S195,2026_PC_CAL_INVITATIONAL,PC Cal Invitational,2026-01-17,,M,200 FR,SCY,timed_final,,1:50.46,,,,,"SwimCloud event page saved to PDF 2026-08-31, https://www.swimcloud.com/results/373259/event/24/ (no splits, ages or seed times published there)",invitational,"dates Jan 17-18 2026, Legends Aquatic Center, Berkeley CA; timed finals; field includes college and open swimmers, so many rows will be outside the 15-18 scope once ages are known; place 38"
S196,2026_PC_CAL_INVITATIONAL,PC Cal Invitational,2026-01-17,,M,200 FR,SCY,timed_final,,1:50.51,,,,,"SwimCloud event page saved to PDF 2026-08-31, https://www.swimcloud.com/results/373259/event/24/ (no splits, ages or seed times published there)",invitational,"dates Jan 17-18 2026, Legends Aquatic Center, Berkeley CA; timed finals; field includes college and open swimmers, so many rows will be outside the 15-18 scope once ages are known; place 39"
S197,2026_PC_CAL_INVITATIONAL,PC Cal Invitational,2026-01-17,,M,200 FR,SCY,timed_final,,1:50.65,,,,,"SwimCloud event page saved to PDF 2026-08-31, https://www.swimcloud.com/results/373259/event/24/ (no splits, ages or seed times published there)",invitational,"dates Jan 17-18 2026, Legends Aquatic Center, Berkeley CA; timed finals; field includes college and open swimmers, so many rows will be outside the 15-18 scope once ages are known; place 40"
S198,2026_PC_CAL_INVITATIONAL,PC Cal Invitational,2026-01-17,,M,200 FR,SCY,timed_final,,1:50.81,,,,,"SwimCloud event page saved to PDF 2026-08-31, https://www.swimcloud.com/results/373259/event/24/ (no splits, ages or seed times published there)",invitational,"dates Jan 17-18 2026, Legends Aquatic Center, Berkeley CA; timed finals; field includes college and open swimmers, so many rows will be outside the 15-18 scope once ages are known; place 41"
S199,2026_PC_CAL_INVITATIONAL,PC Cal Invitational,2026-01-17,,M,200 FR,SCY,timed_final,,1:51.27,,,,,"SwimCloud event page saved to PDF 2026-08-31, https://www.swimcloud.com/results/373259/event/24/ (no splits, ages or seed times published there)",invitational,"dates Jan 17-18 2026, Legends Aquatic Center, Berkeley CA; timed finals; field includes college and open swimmers, so many rows will be outside the 15-18 scope once ages are known; place 42"
S200,2026_PC_CAL_INVITATIONAL,PC Cal Invitational,2026-01-17,,M,200 FR,SCY,timed_final,,1:51.43,,,,,"SwimCloud event page saved to PDF 2026-08-31, https://www.swimcloud.com/results/373259/event/24/ (no splits, ages or seed times published there)",invitational,"dates Jan 17-18 2026, Legends Aquatic Center, Berkeley CA; timed finals; field includes college and open swimmers, so many rows will be outside the 15-18 scope once ages are known; place 43"
S201,2026_PC_CAL_INVITATIONAL,PC Cal Invitational,2026-01-17,,M,200 FR,SCY,timed_final,,1:51.59,,,,,"SwimCloud event page saved to PDF 2026-08-31, https://www.swimcloud.com/results/373259/event/24/ (no splits, ages or seed times published there)",invitational,"dates Jan 17-18 2026, Legends Aquatic Center, Berkeley CA; timed finals; field includes college and open swimmers, so many rows will be outside the 15-18 scope once ages are known; place 44"
S202,2026_PC_CAL_INVITATIONAL,PC Cal Invitational,2026-01-17,,M,200 FR,SCY,timed_final,,1:51.69,,,,,"SwimCloud event page saved to PDF 2026-08-31, https://www.swimcloud.com/results/373259/event/24/ (no splits, ages or seed times published there)",invitational,"dates Jan 17-18 2026, Legends Aquatic Center, Berkeley CA; timed finals; field includes college and open swimmers, so many rows will be outside the 15-18 scope once ages are known; place 45"
S203,2026_PC_CAL_INVITATIONAL,PC Cal Invitational,2026-01-17,,M,200 FR,SCY,timed_final,,1:51.71,,,,,"SwimCloud event page saved to PDF 2026-08-31, https://www.swimcloud.com/results/373259/event/24/ (no splits, ages or seed times published there)",invitational,"dates Jan 17-18 2026, Legends Aquatic Center, Berkeley CA; timed finals; field includes college and open swimmers, so many rows will be outside the 15-18 scope once ages are known; place 46"
S204,2026_PC_CAL_INVITATIONAL,PC Cal Invitational,2026-01-17,,M,200 FR,SCY,timed_final,,1:51.81,,,,,"SwimCloud event page saved to PDF 2026-08-31, https://www.swimcloud.com/results/373259/event/24/ (no splits, ages or seed times published there)",invitational,"dates Jan 17-18 2026, Legends Aquatic Center, Berkeley CA; timed finals; field includes college and open swimmers, so many rows will be outside the 15-18 scope once ages are known; place 47"
S205,2026_PC_CAL_INVITATIONAL,PC Cal Invitational,2026-01-17,,M,200 FR,SCY,timed_final,,1:51.89,,,,,"SwimCloud event page saved to PDF 2026-08-31, https://www.swimcloud.com/results/373259/event/24/ (no splits, ages or seed times published there)",invitational,"dates Jan 17-18 2026, Legends Aquatic Center, Berkeley CA; timed finals; field includes college and open swimmers, so many rows will be outside the 15-18 scope once ages are known; place 48"
S206,2026_PC_CAL_INVITATIONAL,PC Cal Invitational,2026-01-17,,M,200 FR,SCY,timed_final,,1:51.98,,,,,"SwimCloud event page saved to PDF 2026-08-31, https://www.swimcloud.com/results/373259/event/24/ (no splits, ages or seed times published there)",invitational,"dates Jan 17-18 2026, Legends Aquatic Center, Berkeley CA; timed finals; field includes college and open swimmers, so many rows will be outside the 15-18 scope once ages are known; place 49"
S207,2026_PC_CAL_INVITATIONAL,PC Cal Invitational,2026-01-17,,M,200 FR,SCY,timed_final,,1:52.03,,,,,"SwimCloud event page saved to PDF 2026-08-31, https://www.swimcloud.com/results/373259/event/24/ (no splits, ages or seed times published there)",invitational,"dates Jan 17-18 2026, Legends Aquatic Center, Berkeley CA; timed finals; field includes college and open swimmers, so many rows will be outside the 15-18 scope once ages are known; place 50"
S208,2026_PC_CAL_INVITATIONAL,PC Cal Invitational,2026-01-17,,M,200 FR,SCY,timed_final,,1:52.05,,,,,"SwimCloud event page saved to PDF 2026-08-31, https://www.swimcloud.com/results/373259/event/24/ (no splits, ages or seed times published there)",invitational,"dates Jan 17-18 2026, Legends Aquatic Center, Berkeley CA; timed finals; field includes college and open swimmers, so many rows will be outside the 15-18 scope once ages are known; place 51"
S209,2026_PC_CAL_INVITATIONAL,PC Cal Invitational,2026-01-17,,M,200 FR,SCY,timed_final,,1:52.09,,,,,"SwimCloud event page saved to PDF 2026-08-31, https://www.swimcloud.com/results/373259/event/24/ (no splits, ages or seed times published there)",invitational,"dates Jan 17-18 2026, Legends Aquatic Center, Berkeley CA; timed finals; field includes college and open swimmers, so many rows will be outside the 15-18 scope once ages are known; place 52"
S210,2026_PC_CAL_INVITATIONAL,PC Cal Invitational,2026-01-17,,M,200 FR,SCY,timed_final,,1:52.09,,,,,"SwimCloud event page saved to PDF 2026-08-31, https://www.swimcloud.com/results/373259/event/24/ (no splits, ages or seed times published there)",invitational,"dates Jan 17-18 2026, Legends Aquatic Center, Berkeley CA; timed finals; field includes college and open swimmers, so many rows will be outside the 15-18 scope once ages are known; place 52"
S088,2026_PC_CAL_INVITATIONAL,PC Cal Invitational,2026-01-17,,M,200 FR,SCY,timed_final,,1:52.15,,,,,"SwimCloud event page saved to PDF 2026-08-31, https://www.swimcloud.com/results/373259/event/24/ (no splits, ages or seed times published there)",invitational,"dates Jan 17-18 2026, Legends Aquatic Center, Berkeley CA; timed finals; field includes college and open swimmers, so many rows will be outside the 15-18 scope once ages are known; place 54"
S211,2026_PC_CAL_INVITATIONAL,PC Cal Invitational,2026-01-17,,M,200 FR,SCY,timed_final,,1:52.17,,,,,"SwimCloud event page saved to PDF 2026-08-31, https://www.swimcloud.com/results/373259/event/24/ (no splits, ages or seed times published there)",invitational,"dates Jan 17-18 2026, Legends Aquatic Center, Berkeley CA; timed finals; field includes college and open swimmers, so many rows will be outside the 15-18 scope once ages are known; place 55"
S212,2026_PC_CAL_INVITATIONAL,PC Cal Invitational,2026-01-17,,M,200 FR,SCY,timed_final,,1:52.20,,,,,"SwimCloud event page saved to PDF 2026-08-31, https://www.swimcloud.com/results/373259/event/24/ (no splits, ages or seed times published there)",invitational,"dates Jan 17-18 2026, Legends Aquatic Center, Berkeley CA; timed finals; field includes college and open swimmers, so many rows will be outside the 15-18 scope once ages are known; place 56"
S213,2026_PC_CAL_INVITATIONAL,PC Cal Invitational,2026-01-17,,M,200 FR,SCY,timed_final,,1:52.35,,,,,"SwimCloud event page saved to PDF 2026-08-31, https://www.swimcloud.com/results/373259/event/24/ (no splits, ages or seed times published there)",invitational,"dates Jan 17-18 2026, Legends Aquatic Center, Berkeley CA; timed finals; field includes college and open swimmers, so many rows will be outside the 15-18 scope once ages are known; place 57"
S050,2026_PC_CAL_INVITATIONAL,PC Cal Invitational,2026-01-17,,M,200 FR,SCY,timed_final,,1:52.35,,,,,"SwimCloud event page saved to PDF 2026-08-31, https://www.swimcloud.com/results/373259/event/24/ (no splits, ages or seed times published there)",invitational,"dates Jan 17-18 2026, Legends Aquatic Center, Berkeley CA; timed finals; field includes college and open swimmers, so many rows will be outside the 15-18 scope once ages are known; place 57"
S084,2026_PC_CAL_INVITATIONAL,PC Cal Invitational,2026-01-17,,M,200 FR,SCY,timed_final,,1:52.44,,,,,"SwimCloud event page saved to PDF 2026-08-31, https://www.swimcloud.com/results/373259/event/24/ (no splits, ages or seed times published there)",invitational,"dates Jan 17-18 2026, Legends Aquatic Center, Berkeley CA; timed finals; field includes college and open swimmers, so many rows will be outside the 15-18 scope once ages are known; place 59; same name in 2 meets with different team listings; treated as one person, verify when splits arrive"
S214,2026_PC_CAL_INVITATIONAL,PC Cal Invitational,2026-01-17,,M,200 FR,SCY,timed_final,,1:53.09,,,,,"SwimCloud event page saved to PDF 2026-08-31, https://www.swimcloud.com/results/373259/event/24/ (no splits, ages or seed times published there)",invitational,"dates Jan 17-18 2026, Legends Aquatic Center, Berkeley CA; timed finals; field includes college and open swimmers, so many rows will be outside the 15-18 scope once ages are known; place 60"
S215,2026_PC_CAL_INVITATIONAL,PC Cal Invitational,2026-01-17,,M,200 FR,SCY,timed_final,,1:53.12,,,,,"SwimCloud event page saved to PDF 2026-08-31, https://www.swimcloud.com/results/373259/event/24/ (no splits, ages or seed times published there)",invitational,"dates Jan 17-18 2026, Legends Aquatic Center, Berkeley CA; timed finals; field includes college and open swimmers, so many rows will be outside the 15-18 scope once ages are known; place 61"
S216,2026_PC_CAL_INVITATIONAL,PC Cal Invitational,2026-01-17,,M,200 FR,SCY,timed_final,,1:53.31,,,,,"SwimCloud event page saved to PDF 2026-08-31, https://www.swimcloud.com/results/373259/event/24/ (no splits, ages or seed times published there)",invitational,"dates Jan 17-18 2026, Legends Aquatic Center, Berkeley CA; timed finals; field includes college and open swimmers, so many rows will be outside the 15-18 scope once ages are known; place 62"
S217,2026_PC_CAL_INVITATIONAL,PC Cal Invitational,2026-01-17,,M,200 FR,SCY,timed_final,,1:53.72,,,,,"SwimCloud event page saved to PDF 2026-08-31, https://www.swimcloud.com/results/373259/event/24/ (no splits, ages or seed times published there)",invitational,"dates Jan 17-18 2026, Legends Aquatic Center, Berkeley CA; timed finals; field includes college and open swimmers, so many rows will be outside the 15-18 scope once ages are known; place 63"
S218,2026_PC_CAL_INVITATIONAL,PC Cal Invitational,2026-01-17,,M,200 FR,SCY,timed_final,,1:53.89,,,,,"SwimCloud event page saved to PDF 2026-08-31, https://www.swimcloud.com/results/373259/event/24/ (no splits, ages or seed times published there)",invitational,"dates Jan 17-18 2026, Legends Aquatic Center, Berkeley CA; timed finals; field includes college and open swimmers, so many rows will be outside the 15-18 scope once ages are known; place 64"
S219,2026_PC_CAL_INVITATIONAL,PC Cal Invitational,2026-01-17,,M,200 FR,SCY,timed_final,,1:53.92,,,,,"SwimCloud event page saved to PDF 2026-08-31, https://www.swimcloud.com/results/373259/event/24/ (no splits, ages or seed times published there)",invitational,"dates Jan 17-18 2026, Legends Aquatic Center, Berkeley CA; timed finals; field includes college and open swimmers, so many rows will be outside the 15-18 scope once ages are known; place 65"
S081,2026_PC_CAL_INVITATIONAL,PC Cal Invitational,2026-01-17,,M,200 FR,SCY,timed_final,,1:54.09,,,,,"SwimCloud event page saved to PDF 2026-08-31, https://www.swimcloud.com/results/373259/event/24/ (no splits, ages or seed times published there)",invitational,"dates Jan 17-18 2026, Legends Aquatic Center, Berkeley CA; timed finals; field includes college and open swimmers, so many rows will be outside the 15-18 scope once ages are known; place 66"
S220,2026_PC_CAL_INVITATIONAL,PC Cal Invitational,2026-01-17,,M,200 FR,SCY,timed_final,,1:54.24,,,,,"SwimCloud event page saved to PDF 2026-08-31, https://www.swimcloud.com/results/373259/event/24/ (no splits, ages or seed times published there)",invitational,"dates Jan 17-18 2026, Legends Aquatic Center, Berkeley CA; timed finals; field includes college and open swimmers, so many rows will be outside the 15-18 scope once ages are known; place 67"
S221,2026_PC_CAL_INVITATIONAL,PC Cal Invitational,2026-01-17,,M,200 FR,SCY,timed_final,,1:54.26,,,,,"SwimCloud event page saved to PDF 2026-08-31, https://www.swimcloud.com/results/373259/event/24/ (no splits, ages or seed times published there)",invitational,"dates Jan 17-18 2026, Legends Aquatic Center, Berkeley CA; timed finals; field includes college and open swimmers, so many rows will be outside the 15-18 scope once ages are known; place 68"
S222,2026_PC_CAL_INVITATIONAL,PC Cal Invitational,2026-01-17,,M,200 FR,SCY,timed_final,,1:54.28,,,,,"SwimCloud event page saved to PDF 2026-08-31, https://www.swimcloud.com/results/373259/event/24/ (no splits, ages or seed times published there)",invitational,"dates Jan 17-18 2026, Legends Aquatic Center, Berkeley CA; timed finals; field includes college and open swimmers, so many rows will be outside the 15-18 scope once ages are known; place 69"
S223,2026_PC_CAL_INVITATIONAL,PC Cal Invitational,2026-01-17,,M,200 FR,SCY,timed_final,,1:54.42,,,,,"SwimCloud event page saved to PDF 2026-08-31, https://www.swimcloud.com/results/373259/event/24/ (no splits, ages or seed times published there)",invitational,"dates Jan 17-18 2026, Legends Aquatic Center, Berkeley CA; timed finals; field includes college and open swimmers, so many rows will be outside the 15-18 scope once ages are known; place 70"
S224,2026_PC_CAL_INVITATIONAL,PC Cal Invitational,2026-01-17,,M,200 FR,SCY,timed_final,,1:54.48,,,,,"SwimCloud event page saved to PDF 2026-08-31, https://www.swimcloud.com/results/373259/event/24/ (no splits, ages or seed times published there)",invitational,"dates Jan 17-18 2026, Legends Aquatic Center, Berkeley CA; timed finals; field includes college and open swimmers, so many rows will be outside the 15-18 scope once ages are known; place 71"
S225,2026_PC_CAL_INVITATIONAL,PC Cal Invitational,2026-01-17,,M,200 FR,SCY,timed_final,,1:54.56,,,,,"SwimCloud event page saved to PDF 2026-08-31, https://www.swimcloud.com/results/373259/event/24/ (no splits, ages or seed times published there)",invitational,"dates Jan 17-18 2026, Legends Aquatic Center, Berkeley CA; timed finals; field includes college and open swimmers, so many rows will be outside the 15-18 scope once ages are known; place 72"
S226,2026_PC_CAL_INVITATIONAL,PC Cal Invitational,2026-01-17,,M,200 FR,SCY,timed_final,,1:54.62,,,,,"SwimCloud event page saved to PDF 2026-08-31, https://www.swimcloud.com/results/373259/event/24/ (no splits, ages or seed times published there)",invitational,"dates Jan 17-18 2026, Legends Aquatic Center, Berkeley CA; timed finals; field includes college and open swimmers, so many rows will be outside the 15-18 scope once ages are known; place 73"
S227,2026_PC_CAL_INVITATIONAL,PC Cal Invitational,2026-01-17,,M,200 FR,SCY,timed_final,,1:54.71,,,,,"SwimCloud event page saved to PDF 2026-08-31, https://www.swimcloud.com/results/373259/event/24/ (no splits, ages or seed times published there)",invitational,"dates Jan 17-18 2026, Legends Aquatic Center, Berkeley CA; timed finals; field includes college and open swimmers, so many rows will be outside the 15-18 scope once ages are known; place 74"
S228,2026_PC_CAL_INVITATIONAL,PC Cal Invitational,2026-01-17,,M,200 FR,SCY,timed_final,,1:54.78,,,,,"SwimCloud event page saved to PDF 2026-08-31, https://www.swimcloud.com/results/373259/event/24/ (no splits, ages or seed times published there)",invitational,"dates Jan 17-18 2026, Legends Aquatic Center, Berkeley CA; timed finals; field includes college and open swimmers, so many rows will be outside the 15-18 scope once ages are known; place 75"
S229,2026_PC_CAL_INVITATIONAL,PC Cal Invitational,2026-01-17,,M,200 FR,SCY,timed_final,,1:54.92,,,,,"SwimCloud event page saved to PDF 2026-08-31, https://www.swimcloud.com/results/373259/event/24/ (no splits, ages or seed times published there)",invitational,"dates Jan 17-18 2026, Legends Aquatic Center, Berkeley CA; timed finals; field includes college and open swimmers, so many rows will be outside the 15-18 scope once ages are known; place 76"
S091,2026_PC_CAL_INVITATIONAL,PC Cal Invitational,2026-01-17,,M,200 FR,SCY,timed_final,,1:54.97,,,,,"SwimCloud event page saved to PDF 2026-08-31, https://www.swimcloud.com/results/373259/event/24/ (no splits, ages or seed times published there)",invitational,"dates Jan 17-18 2026, Legends Aquatic Center, Berkeley CA; timed finals; field includes college and open swimmers, so many rows will be outside the 15-18 scope once ages are known; place 77"
S230,2026_PC_CAL_INVITATIONAL,PC Cal Invitational,2026-01-17,,M,200 FR,SCY,timed_final,,1:54.99,,,,,"SwimCloud event page saved to PDF 2026-08-31, https://www.swimcloud.com/results/373259/event/24/ (no splits, ages or seed times published there)",invitational,"dates Jan 17-18 2026, Legends Aquatic Center, Berkeley CA; timed finals; field includes college and open swimmers, so many rows will be outside the 15-18 scope once ages are known; place 78"
S231,2026_PC_CAL_INVITATIONAL,PC Cal Invitational,2026-01-17,,M,200 FR,SCY,timed_final,,1:55.05,,,,,"SwimCloud event page saved to PDF 2026-08-31, https://www.swimcloud.com/results/373259/event/24/ (no splits, ages or seed times published there)",invitational,"dates Jan 17-18 2026, Legends Aquatic Center, Berkeley CA; timed finals; field includes college and open swimmers, so many rows will be outside the 15-18 scope once ages are known; place 79"
S232,2026_PC_CAL_INVITATIONAL,PC Cal Invitational,2026-01-17,,M,200 FR,SCY,timed_final,,1:55.07,,,,,"SwimCloud event page saved to PDF 2026-08-31, https://www.swimcloud.com/results/373259/event/24/ (no splits, ages or seed times published there)",invitational,"dates Jan 17-18 2026, Legends Aquatic Center, Berkeley CA; timed finals; field includes college and open swimmers, so many rows will be outside the 15-18 scope once ages are known; place 80"
S233,2026_PC_CAL_INVITATIONAL,PC Cal Invitational,2026-01-17,,M,200 FR,SCY,timed_final,,1:55.12,,,,,"SwimCloud event page saved to PDF 2026-08-31, https://www.swimcloud.com/results/373259/event/24/ (no splits, ages or seed times published there)",invitational,"dates Jan 17-18 2026, Legends Aquatic Center, Berkeley CA; timed finals; field includes college and open swimmers, so many rows will be outside the 15-18 scope once ages are known; place 81"
S234,2026_PC_CAL_INVITATIONAL,PC Cal Invitational,2026-01-17,,M,200 FR,SCY,timed_final,,1:55.33,,,,,"SwimCloud event page saved to PDF 2026-08-31, https://www.swimcloud.com/results/373259/event/24/ (no splits, ages or seed times published there)",invitational,"dates Jan 17-18 2026, Legends Aquatic Center, Berkeley CA; timed finals; field includes college and open swimmers, so many rows will be outside the 15-18 scope once ages are known; place 82"
S235,2026_PC_CAL_INVITATIONAL,PC Cal Invitational,2026-01-17,,M,200 FR,SCY,timed_final,,1:55.48,,,,,"SwimCloud event page saved to PDF 2026-08-31, https://www.swimcloud.com/results/373259/event/24/ (no splits, ages or seed times published there)",invitational,"dates Jan 17-18 2026, Legends Aquatic Center, Berkeley CA; timed finals; field includes college and open swimmers, so many rows will be outside the 15-18 scope once ages are known; place 83"
S236,2026_PC_CAL_INVITATIONAL,PC Cal Invitational,2026-01-17,,M,200 FR,SCY,timed_final,,1:55.53,,,,,"SwimCloud event page saved to PDF 2026-08-31, https://www.swimcloud.com/results/373259/event/24/ (no splits, ages or seed times published there)",invitational,"dates Jan 17-18 2026, Legends Aquatic Center, Berkeley CA; timed finals; field includes college and open swimmers, so many rows will be outside the 15-18 scope once ages are known; place 84"
S237,2026_PC_CAL_INVITATIONAL,PC Cal Invitational,2026-01-17,,M,200 FR,SCY,timed_final,,1:55.65,,,,,"SwimCloud event page saved to PDF 2026-08-31, https://www.swimcloud.com/results/373259/event/24/ (no splits, ages or seed times published there)",invitational,"dates Jan 17-18 2026, Legends Aquatic Center, Berkeley CA; timed finals; field includes college and open swimmers, so many rows will be outside the 15-18 scope once ages are known; place 85"
S238,2026_PC_CAL_INVITATIONAL,PC Cal Invitational,2026-01-17,,M,200 FR,SCY,timed_final,,1:55.78,,,,,"SwimCloud event page saved to PDF 2026-08-31, https://www.swimcloud.com/results/373259/event/24/ (no splits, ages or seed times published there)",invitational,"dates Jan 17-18 2026, Legends Aquatic Center, Berkeley CA; timed finals; field includes college and open swimmers, so many rows will be outside the 15-18 scope once ages are known; place 86"
S239,2026_PC_CAL_INVITATIONAL,PC Cal Invitational,2026-01-17,,M,200 FR,SCY,timed_final,,1:55.86,,,,,"SwimCloud event page saved to PDF 2026-08-31, https://www.swimcloud.com/results/373259/event/24/ (no splits, ages or seed times published there)",invitational,"dates Jan 17-18 2026, Legends Aquatic Center, Berkeley CA; timed finals; field includes college and open swimmers, so many rows will be outside the 15-18 scope once ages are known; place 87"
S240,2026_PC_CAL_INVITATIONAL,PC Cal Invitational,2026-01-17,,M,200 FR,SCY,timed_final,,1:55.90,,,,,"SwimCloud event page saved to PDF 2026-08-31, https://www.swimcloud.com/results/373259/event/24/ (no splits, ages or seed times published there)",invitational,"dates Jan 17-18 2026, Legends Aquatic Center, Berkeley CA; timed finals; field includes college and open swimmers, so many rows will be outside the 15-18 scope once ages are known; place 88"
S076,2026_PC_CAL_INVITATIONAL,PC Cal Invitational,2026-01-17,,M,200 FR,SCY,timed_final,,1:55.95,,,,,"SwimCloud event page saved to PDF 2026-08-31, https://www.swimcloud.com/results/373259/event/24/ (no splits, ages or seed times published there)",invitational,"dates Jan 17-18 2026, Legends Aquatic Center, Berkeley CA; timed finals; field includes college and open swimmers, so many rows will be outside the 15-18 scope once ages are known; place 89"
S241,2026_PC_CAL_INVITATIONAL,PC Cal Invitational,2026-01-17,,M,200 FR,SCY,timed_final,,1:56.17,,,,,"SwimCloud event page saved to PDF 2026-08-31, https://www.swimcloud.com/results/373259/event/24/ (no splits, ages or seed times published there)",invitational,"dates Jan 17-18 2026, Legends Aquatic Center, Berkeley CA; timed finals; field includes college and open swimmers, so many rows will be outside the 15-18 scope once ages are known; place 90"
S242,2026_PC_CAL_INVITATIONAL,PC Cal Invitational,2026-01-17,,M,200 FR,SCY,timed_final,,1:56.29,,,,,"SwimCloud event page saved to PDF 2026-08-31, https://www.swimcloud.com/results/373259/event/24/ (no splits, ages or seed times published there)",invitational,"dates Jan 17-18 2026, Legends Aquatic Center, Berkeley CA; timed finals; field includes college and open swimmers, so many rows will be outside the 15-18 scope once ages are known; place 91"
S243,2026_PC_CAL_INVITATIONAL,PC Cal Invitational,2026-01-17,,M,200 FR,SCY,timed_final,,1:56.46,,,,,"SwimCloud event page saved to PDF 2026-08-31, https://www.swimcloud.com/results/373259/event/24/ (no splits, ages or seed times published there)",invitational,"dates Jan 17-18 2026, Legends Aquatic Center, Berkeley CA; timed finals; field includes college and open swimmers, so many rows will be outside the 15-18 scope once ages are known; place 92"
S244,2026_PC_CAL_INVITATIONAL,PC Cal Invitational,2026-01-17,,M,200 FR,SCY,timed_final,,1:56.56,,,,,"SwimCloud event page saved to PDF 2026-08-31, https://www.swimcloud.com/results/373259/event/24/ (no splits, ages or seed times published there)",invitational,"dates Jan 17-18 2026, Legends Aquatic Center, Berkeley CA; timed finals; field includes college and open swimmers, so many rows will be outside the 15-18 scope once ages are known; place 93"
S245,2026_PC_CAL_INVITATIONAL,PC Cal Invitational,2026-01-17,,M,200 FR,SCY,timed_final,,1:56.85,,,,,"SwimCloud event page saved to PDF 2026-08-31, https://www.swimcloud.com/results/373259/event/24/ (no splits, ages or seed times published there)",invitational,"dates Jan 17-18 2026, Legends Aquatic Center, Berkeley CA; timed finals; field includes college and open swimmers, so many rows will be outside the 15-18 scope once ages are known; place 94"
S246,2026_PC_CAL_INVITATIONAL,PC Cal Invitational,2026-01-17,,M,200 FR,SCY,timed_final,,1:56.87,,,,,"SwimCloud event page saved to PDF 2026-08-31, https://www.swimcloud.com/results/373259/event/24/ (no splits, ages or seed times published there)",invitational,"dates Jan 17-18 2026, Legends Aquatic Center, Berkeley CA; timed finals; field includes college and open swimmers, so many rows will be outside the 15-18 scope once ages are known; place 95"
S247,2026_PC_CAL_INVITATIONAL,PC Cal Invitational,2026-01-17,,M,200 FR,SCY,timed_final,,1:56.95,,,,,"SwimCloud event page saved to PDF 2026-08-31, https://www.swimcloud.com/results/373259/event/24/ (no splits, ages or seed times published there)",invitational,"dates Jan 17-18 2026, Legends Aquatic Center, Berkeley CA; timed finals; field includes college and open swimmers, so many rows will be outside the 15-18 scope once ages are known; place 96"
S248,2026_PC_CAL_INVITATIONAL,PC Cal Invitational,2026-01-17,,M,200 FR,SCY,timed_final,,1:57.07,,,,,"SwimCloud event page saved to PDF 2026-08-31, https://www.swimcloud.com/results/373259/event/24/ (no splits, ages or seed times published there)",invitational,"dates Jan 17-18 2026, Legends Aquatic Center, Berkeley CA; timed finals; field includes college and open swimmers, so many rows will be outside the 15-18 scope once ages are known; place 97"
S249,2026_PC_CAL_INVITATIONAL,PC Cal Invitational,2026-01-17,,M,200 FR,SCY,timed_final,,1:57.30,,,,,"SwimCloud event page saved to PDF 2026-08-31, https://www.swimcloud.com/results/373259/event/24/ (no splits, ages or seed times published there)",invitational,"dates Jan 17-18 2026, Legends Aquatic Center, Berkeley CA; timed finals; field includes college and open swimmers, so many rows will be outside the 15-18 scope once ages are known; place 98"
S250,2026_PC_CAL_INVITATIONAL,PC Cal Invitational,2026-01-17,,M,200 FR,SCY,timed_final,,1:57.51,,,,,"SwimCloud event page saved to PDF 2026-08-31, https://www.swimcloud.com/results/373259/event/24/ (no splits, ages or seed times published there)",invitational,"dates Jan 17-18 2026, Legends Aquatic Center, Berkeley CA; timed finals; field includes college and open swimmers, so many rows will be outside the 15-18 scope once ages are known; place 99"
S251,2026_PC_CAL_INVITATIONAL,PC Cal Invitational,2026-01-17,,M,200 FR,SCY,timed_final,,1:58.07,,,,,"SwimCloud event page saved to PDF 2026-08-31, https://www.swimcloud.com/results/373259/event/24/ (no splits, ages or seed times published there)",invitational,"dates Jan 17-18 2026, Legends Aquatic Center, Berkeley CA; timed finals; field includes college and open swimmers, so many rows will be outside the 15-18 scope once ages are known; place 100"
S151,2026_PC_CAL_INVITATIONAL,PC Cal Invitational,2026-01-17,,M,200 FR,SCY,timed_final,,1:58.16,,,,,"SwimCloud event page saved to PDF 2026-08-31, https://www.swimcloud.com/results/373259/event/24/ (no splits, ages or seed times published there)",invitational,"dates Jan 17-18 2026, Legends Aquatic Center, Berkeley CA; timed finals; field includes college and open swimmers, so many rows will be outside the 15-18 scope once ages are known; place 101"
S252,2026_PC_CAL_INVITATIONAL,PC Cal Invitational,2026-01-17,,M,200 FR,SCY,timed_final,,1:58.30,,,,,"SwimCloud event page saved to PDF 2026-08-31, https://www.swimcloud.com/results/373259/event/24/ (no splits, ages or seed times published there)",invitational,"dates Jan 17-18 2026, Legends Aquatic Center, Berkeley CA; timed finals; field includes college and open swimmers, so many rows will be outside the 15-18 scope once ages are known; place 102"
S253,2026_PC_CAL_INVITATIONAL,PC Cal Invitational,2026-01-17,,M,200 FR,SCY,timed_final,,1:58.46,,,,,"SwimCloud event page saved to PDF 2026-08-31, https://www.swimcloud.com/results/373259/event/24/ (no splits, ages or seed times published there)",invitational,"dates Jan 17-18 2026, Legends Aquatic Center, Berkeley CA; timed finals; field includes college and open swimmers, so many rows will be outside the 15-18 scope once ages are known; place 103"
S254,2026_PC_CAL_INVITATIONAL,PC Cal Invitational,2026-01-17,,M,200 FR,SCY,timed_final,,1:58.57,,,,,"SwimCloud event page saved to PDF 2026-08-31, https://www.swimcloud.com/results/373259/event/24/ (no splits, ages or seed times published there)",invitational,"dates Jan 17-18 2026, Legends Aquatic Center, Berkeley CA; timed finals; field includes college and open swimmers, so many rows will be outside the 15-18 scope once ages are known; place 104"
S255,2026_PC_CAL_INVITATIONAL,PC Cal Invitational,2026-01-17,,M,200 FR,SCY,timed_final,,1:59.05,,,,,"SwimCloud event page saved to PDF 2026-08-31, https://www.swimcloud.com/results/373259/event/24/ (no splits, ages or seed times published there)",invitational,"dates Jan 17-18 2026, Legends Aquatic Center, Berkeley CA; timed finals; field includes college and open swimmers, so many rows will be outside the 15-18 scope once ages are known; place 105"
S087,2026_PC_CAL_INVITATIONAL,PC Cal Invitational,2026-01-17,,M,200 FR,SCY,timed_final,,1:59.25,,,,,"SwimCloud event page saved to PDF 2026-08-31, https://www.swimcloud.com/results/373259/event/24/ (no splits, ages or seed times published there)",invitational,"dates Jan 17-18 2026, Legends Aquatic Center, Berkeley CA; timed finals; field includes college and open swimmers, so many rows will be outside the 15-18 scope once ages are known; place 106"
S256,2026_PC_CAL_INVITATIONAL,PC Cal Invitational,2026-01-17,,M,200 FR,SCY,timed_final,,1:59.35,,,,,"SwimCloud event page saved to PDF 2026-08-31, https://www.swimcloud.com/results/373259/event/24/ (no splits, ages or seed times published there)",invitational,"dates Jan 17-18 2026, Legends Aquatic Center, Berkeley CA; timed finals; field includes college and open swimmers, so many rows will be outside the 15-18 scope once ages are known; place 107"
S257,2026_PC_CAL_INVITATIONAL,PC Cal Invitational,2026-01-17,,M,200 FR,SCY,timed_final,,1:59.46,,,,,"SwimCloud event page saved to PDF 2026-08-31, https://www.swimcloud.com/results/373259/event/24/ (no splits, ages or seed times published there)",invitational,"dates Jan 17-18 2026, Legends Aquatic Center, Berkeley CA; timed finals; field includes college and open swimmers, so many rows will be outside the 15-18 scope once ages are known; place 108"
S258,2026_PC_CAL_INVITATIONAL,PC Cal Invitational,2026-01-17,,M,200 FR,SCY,timed_final,,1:59.77,,,,,"SwimCloud event page saved to PDF 2026-08-31, https://www.swimcloud.com/results/373259/event/24/ (no splits, ages or seed times published there)",invitational,"dates Jan 17-18 2026, Legends Aquatic Center, Berkeley CA; timed finals; field includes college and open swimmers, so many rows will be outside the 15-18 scope once ages are known; place 109"
S259,2026_PC_CAL_INVITATIONAL,PC Cal Invitational,2026-01-17,,M,200 FR,SCY,timed_final,,2:00.90,,,,,"SwimCloud event page saved to PDF 2026-08-31, https://www.swimcloud.com/results/373259/event/24/ (no splits, ages or seed times published there)",invitational,"dates Jan 17-18 2026, Legends Aquatic Center, Berkeley CA; timed finals; field includes college and open swimmers, so many rows will be outside the 15-18 scope once ages are known; place 110"
S260,2026_PC_CAL_INVITATIONAL,PC Cal Invitational,2026-01-17,,M,200 FR,SCY,timed_final,,2:00.98,,,,,"SwimCloud event page saved to PDF 2026-08-31, https://www.swimcloud.com/results/373259/event/24/ (no splits, ages or seed times published there)",invitational,"dates Jan 17-18 2026, Legends Aquatic Center, Berkeley CA; timed finals; field includes college and open swimmers, so many rows will be outside the 15-18 scope once ages are known; place 111"
S261,2026_PC_CAL_INVITATIONAL,PC Cal Invitational,2026-01-17,,M,200 FR,SCY,timed_final,,2:01.20,,,,,"SwimCloud event page saved to PDF 2026-08-31, https://www.swimcloud.com/results/373259/event/24/ (no splits, ages or seed times published there)",invitational,"dates Jan 17-18 2026, Legends Aquatic Center, Berkeley CA; timed finals; field includes college and open swimmers, so many rows will be outside the 15-18 scope once ages are known; place 112"
S115,2026_PC_CAL_INVITATIONAL,PC Cal Invitational,2026-01-17,,M,200 FR,SCY,timed_final,,2:01.34,,,,,"SwimCloud event page saved to PDF 2026-08-31, https://www.swimcloud.com/results/373259/event/24/ (no splits, ages or seed times published there)",invitational,"dates Jan 17-18 2026, Legends Aquatic Center, Berkeley CA; timed finals; field includes college and open swimmers, so many rows will be outside the 15-18 scope once ages are known; place 113"
S262,2026_PC_CAL_INVITATIONAL,PC Cal Invitational,2026-01-17,,M,200 FR,SCY,timed_final,,2:01.85,,,,,"SwimCloud event page saved to PDF 2026-08-31, https://www.swimcloud.com/results/373259/event/24/ (no splits, ages or seed times published there)",invitational,"dates Jan 17-18 2026, Legends Aquatic Center, Berkeley CA; timed finals; field includes college and open swimmers, so many rows will be outside the 15-18 scope once ages are known; place 114"
S263,2026_PC_CAL_INVITATIONAL,PC Cal Invitational,2026-01-17,,M,200 FR,SCY,timed_final,,2:02.73,,,,,"SwimCloud event page saved to PDF 2026-08-31, https://www.swimcloud.com/results/373259/event/24/ (no splits, ages or seed times published there)",invitational,"dates Jan 17-18 2026, Legends Aquatic Center, Berkeley CA; timed finals; field includes college and open swimmers, so many rows will be outside the 15-18 scope once ages are known; place 115"
S264,2026_PC_CAL_INVITATIONAL,PC Cal Invitational,2026-01-17,,M,200 FR,SCY,timed_final,,2:03.29,,,,,"SwimCloud event page saved to PDF 2026-08-31, https://www.swimcloud.com/results/373259/event/24/ (no splits, ages or seed times published there)",invitational,"dates Jan 17-18 2026, Legends Aquatic Center, Berkeley CA; timed finals; field includes college and open swimmers, so many rows will be outside the 15-18 scope once ages are known; place 116"
S265,2026_PC_CAL_INVITATIONAL,PC Cal Invitational,2026-01-17,,M,200 FR,SCY,timed_final,,2:03.72,,,,,"SwimCloud event page saved to PDF 2026-08-31, https://www.swimcloud.com/results/373259/event/24/ (no splits, ages or seed times published there)",invitational,"dates Jan 17-18 2026, Legends Aquatic Center, Berkeley CA; timed finals; field includes college and open swimmers, so many rows will be outside the 15-18 scope once ages are known; place 117"
S266,2026_PC_CAL_INVITATIONAL,PC Cal Invitational,2026-01-17,,M,200 FR,SCY,timed_final,,2:04.74,,,,,"SwimCloud event page saved to PDF 2026-08-31, https://www.swimcloud.com/results/373259/event/24/ (no splits, ages or seed times published there)",invitational,"dates Jan 17-18 2026, Legends Aquatic Center, Berkeley CA; timed finals; field includes college and open swimmers, so many rows will be outside the 15-18 scope once ages are known; place 118"
S267,2026_PC_CAL_INVITATIONAL,PC Cal Invitational,2026-01-17,,M,200 FR,SCY,timed_final,,2:05.91,,,,,"SwimCloud event page saved to PDF 2026-08-31, https://www.swimcloud.com/results/373259/event/24/ (no splits, ages or seed times published there)",invitational,"dates Jan 17-18 2026, Legends Aquatic Center, Berkeley CA; timed finals; field includes college and open swimmers, so many rows will be outside the 15-18 scope once ages are known; place 119"
S116,2026_PC_CAL_INVITATIONAL,PC Cal Invitational,2026-01-17,,M,200 FR,SCY,timed_final,,2:07.38,,,,,"SwimCloud event page saved to PDF 2026-08-31, https://www.swimcloud.com/results/373259/event/24/ (no splits, ages or seed times published there)",invitational,"dates Jan 17-18 2026, Legends Aquatic Center, Berkeley CA; timed finals; field includes college and open swimmers, so many rows will be outside the 15-18 scope once ages are known; place 120"
S268,2026_PC_CAL_INVITATIONAL,PC Cal Invitational,2026-01-17,,M,200 FR,SCY,timed_final,,2:12.00,,,,,"SwimCloud event page saved to PDF 2026-08-31, https://www.swimcloud.com/results/373259/event/24/ (no splits, ages or seed times published there)",invitational,"dates Jan 17-18 2026, Legends Aquatic Center, Berkeley CA; timed finals; field includes college and open swimmers, so many rows will be outside the 15-18 scope once ages are known; place 121"
S269,2026_PC_CAL_INVITATIONAL,PC Cal Invitational,2026-01-17,,M,200 FR,SCY,timed_final,,2:16.16,,,,,"SwimCloud event page saved to PDF 2026-08-31, https://www.swimcloud.com/results/373259/event/24/ (no splits, ages or seed times published there)",invitational,"dates Jan 17-18 2026, Legends Aquatic Center, Berkeley CA; timed finals; field includes college and open swimmers, so many rows will be outside the 15-18 scope once ages are known; place 122"
S270,2026_PC_TERA_FAR_WESTERN,PC TERA Far Western Championships,2026-07-30,,M,200 FR,LCM,final,,1:54.27,,,,,"SwimCloud event page saved to PDF 2026-08-31, https://www.swimcloud.com/results/393282/event/18/ (no splits, ages or seed times published there)",championship,"dates Jul 30 - Aug 2 2026; LONG COURSE METRES, retained only so the course guard is exercised on real data; age group recorded from the section header; age group 17 and over; place 1"
S271,2026_PC_TERA_FAR_WESTERN,PC TERA Far Western Championships,2026-07-30,,M,200 FR,LCM,final,,1:54.63,,,,,"SwimCloud event page saved to PDF 2026-08-31, https://www.swimcloud.com/results/393282/event/18/ (no splits, ages or seed times published there)",championship,"dates Jul 30 - Aug 2 2026; LONG COURSE METRES, retained only so the course guard is exercised on real data; age group recorded from the section header; age group 17 and over; place 2"
S053,2026_PC_TERA_FAR_WESTERN,PC TERA Far Western Championships,2026-07-30,,M,200 FR,LCM,final,,1:56.50,,,,,"SwimCloud event page saved to PDF 2026-08-31, https://www.swimcloud.com/results/393282/event/18/ (no splits, ages or seed times published there)",championship,"dates Jul 30 - Aug 2 2026; LONG COURSE METRES, retained only so the course guard is exercised on real data; age group recorded from the section header; age group 17 and over; place 3"
S272,2026_PC_TERA_FAR_WESTERN,PC TERA Far Western Championships,2026-07-30,,M,200 FR,LCM,final,,1:57.48,,,,,"SwimCloud event page saved to PDF 2026-08-31, https://www.swimcloud.com/results/393282/event/18/ (no splits, ages or seed times published there)",championship,"dates Jul 30 - Aug 2 2026; LONG COURSE METRES, retained only so the course guard is exercised on real data; age group recorded from the section header; age group 17 and over; place 4"
S273,2026_PC_TERA_FAR_WESTERN,PC TERA Far Western Championships,2026-07-30,,M,200 FR,LCM,final,,1:59.69,,,,,"SwimCloud event page saved to PDF 2026-08-31, https://www.swimcloud.com/results/393282/event/18/ (no splits, ages or seed times published there)",championship,"dates Jul 30 - Aug 2 2026; LONG COURSE METRES, retained only so the course guard is exercised on real data; age group recorded from the section header; age group 17 and over; place 5"
S060,2026_PC_TERA_FAR_WESTERN,PC TERA Far Western Championships,2026-07-30,,M,200 FR,LCM,final,,1:59.72,,,,,"SwimCloud event page saved to PDF 2026-08-31, https://www.swimcloud.com/results/393282/event/18/ (no splits, ages or seed times published there)",championship,"dates Jul 30 - Aug 2 2026; LONG COURSE METRES, retained only so the course guard is exercised on real data; age group recorded from the section header; age group 17 and over; place 6; same name in 2 meets with different team listings; treated as one person, verify when splits arrive"
S274,2026_PC_TERA_FAR_WESTERN,PC TERA Far Western Championships,2026-07-30,,M,200 FR,LCM,final,,1:59.80,,,,,"SwimCloud event page saved to PDF 2026-08-31, https://www.swimcloud.com/results/393282/event/18/ (no splits, ages or seed times published there)",championship,"dates Jul 30 - Aug 2 2026; LONG COURSE METRES, retained only so the course guard is exercised on real data; age group recorded from the section header; age group 17 and over; place 7"
S275,2026_PC_TERA_FAR_WESTERN,PC TERA Far Western Championships,2026-07-30,,M,200 FR,LCM,final,,2:00.57,,,,,"SwimCloud event page saved to PDF 2026-08-31, https://www.swimcloud.com/results/393282/event/18/ (no splits, ages or seed times published there)",championship,"dates Jul 30 - Aug 2 2026; LONG COURSE METRES, retained only so the course guard is exercised on real data; age group recorded from the section header; age group 17 and over; place 8"
S276,2026_PC_TERA_FAR_WESTERN,PC TERA Far Western Championships,2026-07-30,,M,200 FR,LCM,final,,2:01.45,,,,,"SwimCloud event page saved to PDF 2026-08-31, https://www.swimcloud.com/results/393282/event/18/ (no splits, ages or seed times published there)",championship,"dates Jul 30 - Aug 2 2026; LONG COURSE METRES, retained only so the course guard is exercised on real data; age group recorded from the section header; age group 17 and over; place 9"
S271,2026_PC_TERA_FAR_WESTERN,PC TERA Far Western Championships,2026-07-30,,M,200 FR,LCM,prelim,,1:55.48,,,,,"SwimCloud event page saved to PDF 2026-08-31, https://www.swimcloud.com/results/393282/event/18/ (no splits, ages or seed times published there)",championship,"dates Jul 30 - Aug 2 2026; LONG COURSE METRES, retained only so the course guard is exercised on real data; age group recorded from the section header; age group 17 and over; place 1"
S270,2026_PC_TERA_FAR_WESTERN,PC TERA Far Western Championships,2026-07-30,,M,200 FR,LCM,prelim,,1:56.21,,,,,"SwimCloud event page saved to PDF 2026-08-31, https://www.swimcloud.com/results/393282/event/18/ (no splits, ages or seed times published there)",championship,"dates Jul 30 - Aug 2 2026; LONG COURSE METRES, retained only so the course guard is exercised on real data; age group recorded from the section header; age group 17 and over; place 2"
S053,2026_PC_TERA_FAR_WESTERN,PC TERA Far Western Championships,2026-07-30,,M,200 FR,LCM,prelim,,1:56.28,,,,,"SwimCloud event page saved to PDF 2026-08-31, https://www.swimcloud.com/results/393282/event/18/ (no splits, ages or seed times published there)",championship,"dates Jul 30 - Aug 2 2026; LONG COURSE METRES, retained only so the course guard is exercised on real data; age group recorded from the section header; age group 17 and over; place 3"
S272,2026_PC_TERA_FAR_WESTERN,PC TERA Far Western Championships,2026-07-30,,M,200 FR,LCM,prelim,,1:58.33,,,,,"SwimCloud event page saved to PDF 2026-08-31, https://www.swimcloud.com/results/393282/event/18/ (no splits, ages or seed times published there)",championship,"dates Jul 30 - Aug 2 2026; LONG COURSE METRES, retained only so the course guard is exercised on real data; age group recorded from the section header; age group 17 and over; place 4"
S060,2026_PC_TERA_FAR_WESTERN,PC TERA Far Western Championships,2026-07-30,,M,200 FR,LCM,prelim,,1:59.33,,,,,"SwimCloud event page saved to PDF 2026-08-31, https://www.swimcloud.com/results/393282/event/18/ (no splits, ages or seed times published there)",championship,"dates Jul 30 - Aug 2 2026; LONG COURSE METRES, retained only so the course guard is exercised on real data; age group recorded from the section header; age group 17 and over; place 5; same name in 2 meets with different team listings; treated as one person, verify when splits arrive"
S273,2026_PC_TERA_FAR_WESTERN,PC TERA Far Western Championships,2026-07-30,,M,200 FR,LCM,prelim,,2:00.20,,,,,"SwimCloud event page saved to PDF 2026-08-31, https://www.swimcloud.com/results/393282/event/18/ (no splits, ages or seed times published there)",championship,"dates Jul 30 - Aug 2 2026; LONG COURSE METRES, retained only so the course guard is exercised on real data; age group recorded from the section header; age group 17 and over; place 6"
S005,2026_PC_TERA_FAR_WESTERN,PC TERA Far Western Championships,2026-07-30,,M,200 FR,LCM,prelim,,2:00.53,,,,,"SwimCloud event page saved to PDF 2026-08-31, https://www.swimcloud.com/results/393282/event/18/ (no splits, ages or seed times published there)",championship,"dates Jul 30 - Aug 2 2026; LONG COURSE METRES, retained only so the course guard is exercised on real data; age group recorded from the section header; age group 17 and over; place 7"
S274,2026_PC_TERA_FAR_WESTERN,PC TERA Far Western Championships,2026-07-30,,M,200 FR,LCM,prelim,,2:00.95,,,,,"SwimCloud event page saved to PDF 2026-08-31, https://www.swimcloud.com/results/393282/event/18/ (no splits, ages or seed times published there)",championship,"dates Jul 30 - Aug 2 2026; LONG COURSE METRES, retained only so the course guard is exercised on real data; age group recorded from the section header; age group 17 and over; place 8"
S276,2026_PC_TERA_FAR_WESTERN,PC TERA Far Western Championships,2026-07-30,,M,200 FR,LCM,prelim,,2:01.69,,,,,"SwimCloud event page saved to PDF 2026-08-31, https://www.swimcloud.com/results/393282/event/18/ (no splits, ages or seed times published there)",championship,"dates Jul 30 - Aug 2 2026; LONG COURSE METRES, retained only so the course guard is exercised on real data; age group recorded from the section header; age group 17 and over; place 9"
S277,2026_PC_TERA_FAR_WESTERN,PC TERA Far Western Championships,2026-07-30,,M,200 FR,LCM,prelim,,2:02.54,,,,,"SwimCloud event page saved to PDF 2026-08-31, https://www.swimcloud.com/results/393282/event/18/ (no splits, ages or seed times published there)",championship,"dates Jul 30 - Aug 2 2026; LONG COURSE METRES, retained only so the course guard is exercised on real data; age group recorded from the section header; age group 17 and over; place 11"
S197,2026_PC_TERA_FAR_WESTERN,PC TERA Far Western Championships,2026-07-30,,M,200 FR,LCM,prelim,,2:03.39,,,,,"SwimCloud event page saved to PDF 2026-08-31, https://www.swimcloud.com/results/393282/event/18/ (no splits, ages or seed times published there)",championship,"dates Jul 30 - Aug 2 2026; LONG COURSE METRES, retained only so the course guard is exercised on real data; age group recorded from the section header; age group 17 and over; place 12"
S278,2026_PC_TERA_FAR_WESTERN,PC TERA Far Western Championships,2026-07-30,,M,200 FR,LCM,prelim,,2:03.39,,,,,"SwimCloud event page saved to PDF 2026-08-31, https://www.swimcloud.com/results/393282/event/18/ (no splits, ages or seed times published there)",championship,"dates Jul 30 - Aug 2 2026; LONG COURSE METRES, retained only so the course guard is exercised on real data; age group recorded from the section header; age group 17 and over; place 12"
S279,2026_PC_TERA_FAR_WESTERN,PC TERA Far Western Championships,2026-07-30,,M,200 FR,LCM,prelim,,2:03.70,,,,,"SwimCloud event page saved to PDF 2026-08-31, https://www.swimcloud.com/results/393282/event/18/ (no splits, ages or seed times published there)",championship,"dates Jul 30 - Aug 2 2026; LONG COURSE METRES, retained only so the course guard is exercised on real data; age group recorded from the section header; age group 17 and over; place 14"
S180,2026_PC_TERA_FAR_WESTERN,PC TERA Far Western Championships,2026-07-30,,M,200 FR,LCM,prelim,,2:04.09,,,,,"SwimCloud event page saved to PDF 2026-08-31, https://www.swimcloud.com/results/393282/event/18/ (no splits, ages or seed times published there)",championship,"dates Jul 30 - Aug 2 2026; LONG COURSE METRES, retained only so the course guard is exercised on real data; age group recorded from the section header; age group 17 and over; place 15"
S062,2026_PC_TERA_FAR_WESTERN,PC TERA Far Western Championships,2026-07-30,,M,200 FR,LCM,prelim,,2:04.23,,,,,"SwimCloud event page saved to PDF 2026-08-31, https://www.swimcloud.com/results/393282/event/18/ (no splits, ages or seed times published there)",championship,"dates Jul 30 - Aug 2 2026; LONG COURSE METRES, retained only so the course guard is exercised on real data; age group recorded from the section header; age group 17 and over; place 16"
S280,2026_PC_TERA_FAR_WESTERN,PC TERA Far Western Championships,2026-07-30,,M,200 FR,LCM,prelim,,2:04.64,,,,,"SwimCloud event page saved to PDF 2026-08-31, https://www.swimcloud.com/results/393282/event/18/ (no splits, ages or seed times published there)",championship,"dates Jul 30 - Aug 2 2026; LONG COURSE METRES, retained only so the course guard is exercised on real data; age group recorded from the section header; age group 17 and over; place 17"
S083,2026_PC_TERA_FAR_WESTERN,PC TERA Far Western Championships,2026-07-30,,M,200 FR,LCM,prelim,,2:05.17,,,,,"SwimCloud event page saved to PDF 2026-08-31, https://www.swimcloud.com/results/393282/event/18/ (no splits, ages or seed times published there)",championship,"dates Jul 30 - Aug 2 2026; LONG COURSE METRES, retained only so the course guard is exercised on real data; age group recorded from the section header; age group 17 and over; place 18"
S281,2026_PC_TERA_FAR_WESTERN,PC TERA Far Western Championships,2026-07-30,,M,200 FR,LCM,prelim,,2:06.86,,,,,"SwimCloud event page saved to PDF 2026-08-31, https://www.swimcloud.com/results/393282/event/18/ (no splits, ages or seed times published there)",championship,"dates Jul 30 - Aug 2 2026; LONG COURSE METRES, retained only so the course guard is exercised on real data; age group recorded from the section header; age group 17 and over; place 19"
S102,2026_PC_TERA_FAR_WESTERN,PC TERA Far Western Championships,2026-07-30,,M,200 FR,LCM,prelim,,2:07.67,,,,,"SwimCloud event page saved to PDF 2026-08-31, https://www.swimcloud.com/results/393282/event/18/ (no splits, ages or seed times published there)",championship,"dates Jul 30 - Aug 2 2026; LONG COURSE METRES, retained only so the course guard is exercised on real data; age group recorded from the section header; age group 17 and over; place 20"
S195,2026_PC_TERA_FAR_WESTERN,PC TERA Far Western Championships,2026-07-30,,M,200 FR,LCM,prelim,,2:07.83,,,,,"SwimCloud event page saved to PDF 2026-08-31, https://www.swimcloud.com/results/393282/event/18/ (no splits, ages or seed times published there)",championship,"dates Jul 30 - Aug 2 2026; LONG COURSE METRES, retained only so the course guard is exercised on real data; age group recorded from the section header; age group 17 and over; place 21"
S282,2026_PC_TERA_FAR_WESTERN,PC TERA Far Western Championships,2026-07-30,,M,200 FR,LCM,final,,1:54.63,,,,,"SwimCloud event page saved to PDF 2026-08-31, https://www.swimcloud.com/results/393282/event/18/ (no splits, ages or seed times published there)",championship,"dates Jul 30 - Aug 2 2026; LONG COURSE METRES, retained only so the course guard is exercised on real data; age group recorded from the section header; age group 15 - 16; place 1"
S007,2026_PC_TERA_FAR_WESTERN,PC TERA Far Western Championships,2026-07-30,,M,200 FR,LCM,final,,1:55.74,,,,,"SwimCloud event page saved to PDF 2026-08-31, https://www.swimcloud.com/results/393282/event/18/ (no splits, ages or seed times published there)",championship,"dates Jul 30 - Aug 2 2026; LONG COURSE METRES, retained only so the course guard is exercised on real data; age group recorded from the section header; age group 15 - 16; place 2"
S283,2026_PC_TERA_FAR_WESTERN,PC TERA Far Western Championships,2026-07-30,,M,200 FR,LCM,final,,1:55.97,,,,,"SwimCloud event page saved to PDF 2026-08-31, https://www.swimcloud.com/results/393282/event/18/ (no splits, ages or seed times published there)",championship,"dates Jul 30 - Aug 2 2026; LONG COURSE METRES, retained only so the course guard is exercised on real data; age group recorded from the section header; age group 15 - 16; place 3"
S284,2026_PC_TERA_FAR_WESTERN,PC TERA Far Western Championships,2026-07-30,,M,200 FR,LCM,final,,1:59.15,,,,,"SwimCloud event page saved to PDF 2026-08-31, https://www.swimcloud.com/results/393282/event/18/ (no splits, ages or seed times published there)",championship,"dates Jul 30 - Aug 2 2026; LONG COURSE METRES, retained only so the course guard is exercised on real data; age group recorded from the section header; age group 15 - 16; place 4"
S179,2026_PC_TERA_FAR_WESTERN,PC TERA Far Western Championships,2026-07-30,,M,200 FR,LCM,final,,2:00.63,,,,,"SwimCloud event page saved to PDF 2026-08-31, https://www.swimcloud.com/results/393282/event/18/ (no splits, ages or seed times published there)",championship,"dates Jul 30 - Aug 2 2026; LONG COURSE METRES, retained only so the course guard is exercised on real data; age group recorded from the section header; age group 15 - 16; place 5"
S041,2026_PC_TERA_FAR_WESTERN,PC TERA Far Western Championships,2026-07-30,,M,200 FR,LCM,final,,2:00.69,,,,,"SwimCloud event page saved to PDF 2026-08-31, https://www.swimcloud.com/results/393282/event/18/ (no splits, ages or seed times published there)",championship,"dates Jul 30 - Aug 2 2026; LONG COURSE METRES, retained only so the course guard is exercised on real data; age group recorded from the section header; age group 15 - 16; place 6"
S093,2026_PC_TERA_FAR_WESTERN,PC TERA Far Western Championships,2026-07-30,,M,200 FR,LCM,final,,2:02.49,,,,,"SwimCloud event page saved to PDF 2026-08-31, https://www.swimcloud.com/results/393282/event/18/ (no splits, ages or seed times published there)",championship,"dates Jul 30 - Aug 2 2026; LONG COURSE METRES, retained only so the course guard is exercised on real data; age group recorded from the section header; age group 15 - 16; place 7"
S285,2026_PC_TERA_FAR_WESTERN,PC TERA Far Western Championships,2026-07-30,,M,200 FR,LCM,final,,2:04.06,,,,,"SwimCloud event page saved to PDF 2026-08-31, https://www.swimcloud.com/results/393282/event/18/ (no splits, ages or seed times published there)",championship,"dates Jul 30 - Aug 2 2026; LONG COURSE METRES, retained only so the course guard is exercised on real data; age group recorded from the section header; age group 15 - 16; place 8"
S286,2026_PC_TERA_FAR_WESTERN,PC TERA Far Western Championships,2026-07-30,,M,200 FR,LCM,final,,2:06.48,,,,,"SwimCloud event page saved to PDF 2026-08-31, https://www.swimcloud.com/results/393282/event/18/ (no splits, ages or seed times published there)",championship,"dates Jul 30 - Aug 2 2026; LONG COURSE METRES, retained only so the course guard is exercised on real data; age group recorded from the section header; age group 15 - 16; place 9"
S007,2026_PC_TERA_FAR_WESTERN,PC TERA Far Western Championships,2026-07-30,,M,200 FR,LCM,prelim,,1:57.69,,,,,"SwimCloud event page saved to PDF 2026-08-31, https://www.swimcloud.com/results/393282/event/18/ (no splits, ages or seed times published there)",championship,"dates Jul 30 - Aug 2 2026; LONG COURSE METRES, retained only so the course guard is exercised on real data; age group recorded from the section header; age group 15 - 16; place 1"
S283,2026_PC_TERA_FAR_WESTERN,PC TERA Far Western Championships,2026-07-30,,M,200 FR,LCM,prelim,,1:57.93,,,,,"SwimCloud event page saved to PDF 2026-08-31, https://www.swimcloud.com/results/393282/event/18/ (no splits, ages or seed times published there)",championship,"dates Jul 30 - Aug 2 2026; LONG COURSE METRES, retained only so the course guard is exercised on real data; age group recorded from the section header; age group 15 - 16; place 2"
S282,2026_PC_TERA_FAR_WESTERN,PC TERA Far Western Championships,2026-07-30,,M,200 FR,LCM,prelim,,1:58.47,,,,,"SwimCloud event page saved to PDF 2026-08-31, https://www.swimcloud.com/results/393282/event/18/ (no splits, ages or seed times published there)",championship,"dates Jul 30 - Aug 2 2026; LONG COURSE METRES, retained only so the course guard is exercised on real data; age group recorded from the section header; age group 15 - 16; place 3"
S284,2026_PC_TERA_FAR_WESTERN,PC TERA Far Western Championships,2026-07-30,,M,200 FR,LCM,prelim,,1:59.16,,,,,"SwimCloud event page saved to PDF 2026-08-31, https://www.swimcloud.com/results/393282/event/18/ (no splits, ages or seed times published there)",championship,"dates Jul 30 - Aug 2 2026; LONG COURSE METRES, retained only so the course guard is exercised on real data; age group recorded from the section header; age group 15 - 16; place 4"
S179,2026_PC_TERA_FAR_WESTERN,PC TERA Far Western Championships,2026-07-30,,M,200 FR,LCM,prelim,,1:59.49,,,,,"SwimCloud event page saved to PDF 2026-08-31, https://www.swimcloud.com/results/393282/event/18/ (no splits, ages or seed times published there)",championship,"dates Jul 30 - Aug 2 2026; LONG COURSE METRES, retained only so the course guard is exercised on real data; age group recorded from the section header; age group 15 - 16; place 5"
S041,2026_PC_TERA_FAR_WESTERN,PC TERA Far Western Championships,2026-07-30,,M,200 FR,LCM,prelim,,2:00.44,,,,,"SwimCloud event page saved to PDF 2026-08-31, https://www.swimcloud.com/results/393282/event/18/ (no splits, ages or seed times published there)",championship,"dates Jul 30 - Aug 2 2026; LONG COURSE METRES, retained only so the course guard is exercised on real data; age group recorded from the section header; age group 15 - 16; place 6"
S285,2026_PC_TERA_FAR_WESTERN,PC TERA Far Western Championships,2026-07-30,,M,200 FR,LCM,prelim,,2:01.82,,,,,"SwimCloud event page saved to PDF 2026-08-31, https://www.swimcloud.com/results/393282/event/18/ (no splits, ages or seed times published there)",championship,"dates Jul 30 - Aug 2 2026; LONG COURSE METRES, retained only so the course guard is exercised on real data; age group recorded from the section header; age group 15 - 16; place 7"
S093,2026_PC_TERA_FAR_WESTERN,PC TERA Far Western Championships,2026-07-30,,M,200 FR,LCM,prelim,,2:01.88,,,,,"SwimCloud event page saved to PDF 2026-08-31, https://www.swimcloud.com/results/393282/event/18/ (no splits, ages or seed times published there)",championship,"dates Jul 30 - Aug 2 2026; LONG COURSE METRES, retained only so the course guard is exercised on real data; age group recorded from the section header; age group 15 - 16; place 8"
S286,2026_PC_TERA_FAR_WESTERN,PC TERA Far Western Championships,2026-07-30,,M,200 FR,LCM,prelim,,2:02.59,,,,,"SwimCloud event page saved to PDF 2026-08-31, https://www.swimcloud.com/results/393282/event/18/ (no splits, ages or seed times published there)",championship,"dates Jul 30 - Aug 2 2026; LONG COURSE METRES, retained only so the course guard is exercised on real data; age group recorded from the section header; age group 15 - 16; place 9"
S023,2026_PC_TERA_FAR_WESTERN,PC TERA Far Western Championships,2026-07-30,,M,200 FR,LCM,prelim,,2:02.92,,,,,"SwimCloud event page saved to PDF 2026-08-31, https://www.swimcloud.com/results/393282/event/18/ (no splits, ages or seed times published there)",championship,"dates Jul 30 - Aug 2 2026; LONG COURSE METRES, retained only so the course guard is exercised on real data; age group recorded from the section header; age group 15 - 16; place 10"
S287,2026_PC_TERA_FAR_WESTERN,PC TERA Far Western Championships,2026-07-30,,M,200 FR,LCM,prelim,,2:03.86,,,,,"SwimCloud event page saved to PDF 2026-08-31, https://www.swimcloud.com/results/393282/event/18/ (no splits, ages or seed times published there)",championship,"dates Jul 30 - Aug 2 2026; LONG COURSE METRES, retained only so the course guard is exercised on real data; age group recorded from the section header; age group 15 - 16; place 11"
S054,2026_PC_TERA_FAR_WESTERN,PC TERA Far Western Championships,2026-07-30,,M,200 FR,LCM,prelim,,2:04.37,,,,,"SwimCloud event page saved to PDF 2026-08-31, https://www.swimcloud.com/results/393282/event/18/ (no splits, ages or seed times published there)",championship,"dates Jul 30 - Aug 2 2026; LONG COURSE METRES, retained only so the course guard is exercised on real data; age group recorded from the section header; age group 15 - 16; place 12"
S288,2026_PC_TERA_FAR_WESTERN,PC TERA Far Western Championships,2026-07-30,,M,200 FR,LCM,prelim,,2:04.44,,,,,"SwimCloud event page saved to PDF 2026-08-31, https://www.swimcloud.com/results/393282/event/18/ (no splits, ages or seed times published there)",championship,"dates Jul 30 - Aug 2 2026; LONG COURSE METRES, retained only so the course guard is exercised on real data; age group recorded from the section header; age group 15 - 16; place 13"
S289,2026_PC_TERA_FAR_WESTERN,PC TERA Far Western Championships,2026-07-30,,M,200 FR,LCM,prelim,,2:04.95,,,,,"SwimCloud event page saved to PDF 2026-08-31, https://www.swimcloud.com/results/393282/event/18/ (no splits, ages or seed times published there)",championship,"dates Jul 30 - Aug 2 2026; LONG COURSE METRES, retained only so the course guard is exercised on real data; age group recorded from the section header; age group 15 - 16; place 14"
S290,2026_PC_TERA_FAR_WESTERN,PC TERA Far Western Championships,2026-07-30,,M,200 FR,LCM,prelim,,2:05.03,,,,,"SwimCloud event page saved to PDF 2026-08-31, https://www.swimcloud.com/results/393282/event/18/ (no splits, ages or seed times published there)",championship,"dates Jul 30 - Aug 2 2026; LONG COURSE METRES, retained only so the course guard is exercised on real data; age group recorded from the section header; age group 15 - 16; place 15"
S065,2026_PC_TERA_FAR_WESTERN,PC TERA Far Western Championships,2026-07-30,,M,200 FR,LCM,prelim,,2:05.17,,,,,"SwimCloud event page saved to PDF 2026-08-31, https://www.swimcloud.com/results/393282/event/18/ (no splits, ages or seed times published there)",championship,"dates Jul 30 - Aug 2 2026; LONG COURSE METRES, retained only so the course guard is exercised on real data; age group recorded from the section header; age group 15 - 16; place 16"
S291,2026_PC_TERA_FAR_WESTERN,PC TERA Far Western Championships,2026-07-30,,M,200 FR,LCM,prelim,,2:05.63,,,,,"SwimCloud event page saved to PDF 2026-08-31, https://www.swimcloud.com/results/393282/event/18/ (no splits, ages or seed times published there)",championship,"dates Jul 30 - Aug 2 2026; LONG COURSE METRES, retained only so the course guard is exercised on real data; age group recorded from the section header; age group 15 - 16; place 17"
S292,2026_PC_TERA_FAR_WESTERN,PC TERA Far Western Championships,2026-07-30,,M,200 FR,LCM,prelim,,2:05.88,,,,,"SwimCloud event page saved to PDF 2026-08-31, https://www.swimcloud.com/results/393282/event/18/ (no splits, ages or seed times published there)",championship,"dates Jul 30 - Aug 2 2026; LONG COURSE METRES, retained only so the course guard is exercised on real data; age group recorded from the section header; age group 15 - 16; place 18"
S293,2026_PC_TERA_FAR_WESTERN,PC TERA Far Western Championships,2026-07-30,,M,200 FR,LCM,prelim,,2:07.20,,,,,"SwimCloud event page saved to PDF 2026-08-31, https://www.swimcloud.com/results/393282/event/18/ (no splits, ages or seed times published there)",championship,"dates Jul 30 - Aug 2 2026; LONG COURSE METRES, retained only so the course guard is exercised on real data; age group recorded from the section header; age group 15 - 16; place 19"
S294,2026_PC_TERA_FAR_WESTERN,PC TERA Far Western Championships,2026-07-30,,M,200 FR,LCM,prelim,,2:07.76,,,,,"SwimCloud event page saved to PDF 2026-08-31, https://www.swimcloud.com/results/393282/event/18/ (no splits, ages or seed times published there)",championship,"dates Jul 30 - Aug 2 2026; LONG COURSE METRES, retained only so the course guard is exercised on real data; age group recorded from the section header; age group 15 - 16; place 20"
S295,2026_PC_TERA_FAR_WESTERN,PC TERA Far Western Championships,2026-07-30,,M,200 FR,LCM,prelim,,2:08.09,,,,,"SwimCloud event page saved to PDF 2026-08-31, https://www.swimcloud.com/results/393282/event/18/ (no splits, ages or seed times published there)",championship,"dates Jul 30 - Aug 2 2026; LONG COURSE METRES, retained only so the course guard is exercised on real data; age group recorded from the section header; age group 15 - 16; place 21"
S112,2026_PC_TERA_FAR_WESTERN,PC TERA Far Western Championships,2026-07-30,,M,200 FR,LCM,prelim,,2:08.12,,,,,"SwimCloud event page saved to PDF 2026-08-31, https://www.swimcloud.com/results/393282/event/18/ (no splits, ages or seed times published there)",championship,"dates Jul 30 - Aug 2 2026; LONG COURSE METRES, retained only so the course guard is exercised on real data; age group recorded from the section header; age group 15 - 16; place 22"
S296,2026_PC_TERA_FAR_WESTERN,PC TERA Far Western Championships,2026-07-30,,M,200 FR,LCM,prelim,,2:09.98,,,,,"SwimCloud event page saved to PDF 2026-08-31, https://www.swimcloud.com/results/393282/event/18/ (no splits, ages or seed times published there)",championship,"dates Jul 30 - Aug 2 2026; LONG COURSE METRES, retained only so the course guard is exercised on real data; age group recorded from the section header; age group 15 - 16; place 23"
S297,2026_PC_TERA_FAR_WESTERN,PC TERA Far Western Championships,2026-07-30,,M,200 FR,LCM,prelim,,2:10.13,,,,,"SwimCloud event page saved to PDF 2026-08-31, https://www.swimcloud.com/results/393282/event/18/ (no splits, ages or seed times published there)",championship,"dates Jul 30 - Aug 2 2026; LONG COURSE METRES, retained only so the course guard is exercised on real data; age group recorded from the section header; age group 15 - 16; place 24"
S228,2026_PC_TERA_FAR_WESTERN,PC TERA Far Western Championships,2026-07-30,,M,200 FR,LCM,prelim,,2:10.66,,,,,"SwimCloud event page saved to PDF 2026-08-31, https://www.swimcloud.com/results/393282/event/18/ (no splits, ages or seed times published there)",championship,"dates Jul 30 - Aug 2 2026; LONG COURSE METRES, retained only so the course guard is exercised on real data; age group recorded from the section header; age group 15 - 16; place 25"
S298,2026_PC_TERA_FAR_WESTERN,PC TERA Far Western Championships,2026-07-30,,M,200 FR,LCM,final,,1:57.11,,,,,"SwimCloud event page saved to PDF 2026-08-31, https://www.swimcloud.com/results/393282/event/18/ (no splits, ages or seed times published there)",championship,"dates Jul 30 - Aug 2 2026; LONG COURSE METRES, retained only so the course guard is exercised on real data; age group recorded from the section header; age group 13 - 14; place 1"
S299,2026_PC_TERA_FAR_WESTERN,PC TERA Far Western Championships,2026-07-30,,M,200 FR,LCM,final,,1:59.95,,,,,"SwimCloud event page saved to PDF 2026-08-31, https://www.swimcloud.com/results/393282/event/18/ (no splits, ages or seed times published there)",championship,"dates Jul 30 - Aug 2 2026; LONG COURSE METRES, retained only so the course guard is exercised on real data; age group recorded from the section header; age group 13 - 14; place 2"
S300,2026_PC_TERA_FAR_WESTERN,PC TERA Far Western Championships,2026-07-30,,M,200 FR,LCM,final,,2:03.72,,,,,"SwimCloud event page saved to PDF 2026-08-31, https://www.swimcloud.com/results/393282/event/18/ (no splits, ages or seed times published there)",championship,"dates Jul 30 - Aug 2 2026; LONG COURSE METRES, retained only so the course guard is exercised on real data; age group recorded from the section header; age group 13 - 14; place 3"
S234,2026_PC_TERA_FAR_WESTERN,PC TERA Far Western Championships,2026-07-30,,M,200 FR,LCM,final,,2:03.92,,,,,"SwimCloud event page saved to PDF 2026-08-31, https://www.swimcloud.com/results/393282/event/18/ (no splits, ages or seed times published there)",championship,"dates Jul 30 - Aug 2 2026; LONG COURSE METRES, retained only so the course guard is exercised on real data; age group recorded from the section header; age group 13 - 14; place 4"
S301,2026_PC_TERA_FAR_WESTERN,PC TERA Far Western Championships,2026-07-30,,M,200 FR,LCM,final,,2:05.25,,,,,"SwimCloud event page saved to PDF 2026-08-31, https://www.swimcloud.com/results/393282/event/18/ (no splits, ages or seed times published there)",championship,"dates Jul 30 - Aug 2 2026; LONG COURSE METRES, retained only so the course guard is exercised on real data; age group recorded from the section header; age group 13 - 14; place 5"
S302,2026_PC_TERA_FAR_WESTERN,PC TERA Far Western Championships,2026-07-30,,M,200 FR,LCM,final,,2:05.37,,,,,"SwimCloud event page saved to PDF 2026-08-31, https://www.swimcloud.com/results/393282/event/18/ (no splits, ages or seed times published there)",championship,"dates Jul 30 - Aug 2 2026; LONG COURSE METRES, retained only so the course guard is exercised on real data; age group recorded from the section header; age group 13 - 14; place 6"
S303,2026_PC_TERA_FAR_WESTERN,PC TERA Far Western Championships,2026-07-30,,M,200 FR,LCM,final,,2:07.12,,,,,"SwimCloud event page saved to PDF 2026-08-31, https://www.swimcloud.com/results/393282/event/18/ (no splits, ages or seed times published there)",championship,"dates Jul 30 - Aug 2 2026; LONG COURSE METRES, retained only so the course guard is exercised on real data; age group recorded from the section header; age group 13 - 14; place 7"
S239,2026_PC_TERA_FAR_WESTERN,PC TERA Far Western Championships,2026-07-30,,M,200 FR,LCM,final,,2:07.44,,,,,"SwimCloud event page saved to PDF 2026-08-31, https://www.swimcloud.com/results/393282/event/18/ (no splits, ages or seed times published there)",championship,"dates Jul 30 - Aug 2 2026; LONG COURSE METRES, retained only so the course guard is exercised on real data; age group recorded from the section header; age group 13 - 14; place 8"
S304,2026_PC_TERA_FAR_WESTERN,PC TERA Far Western Championships,2026-07-30,,M,200 FR,LCM,final,,2:08.33,,,,,"SwimCloud event page saved to PDF 2026-08-31, https://www.swimcloud.com/results/393282/event/18/ (no splits, ages or seed times published there)",championship,"dates Jul 30 - Aug 2 2026; LONG COURSE METRES, retained only so the course guard is exercised on real data; age group recorded from the section header; age group 13 - 14; place 9"
S298,2026_PC_TERA_FAR_WESTERN,PC TERA Far Western Championships,2026-07-30,,M,200 FR,LCM,prelim,,2:00.02,,,,,"SwimCloud event page saved to PDF 2026-08-31, https://www.swimcloud.com/results/393282/event/18/ (no splits, ages or seed times published there)",championship,"dates Jul 30 - Aug 2 2026; LONG COURSE METRES, retained only so the course guard is exercised on real data; age group recorded from the section header; age group 13 - 14; place 1"
S299,2026_PC_TERA_FAR_WESTERN,PC TERA Far Western Championships,2026-07-30,,M,200 FR,LCM,prelim,,2:02.77,,,,,"SwimCloud event page saved to PDF 2026-08-31, https://www.swimcloud.com/results/393282/event/18/ (no splits, ages or seed times published there)",championship,"dates Jul 30 - Aug 2 2026; LONG COURSE METRES, retained only so the course guard is exercised on real data; age group recorded from the section header; age group 13 - 14; place 2"
S300,2026_PC_TERA_FAR_WESTERN,PC TERA Far Western Championships,2026-07-30,,M,200 FR,LCM,prelim,,2:04.99,,,,,"SwimCloud event page saved to PDF 2026-08-31, https://www.swimcloud.com/results/393282/event/18/ (no splits, ages or seed times published there)",championship,"dates Jul 30 - Aug 2 2026; LONG COURSE METRES, retained only so the course guard is exercised on real data; age group recorded from the section header; age group 13 - 14; place 3"
S234,2026_PC_TERA_FAR_WESTERN,PC TERA Far Western Championships,2026-07-30,,M,200 FR,LCM,prelim,,2:05.61,,,,,"SwimCloud event page saved to PDF 2026-08-31, https://www.swimcloud.com/results/393282/event/18/ (no splits, ages or seed times published there)",championship,"dates Jul 30 - Aug 2 2026; LONG COURSE METRES, retained only so the course guard is exercised on real data; age group recorded from the section header; age group 13 - 14; place 4"
S302,2026_PC_TERA_FAR_WESTERN,PC TERA Far Western Championships,2026-07-30,,M,200 FR,LCM,prelim,,2:06.37,,,,,"SwimCloud event page saved to PDF 2026-08-31, https://www.swimcloud.com/results/393282/event/18/ (no splits, ages or seed times published there)",championship,"dates Jul 30 - Aug 2 2026; LONG COURSE METRES, retained only so the course guard is exercised on real data; age group recorded from the section header; age group 13 - 14; place 5"
S301,2026_PC_TERA_FAR_WESTERN,PC TERA Far Western Championships,2026-07-30,,M,200 FR,LCM,prelim,,2:06.57,,,,,"SwimCloud event page saved to PDF 2026-08-31, https://www.swimcloud.com/results/393282/event/18/ (no splits, ages or seed times published there)",championship,"dates Jul 30 - Aug 2 2026; LONG COURSE METRES, retained only so the course guard is exercised on real data; age group recorded from the section header; age group 13 - 14; place 6"
S239,2026_PC_TERA_FAR_WESTERN,PC TERA Far Western Championships,2026-07-30,,M,200 FR,LCM,prelim,,2:08.07,,,,,"SwimCloud event page saved to PDF 2026-08-31, https://www.swimcloud.com/results/393282/event/18/ (no splits, ages or seed times published there)",championship,"dates Jul 30 - Aug 2 2026; LONG COURSE METRES, retained only so the course guard is exercised on real data; age group recorded from the section header; age group 13 - 14; place 7"
S303,2026_PC_TERA_FAR_WESTERN,PC TERA Far Western Championships,2026-07-30,,M,200 FR,LCM,prelim,,2:08.57,,,,,"SwimCloud event page saved to PDF 2026-08-31, https://www.swimcloud.com/results/393282/event/18/ (no splits, ages or seed times published there)",championship,"dates Jul 30 - Aug 2 2026; LONG COURSE METRES, retained only so the course guard is exercised on real data; age group recorded from the section header; age group 13 - 14; place 8"
S304,2026_PC_TERA_FAR_WESTERN,PC TERA Far Western Championships,2026-07-30,,M,200 FR,LCM,prelim,,2:08.59,,,,,"SwimCloud event page saved to PDF 2026-08-31, https://www.swimcloud.com/results/393282/event/18/ (no splits, ages or seed times published there)",championship,"dates Jul 30 - Aug 2 2026; LONG COURSE METRES, retained only so the course guard is exercised on real data; age group recorded from the section header; age group 13 - 14; place 9"
S305,2026_PC_TERA_FAR_WESTERN,PC TERA Far Western Championships,2026-07-30,,M,200 FR,LCM,prelim,,2:09.31,,,,,"SwimCloud event page saved to PDF 2026-08-31, https://www.swimcloud.com/results/393282/event/18/ (no splits, ages or seed times published there)",championship,"dates Jul 30 - Aug 2 2026; LONG COURSE METRES, retained only so the course guard is exercised on real data; age group recorded from the section header; age group 13 - 14; place 10"
S306,2026_PC_TERA_FAR_WESTERN,PC TERA Far Western Championships,2026-07-30,,M,200 FR,LCM,prelim,,2:09.46,,,,,"SwimCloud event page saved to PDF 2026-08-31, https://www.swimcloud.com/results/393282/event/18/ (no splits, ages or seed times published there)",championship,"dates Jul 30 - Aug 2 2026; LONG COURSE METRES, retained only so the course guard is exercised on real data; age group recorded from the section header; age group 13 - 14; place 11"
S105,2026_PC_TERA_FAR_WESTERN,PC TERA Far Western Championships,2026-07-30,,M,200 FR,LCM,prelim,,2:09.52,,,,,"SwimCloud event page saved to PDF 2026-08-31, https://www.swimcloud.com/results/393282/event/18/ (no splits, ages or seed times published there)",championship,"dates Jul 30 - Aug 2 2026; LONG COURSE METRES, retained only so the course guard is exercised on real data; age group recorded from the section header; age group 13 - 14; place 12"
S307,2026_PC_TERA_FAR_WESTERN,PC TERA Far Western Championships,2026-07-30,,M,200 FR,LCM,prelim,,2:09.88,,,,,"SwimCloud event page saved to PDF 2026-08-31, https://www.swimcloud.com/results/393282/event/18/ (no splits, ages or seed times published there)",championship,"dates Jul 30 - Aug 2 2026; LONG COURSE METRES, retained only so the course guard is exercised on real data; age group recorded from the section header; age group 13 - 14; place 13"
S308,2026_PC_TERA_FAR_WESTERN,PC TERA Far Western Championships,2026-07-30,,M,200 FR,LCM,prelim,,2:10.57,,,,,"SwimCloud event page saved to PDF 2026-08-31, https://www.swimcloud.com/results/393282/event/18/ (no splits, ages or seed times published there)",championship,"dates Jul 30 - Aug 2 2026; LONG COURSE METRES, retained only so the course guard is exercised on real data; age group recorded from the section header; age group 13 - 14; place 14"
S309,2026_PC_TERA_FAR_WESTERN,PC TERA Far Western Championships,2026-07-30,,M,200 FR,LCM,prelim,,2:10.64,,,,,"SwimCloud event page saved to PDF 2026-08-31, https://www.swimcloud.com/results/393282/event/18/ (no splits, ages or seed times published there)",championship,"dates Jul 30 - Aug 2 2026; LONG COURSE METRES, retained only so the course guard is exercised on real data; age group recorded from the section header; age group 13 - 14; place 15"
S310,2026_PC_TERA_FAR_WESTERN,PC TERA Far Western Championships,2026-07-30,,M,200 FR,LCM,prelim,,2:10.77,,,,,"SwimCloud event page saved to PDF 2026-08-31, https://www.swimcloud.com/results/393282/event/18/ (no splits, ages or seed times published there)",championship,"dates Jul 30 - Aug 2 2026; LONG COURSE METRES, retained only so the course guard is exercised on real data; age group recorded from the section header; age group 13 - 14; place 16"
S255,2026_PC_TERA_FAR_WESTERN,PC TERA Far Western Championships,2026-07-30,,M,200 FR,LCM,prelim,,2:10.85,,,,,"SwimCloud event page saved to PDF 2026-08-31, https://www.swimcloud.com/results/393282/event/18/ (no splits, ages or seed times published there)",championship,"dates Jul 30 - Aug 2 2026; LONG COURSE METRES, retained only so the course guard is exercised on real data; age group recorded from the section header; age group 13 - 14; place 17"
S311,2026_PC_TERA_FAR_WESTERN,PC TERA Far Western Championships,2026-07-30,,M,200 FR,LCM,prelim,,2:11.45,,,,,"SwimCloud event page saved to PDF 2026-08-31, https://www.swimcloud.com/results/393282/event/18/ (no splits, ages or seed times published there)",championship,"dates Jul 30 - Aug 2 2026; LONG COURSE METRES, retained only so the course guard is exercised on real data; age group recorded from the section header; age group 13 - 14; place 18"
S312,2026_PC_TERA_FAR_WESTERN,PC TERA Far Western Championships,2026-07-30,,M,200 FR,LCM,prelim,,2:11.86,,,,,"SwimCloud event page saved to PDF 2026-08-31, https://www.swimcloud.com/results/393282/event/18/ (no splits, ages or seed times published there)",championship,"dates Jul 30 - Aug 2 2026; LONG COURSE METRES, retained only so the course guard is exercised on real data; age group recorded from the section header; age group 13 - 14; place 19"
S313,2026_PC_TERA_FAR_WESTERN,PC TERA Far Western Championships,2026-07-30,,M,200 FR,LCM,prelim,,2:12.02,,,,,"SwimCloud event page saved to PDF 2026-08-31, https://www.swimcloud.com/results/393282/event/18/ (no splits, ages or seed times published there)",championship,"dates Jul 30 - Aug 2 2026; LONG COURSE METRES, retained only so the course guard is exercised on real data; age group recorded from the section header; age group 13 - 14; place 20"
S314,2026_PC_TERA_FAR_WESTERN,PC TERA Far Western Championships,2026-07-30,,M,200 FR,LCM,prelim,,2:13.54,,,,,"SwimCloud event page saved to PDF 2026-08-31, https://www.swimcloud.com/results/393282/event/18/ (no splits, ages or seed times published there)",championship,"dates Jul 30 - Aug 2 2026; LONG COURSE METRES, retained only so the course guard is exercised on real data; age group recorded from the section header; age group 13 - 14; place 21"
S315,2026_PC_TERA_FAR_WESTERN,PC TERA Far Western Championships,2026-07-30,,M,200 FR,LCM,prelim,,2:13.68,,,,,"SwimCloud event page saved to PDF 2026-08-31, https://www.swimcloud.com/results/393282/event/18/ (no splits, ages or seed times published there)",championship,"dates Jul 30 - Aug 2 2026; LONG COURSE METRES, retained only so the course guard is exercised on real data; age group recorded from the section header; age group 13 - 14; place 22"
S316,2026_PC_TERA_FAR_WESTERN,PC TERA Far Western Championships,2026-07-30,,M,200 FR,LCM,final,,2:10.32,,,,,"SwimCloud event page saved to PDF 2026-08-31, https://www.swimcloud.com/results/393282/event/18/ (no splits, ages or seed times published there)",championship,"dates Jul 30 - Aug 2 2026; LONG COURSE METRES, retained only so the course guard is exercised on real data; age group recorded from the section header; age group 11 - 12; place 1"
S317,2026_PC_TERA_FAR_WESTERN,PC TERA Far Western Championships,2026-07-30,,M,200 FR,LCM,final,,2:10.86,,,,,"SwimCloud event page saved to PDF 2026-08-31, https://www.swimcloud.com/results/393282/event/18/ (no splits, ages or seed times published there)",championship,"dates Jul 30 - Aug 2 2026; LONG COURSE METRES, retained only so the course guard is exercised on real data; age group recorded from the section header; age group 11 - 12; place 2"
S318,2026_PC_TERA_FAR_WESTERN,PC TERA Far Western Championships,2026-07-30,,M,200 FR,LCM,final,,2:13.75,,,,,"SwimCloud event page saved to PDF 2026-08-31, https://www.swimcloud.com/results/393282/event/18/ (no splits, ages or seed times published there)",championship,"dates Jul 30 - Aug 2 2026; LONG COURSE METRES, retained only so the course guard is exercised on real data; age group recorded from the section header; age group 11 - 12; place 3"
S319,2026_PC_TERA_FAR_WESTERN,PC TERA Far Western Championships,2026-07-30,,M,200 FR,LCM,final,,2:14.04,,,,,"SwimCloud event page saved to PDF 2026-08-31, https://www.swimcloud.com/results/393282/event/18/ (no splits, ages or seed times published there)",championship,"dates Jul 30 - Aug 2 2026; LONG COURSE METRES, retained only so the course guard is exercised on real data; age group recorded from the section header; age group 11 - 12; place 4"
S320,2026_PC_TERA_FAR_WESTERN,PC TERA Far Western Championships,2026-07-30,,M,200 FR,LCM,final,,2:16.18,,,,,"SwimCloud event page saved to PDF 2026-08-31, https://www.swimcloud.com/results/393282/event/18/ (no splits, ages or seed times published there)",championship,"dates Jul 30 - Aug 2 2026; LONG COURSE METRES, retained only so the course guard is exercised on real data; age group recorded from the section header; age group 11 - 12; place 5"
S321,2026_PC_TERA_FAR_WESTERN,PC TERA Far Western Championships,2026-07-30,,M,200 FR,LCM,final,,2:18.96,,,,,"SwimCloud event page saved to PDF 2026-08-31, https://www.swimcloud.com/results/393282/event/18/ (no splits, ages or seed times published there)",championship,"dates Jul 30 - Aug 2 2026; LONG COURSE METRES, retained only so the course guard is exercised on real data; age group recorded from the section header; age group 11 - 12; place 6"
S322,2026_PC_TERA_FAR_WESTERN,PC TERA Far Western Championships,2026-07-30,,M,200 FR,LCM,final,,2:19.02,,,,,"SwimCloud event page saved to PDF 2026-08-31, https://www.swimcloud.com/results/393282/event/18/ (no splits, ages or seed times published there)",championship,"dates Jul 30 - Aug 2 2026; LONG COURSE METRES, retained only so the course guard is exercised on real data; age group recorded from the section header; age group 11 - 12; place 7"
S323,2026_PC_TERA_FAR_WESTERN,PC TERA Far Western Championships,2026-07-30,,M,200 FR,LCM,final,,2:19.44,,,,,"SwimCloud event page saved to PDF 2026-08-31, https://www.swimcloud.com/results/393282/event/18/ (no splits, ages or seed times published there)",championship,"dates Jul 30 - Aug 2 2026; LONG COURSE METRES, retained only so the course guard is exercised on real data; age group recorded from the section header; age group 11 - 12; place 8"
S324,2026_PC_TERA_FAR_WESTERN,PC TERA Far Western Championships,2026-07-30,,M,200 FR,LCM,final,,2:22.08,,,,,"SwimCloud event page saved to PDF 2026-08-31, https://www.swimcloud.com/results/393282/event/18/ (no splits, ages or seed times published there)",championship,"dates Jul 30 - Aug 2 2026; LONG COURSE METRES, retained only so the course guard is exercised on real data; age group recorded from the section header; age group 11 - 12; place 9"
S317,2026_PC_TERA_FAR_WESTERN,PC TERA Far Western Championships,2026-07-30,,M,200 FR,LCM,prelim,,2:13.19,,,,,"SwimCloud event page saved to PDF 2026-08-31, https://www.swimcloud.com/results/393282/event/18/ (no splits, ages or seed times published there)",championship,"dates Jul 30 - Aug 2 2026; LONG COURSE METRES, retained only so the course guard is exercised on real data; age group recorded from the section header; age group 11 - 12; place 1"
S318,2026_PC_TERA_FAR_WESTERN,PC TERA Far Western Championships,2026-07-30,,M,200 FR,LCM,prelim,,2:15.13,,,,,"SwimCloud event page saved to PDF 2026-08-31, https://www.swimcloud.com/results/393282/event/18/ (no splits, ages or seed times published there)",championship,"dates Jul 30 - Aug 2 2026; LONG COURSE METRES, retained only so the course guard is exercised on real data; age group recorded from the section header; age group 11 - 12; place 2"
S319,2026_PC_TERA_FAR_WESTERN,PC TERA Far Western Championships,2026-07-30,,M,200 FR,LCM,prelim,,2:15.40,,,,,"SwimCloud event page saved to PDF 2026-08-31, https://www.swimcloud.com/results/393282/event/18/ (no splits, ages or seed times published there)",championship,"dates Jul 30 - Aug 2 2026; LONG COURSE METRES, retained only so the course guard is exercised on real data; age group recorded from the section header; age group 11 - 12; place 3"
S316,2026_PC_TERA_FAR_WESTERN,PC TERA Far Western Championships,2026-07-30,,M,200 FR,LCM,prelim,,2:16.55,,,,,"SwimCloud event page saved to PDF 2026-08-31, https://www.swimcloud.com/results/393282/event/18/ (no splits, ages or seed times published there)",championship,"dates Jul 30 - Aug 2 2026; LONG COURSE METRES, retained only so the course guard is exercised on real data; age group recorded from the section header; age group 11 - 12; place 4"
S320,2026_PC_TERA_FAR_WESTERN,PC TERA Far Western Championships,2026-07-30,,M,200 FR,LCM,prelim,,2:17.09,,,,,"SwimCloud event page saved to PDF 2026-08-31, https://www.swimcloud.com/results/393282/event/18/ (no splits, ages or seed times published there)",championship,"dates Jul 30 - Aug 2 2026; LONG COURSE METRES, retained only so the course guard is exercised on real data; age group recorded from the section header; age group 11 - 12; place 5"
S322,2026_PC_TERA_FAR_WESTERN,PC TERA Far Western Championships,2026-07-30,,M,200 FR,LCM,prelim,,2:18.71,,,,,"SwimCloud event page saved to PDF 2026-08-31, https://www.swimcloud.com/results/393282/event/18/ (no splits, ages or seed times published there)",championship,"dates Jul 30 - Aug 2 2026; LONG COURSE METRES, retained only so the course guard is exercised on real data; age group recorded from the section header; age group 11 - 12; place 6"
S323,2026_PC_TERA_FAR_WESTERN,PC TERA Far Western Championships,2026-07-30,,M,200 FR,LCM,prelim,,2:21.71,,,,,"SwimCloud event page saved to PDF 2026-08-31, https://www.swimcloud.com/results/393282/event/18/ (no splits, ages or seed times published there)",championship,"dates Jul 30 - Aug 2 2026; LONG COURSE METRES, retained only so the course guard is exercised on real data; age group recorded from the section header; age group 11 - 12; place 7"
S321,2026_PC_TERA_FAR_WESTERN,PC TERA Far Western Championships,2026-07-30,,M,200 FR,LCM,prelim,,2:21.85,,,,,"SwimCloud event page saved to PDF 2026-08-31, https://www.swimcloud.com/results/393282/event/18/ (no splits, ages or seed times published there)",championship,"dates Jul 30 - Aug 2 2026; LONG COURSE METRES, retained only so the course guard is exercised on real data; age group recorded from the section header; age group 11 - 12; place 8"
S324,2026_PC_TERA_FAR_WESTERN,PC TERA Far Western Championships,2026-07-30,,M,200 FR,LCM,prelim,,2:22.41,,,,,"SwimCloud event page saved to PDF 2026-08-31, https://www.swimcloud.com/results/393282/event/18/ (no splits, ages or seed times published there)",championship,"dates Jul 30 - Aug 2 2026; LONG COURSE METRES, retained only so the course guard is exercised on real data; age group recorded from the section header; age group 11 - 12; place 9"
S325,2026_PC_TERA_FAR_WESTERN,PC TERA Far Western Championships,2026-07-30,,M,200 FR,LCM,prelim,,2:22.42,,,,,"SwimCloud event page saved to PDF 2026-08-31, https://www.swimcloud.com/results/393282/event/18/ (no splits, ages or seed times published there)",championship,"dates Jul 30 - Aug 2 2026; LONG COURSE METRES, retained only so the course guard is exercised on real data; age group recorded from the section header; age group 11 - 12; place 10"
S326,2026_PC_TERA_FAR_WESTERN,PC TERA Far Western Championships,2026-07-30,,M,200 FR,LCM,prelim,,2:23.10,,,,,"SwimCloud event page saved to PDF 2026-08-31, https://www.swimcloud.com/results/393282/event/18/ (no splits, ages or seed times published there)",championship,"dates Jul 30 - Aug 2 2026; LONG COURSE METRES, retained only so the course guard is exercised on real data; age group recorded from the section header; age group 11 - 12; place 11"
S327,2026_PC_TERA_FAR_WESTERN,PC TERA Far Western Championships,2026-07-30,,M,200 FR,LCM,prelim,,2:23.86,,,,,"SwimCloud event page saved to PDF 2026-08-31, https://www.swimcloud.com/results/393282/event/18/ (no splits, ages or seed times published there)",championship,"dates Jul 30 - Aug 2 2026; LONG COURSE METRES, retained only so the course guard is exercised on real data; age group recorded from the section header; age group 11 - 12; place 12"
S328,2026_PC_TERA_FAR_WESTERN,PC TERA Far Western Championships,2026-07-30,,M,200 FR,LCM,prelim,,2:24.11,,,,,"SwimCloud event page saved to PDF 2026-08-31, https://www.swimcloud.com/results/393282/event/18/ (no splits, ages or seed times published there)",championship,"dates Jul 30 - Aug 2 2026; LONG COURSE METRES, retained only so the course guard is exercised on real data; age group recorded from the section header; age group 11 - 12; place 13"
S329,2026_PC_TERA_FAR_WESTERN,PC TERA Far Western Championships,2026-07-30,,M,200 FR,LCM,prelim,,2:24.47,,,,,"SwimCloud event page saved to PDF 2026-08-31, https://www.swimcloud.com/results/393282/event/18/ (no splits, ages or seed times published there)",championship,"dates Jul 30 - Aug 2 2026; LONG COURSE METRES, retained only so the course guard is exercised on real data; age group recorded from the section header; age group 11 - 12; place 14"
S330,2026_PC_TERA_FAR_WESTERN,PC TERA Far Western Championships,2026-07-30,,M,200 FR,LCM,prelim,,2:24.57,,,,,"SwimCloud event page saved to PDF 2026-08-31, https://www.swimcloud.com/results/393282/event/18/ (no splits, ages or seed times published there)",championship,"dates Jul 30 - Aug 2 2026; LONG COURSE METRES, retained only so the course guard is exercised on real data; age group recorded from the section header; age group 11 - 12; place 15"
S331,2026_PC_TERA_FAR_WESTERN,PC TERA Far Western Championships,2026-07-30,,M,200 FR,LCM,prelim,,2:25.16,,,,,"SwimCloud event page saved to PDF 2026-08-31, https://www.swimcloud.com/results/393282/event/18/ (no splits, ages or seed times published there)",championship,"dates Jul 30 - Aug 2 2026; LONG COURSE METRES, retained only so the course guard is exercised on real data; age group recorded from the section header; age group 11 - 12; place 16"
S332,2026_PC_TERA_FAR_WESTERN,PC TERA Far Western Championships,2026-07-30,,M,200 FR,LCM,prelim,,2:25.64,,,,,"SwimCloud event page saved to PDF 2026-08-31, https://www.swimcloud.com/results/393282/event/18/ (no splits, ages or seed times published there)",championship,"dates Jul 30 - Aug 2 2026; LONG COURSE METRES, retained only so the course guard is exercised on real data; age group recorded from the section header; age group 11 - 12; place 17"
S333,2026_PC_TERA_FAR_WESTERN,PC TERA Far Western Championships,2026-07-30,,M,200 FR,LCM,prelim,,2:25.74,,,,,"SwimCloud event page saved to PDF 2026-08-31, https://www.swimcloud.com/results/393282/event/18/ (no splits, ages or seed times published there)",championship,"dates Jul 30 - Aug 2 2026; LONG COURSE METRES, retained only so the course guard is exercised on real data; age group recorded from the section header; age group 11 - 12; place 18"
S334,2026_PC_TERA_FAR_WESTERN,PC TERA Far Western Championships,2026-07-30,,M,200 FR,LCM,prelim,,2:26.05,,,,,"SwimCloud event page saved to PDF 2026-08-31, https://www.swimcloud.com/results/393282/event/18/ (no splits, ages or seed times published there)",championship,"dates Jul 30 - Aug 2 2026; LONG COURSE METRES, retained only so the course guard is exercised on real data; age group recorded from the section header; age group 11 - 12; place 19"
S335,2026_PC_TERA_FAR_WESTERN,PC TERA Far Western Championships,2026-07-30,,M,200 FR,LCM,prelim,,2:26.57,,,,,"SwimCloud event page saved to PDF 2026-08-31, https://www.swimcloud.com/results/393282/event/18/ (no splits, ages or seed times published there)",championship,"dates Jul 30 - Aug 2 2026; LONG COURSE METRES, retained only so the course guard is exercised on real data; age group recorded from the section header; age group 11 - 12; place 20"
S336,2026_PC_TERA_FAR_WESTERN,PC TERA Far Western Championships,2026-07-30,,M,200 FR,LCM,prelim,,2:26.66,,,,,"SwimCloud event page saved to PDF 2026-08-31, https://www.swimcloud.com/results/393282/event/18/ (no splits, ages or seed times published there)",championship,"dates Jul 30 - Aug 2 2026; LONG COURSE METRES, retained only so the course guard is exercised on real data; age group recorded from the section header; age group 11 - 12; place 21"
S126,2026_PC_TERA_FAR_WESTERN,PC TERA Far Western Championships,2026-07-30,,M,200 FR,LCM,prelim,,2:27.77,,,,,"SwimCloud event page saved to PDF 2026-08-31, https://www.swimcloud.com/results/393282/event/18/ (no splits, ages or seed times published there)",championship,"dates Jul 30 - Aug 2 2026; LONG COURSE METRES, retained only so the course guard is exercised on real data; age group recorded from the section header; age group 11 - 12; place 22; same name in 2 meets with different team listings; treated as one person, verify when splits arrive"
S337,2026_PC_TERA_FAR_WESTERN,PC TERA Far Western Championships,2026-07-30,,M,200 FR,LCM,prelim,,2:28.07,,,,,"SwimCloud event page saved to PDF 2026-08-31, https://www.swimcloud.com/results/393282/event/18/ (no splits, ages or seed times published there)",championship,"dates Jul 30 - Aug 2 2026; LONG COURSE METRES, retained only so the course guard is exercised on real data; age group recorded from the section header; age group 11 - 12; place 23"
S338,2026_PC_TERA_FAR_WESTERN,PC TERA Far Western Championships,2026-07-30,,M,200 FR,LCM,prelim,,2:28.12,,,,,"SwimCloud event page saved to PDF 2026-08-31, https://www.swimcloud.com/results/393282/event/18/ (no splits, ages or seed times published there)",championship,"dates Jul 30 - Aug 2 2026; LONG COURSE METRES, retained only so the course guard is exercised on real data; age group recorded from the section header; age group 11 - 12; place 24"
S339,2026_PC_TERA_FAR_WESTERN,PC TERA Far Western Championships,2026-07-30,,M,200 FR,LCM,final,,2:12.03,,,,,"SwimCloud event page saved to PDF 2026-08-31, https://www.swimcloud.com/results/393282/event/18/ (no splits, ages or seed times published there)",championship,"dates Jul 30 - Aug 2 2026; LONG COURSE METRES, retained only so the course guard is exercised on real data; age group recorded from the section header; age group 10 and under; place 1"
S340,2026_PC_TERA_FAR_WESTERN,PC TERA Far Western Championships,2026-07-30,,M,200 FR,LCM,final,,2:22.80,,,,,"SwimCloud event page saved to PDF 2026-08-31, https://www.swimcloud.com/results/393282/event/18/ (no splits, ages or seed times published there)",championship,"dates Jul 30 - Aug 2 2026; LONG COURSE METRES, retained only so the course guard is exercised on real data; age group recorded from the section header; age group 10 and under; place 2"
S341,2026_PC_TERA_FAR_WESTERN,PC TERA Far Western Championships,2026-07-30,,M,200 FR,LCM,final,,2:27.58,,,,,"SwimCloud event page saved to PDF 2026-08-31, https://www.swimcloud.com/results/393282/event/18/ (no splits, ages or seed times published there)",championship,"dates Jul 30 - Aug 2 2026; LONG COURSE METRES, retained only so the course guard is exercised on real data; age group recorded from the section header; age group 10 and under; place 3"
S342,2026_PC_TERA_FAR_WESTERN,PC TERA Far Western Championships,2026-07-30,,M,200 FR,LCM,final,,2:27.75,,,,,"SwimCloud event page saved to PDF 2026-08-31, https://www.swimcloud.com/results/393282/event/18/ (no splits, ages or seed times published there)",championship,"dates Jul 30 - Aug 2 2026; LONG COURSE METRES, retained only so the course guard is exercised on real data; age group recorded from the section header; age group 10 and under; place 4"
S343,2026_PC_TERA_FAR_WESTERN,PC TERA Far Western Championships,2026-07-30,,M,200 FR,LCM,final,,2:27.87,,,,,"SwimCloud event page saved to PDF 2026-08-31, https://www.swimcloud.com/results/393282/event/18/ (no splits, ages or seed times published there)",championship,"dates Jul 30 - Aug 2 2026; LONG COURSE METRES, retained only so the course guard is exercised on real data; age group recorded from the section header; age group 10 and under; place 5"
S344,2026_PC_TERA_FAR_WESTERN,PC TERA Far Western Championships,2026-07-30,,M,200 FR,LCM,final,,2:28.34,,,,,"SwimCloud event page saved to PDF 2026-08-31, https://www.swimcloud.com/results/393282/event/18/ (no splits, ages or seed times published there)",championship,"dates Jul 30 - Aug 2 2026; LONG COURSE METRES, retained only so the course guard is exercised on real data; age group recorded from the section header; age group 10 and under; place 6"
S345,2026_PC_TERA_FAR_WESTERN,PC TERA Far Western Championships,2026-07-30,,M,200 FR,LCM,final,,2:30.41,,,,,"SwimCloud event page saved to PDF 2026-08-31, https://www.swimcloud.com/results/393282/event/18/ (no splits, ages or seed times published there)",championship,"dates Jul 30 - Aug 2 2026; LONG COURSE METRES, retained only so the course guard is exercised on real data; age group recorded from the section header; age group 10 and under; place 7"
S346,2026_PC_TERA_FAR_WESTERN,PC TERA Far Western Championships,2026-07-30,,M,200 FR,LCM,final,,2:31.98,,,,,"SwimCloud event page saved to PDF 2026-08-31, https://www.swimcloud.com/results/393282/event/18/ (no splits, ages or seed times published there)",championship,"dates Jul 30 - Aug 2 2026; LONG COURSE METRES, retained only so the course guard is exercised on real data; age group recorded from the section header; age group 10 and under; place 8"
S347,2026_PC_TERA_FAR_WESTERN,PC TERA Far Western Championships,2026-07-30,,M,200 FR,LCM,final,,2:31.99,,,,,"SwimCloud event page saved to PDF 2026-08-31, https://www.swimcloud.com/results/393282/event/18/ (no splits, ages or seed times published there)",championship,"dates Jul 30 - Aug 2 2026; LONG COURSE METRES, retained only so the course guard is exercised on real data; age group recorded from the section header; age group 10 and under; place 9"
S339,2026_PC_TERA_FAR_WESTERN,PC TERA Far Western Championships,2026-07-30,,M,200 FR,LCM,prelim,,2:14.37,,,,,"SwimCloud event page saved to PDF 2026-08-31, https://www.swimcloud.com/results/393282/event/18/ (no splits, ages or seed times published there)",championship,"dates Jul 30 - Aug 2 2026; LONG COURSE METRES, retained only so the course guard is exercised on real data; age group recorded from the section header; age group 10 and under; place 1"
S340,2026_PC_TERA_FAR_WESTERN,PC TERA Far Western Championships,2026-07-30,,M,200 FR,LCM,prelim,,2:23.14,,,,,"SwimCloud event page saved to PDF 2026-08-31, https://www.swimcloud.com/results/393282/event/18/ (no splits, ages or seed times published there)",championship,"dates Jul 30 - Aug 2 2026; LONG COURSE METRES, retained only so the course guard is exercised on real data; age group recorded from the section header; age group 10 and under; place 2"
S341,2026_PC_TERA_FAR_WESTERN,PC TERA Far Western Championships,2026-07-30,,M,200 FR,LCM,prelim,,2:28.50,,,,,"SwimCloud event page saved to PDF 2026-08-31, https://www.swimcloud.com/results/393282/event/18/ (no splits, ages or seed times published there)",championship,"dates Jul 30 - Aug 2 2026; LONG COURSE METRES, retained only so the course guard is exercised on real data; age group recorded from the section header; age group 10 and under; place 3"
S342,2026_PC_TERA_FAR_WESTERN,PC TERA Far Western Championships,2026-07-30,,M,200 FR,LCM,prelim,,2:29.20,,,,,"SwimCloud event page saved to PDF 2026-08-31, https://www.swimcloud.com/results/393282/event/18/ (no splits, ages or seed times published there)",championship,"dates Jul 30 - Aug 2 2026; LONG COURSE METRES, retained only so the course guard is exercised on real data; age group recorded from the section header; age group 10 and under; place 4"
S345,2026_PC_TERA_FAR_WESTERN,PC TERA Far Western Championships,2026-07-30,,M,200 FR,LCM,prelim,,2:30.12,,,,,"SwimCloud event page saved to PDF 2026-08-31, https://www.swimcloud.com/results/393282/event/18/ (no splits, ages or seed times published there)",championship,"dates Jul 30 - Aug 2 2026; LONG COURSE METRES, retained only so the course guard is exercised on real data; age group recorded from the section header; age group 10 and under; place 5"
S343,2026_PC_TERA_FAR_WESTERN,PC TERA Far Western Championships,2026-07-30,,M,200 FR,LCM,prelim,,2:30.19,,,,,"SwimCloud event page saved to PDF 2026-08-31, https://www.swimcloud.com/results/393282/event/18/ (no splits, ages or seed times published there)",championship,"dates Jul 30 - Aug 2 2026; LONG COURSE METRES, retained only so the course guard is exercised on real data; age group recorded from the section header; age group 10 and under; place 6"
S347,2026_PC_TERA_FAR_WESTERN,PC TERA Far Western Championships,2026-07-30,,M,200 FR,LCM,prelim,,2:31.12,,,,,"SwimCloud event page saved to PDF 2026-08-31, https://www.swimcloud.com/results/393282/event/18/ (no splits, ages or seed times published there)",championship,"dates Jul 30 - Aug 2 2026; LONG COURSE METRES, retained only so the course guard is exercised on real data; age group recorded from the section header; age group 10 and under; place 7"
S344,2026_PC_TERA_FAR_WESTERN,PC TERA Far Western Championships,2026-07-30,,M,200 FR,LCM,prelim,,2:31.96,,,,,"SwimCloud event page saved to PDF 2026-08-31, https://www.swimcloud.com/results/393282/event/18/ (no splits, ages or seed times published there)",championship,"dates Jul 30 - Aug 2 2026; LONG COURSE METRES, retained only so the course guard is exercised on real data; age group recorded from the section header; age group 10 and under; place 8"
S346,2026_PC_TERA_FAR_WESTERN,PC TERA Far Western Championships,2026-07-30,,M,200 FR,LCM,prelim,,2:32.81,,,,,"SwimCloud event page saved to PDF 2026-08-31, https://www.swimcloud.com/results/393282/event/18/ (no splits, ages or seed times published there)",championship,"dates Jul 30 - Aug 2 2026; LONG COURSE METRES, retained only so the course guard is exercised on real data; age group recorded from the section header; age group 10 and under; place 9"
S348,2026_PC_TERA_FAR_WESTERN,PC TERA Far Western Championships,2026-07-30,,M,200 FR,LCM,prelim,,2:32.82,,,,,"SwimCloud event page saved to PDF 2026-08-31, https://www.swimcloud.com/results/393282/event/18/ (no splits, ages or seed times published there)",championship,"dates Jul 30 - Aug 2 2026; LONG COURSE METRES, retained only so the course guard is exercised on real data; age group recorded from the section header; age group 10 and under; place 10"
S349,2026_PC_TERA_FAR_WESTERN,PC TERA Far Western Championships,2026-07-30,,M,200 FR,LCM,prelim,,2:32.98,,,,,"SwimCloud event page saved to PDF 2026-08-31, https://www.swimcloud.com/results/393282/event/18/ (no splits, ages or seed times published there)",championship,"dates Jul 30 - Aug 2 2026; LONG COURSE METRES, retained only so the course guard is exercised on real data; age group recorded from the section header; age group 10 and under; place 11"
S350,2026_PC_TERA_FAR_WESTERN,PC TERA Far Western Championships,2026-07-30,,M,200 FR,LCM,prelim,,2:33.73,,,,,"SwimCloud event page saved to PDF 2026-08-31, https://www.swimcloud.com/results/393282/event/18/ (no splits, ages or seed times published there)",championship,"dates Jul 30 - Aug 2 2026; LONG COURSE METRES, retained only so the course guard is exercised on real data; age group recorded from the section header; age group 10 and under; place 12"
S351,2026_PC_TERA_FAR_WESTERN,PC TERA Far Western Championships,2026-07-30,,M,200 FR,LCM,prelim,,2:34.77,,,,,"SwimCloud event page saved to PDF 2026-08-31, https://www.swimcloud.com/results/393282/event/18/ (no splits, ages or seed times published there)",championship,"dates Jul 30 - Aug 2 2026; LONG COURSE METRES, retained only so the course guard is exercised on real data; age group recorded from the section header; age group 10 and under; place 13"
S352,2026_PC_TERA_FAR_WESTERN,PC TERA Far Western Championships,2026-07-30,,M,200 FR,LCM,prelim,,2:37.18,,,,,"SwimCloud event page saved to PDF 2026-08-31, https://www.swimcloud.com/results/393282/event/18/ (no splits, ages or seed times published there)",championship,"dates Jul 30 - Aug 2 2026; LONG COURSE METRES, retained only so the course guard is exercised on real data; age group recorded from the section header; age group 10 and under; place 14"
S353,2026_PC_TERA_FAR_WESTERN,PC TERA Far Western Championships,2026-07-30,,M,200 FR,LCM,prelim,,2:37.91,,,,,"SwimCloud event page saved to PDF 2026-08-31, https://www.swimcloud.com/results/393282/event/18/ (no splits, ages or seed times published there)",championship,"dates Jul 30 - Aug 2 2026; LONG COURSE METRES, retained only so the course guard is exercised on real data; age group recorded from the section header; age group 10 and under; place 15"
S354,2026_PC_TERA_FAR_WESTERN,PC TERA Far Western Championships,2026-07-30,,M,200 FR,LCM,prelim,,2:38.97,,,,,"SwimCloud event page saved to PDF 2026-08-31, https://www.swimcloud.com/results/393282/event/18/ (no splits, ages or seed times published there)",championship,"dates Jul 30 - Aug 2 2026; LONG COURSE METRES, retained only so the course guard is exercised on real data; age group recorded from the section header; age group 10 and under; place 16"
S355,2026_PC_TERA_FAR_WESTERN,PC TERA Far Western Championships,2026-07-30,,M,200 FR,LCM,prelim,,2:39.32,,,,,"SwimCloud event page saved to PDF 2026-08-31, https://www.swimcloud.com/results/393282/event/18/ (no splits, ages or seed times published there)",championship,"dates Jul 30 - Aug 2 2026; LONG COURSE METRES, retained only so the course guard is exercised on real data; age group recorded from the section header; age group 10 and under; place 17"
S356,2026_PC_TERA_FAR_WESTERN,PC TERA Far Western Championships,2026-07-30,,M,200 FR,LCM,prelim,,2:39.62,,,,,"SwimCloud event page saved to PDF 2026-08-31, https://www.swimcloud.com/results/393282/event/18/ (no splits, ages or seed times published there)",championship,"dates Jul 30 - Aug 2 2026; LONG COURSE METRES, retained only so the course guard is exercised on real data; age group recorded from the section header; age group 10 and under; place 18"
S357,2026_PC_TERA_FAR_WESTERN,PC TERA Far Western Championships,2026-07-30,,M,200 FR,LCM,prelim,,2:40.33,,,,,"SwimCloud event page saved to PDF 2026-08-31, https://www.swimcloud.com/results/393282/event/18/ (no splits, ages or seed times published there)",championship,"dates Jul 30 - Aug 2 2026; LONG COURSE METRES, retained only so the course guard is exercised on real data; age group recorded from the section header; age group 10 and under; place 19"
S358,2026_PC_TERA_FAR_WESTERN,PC TERA Far Western Championships,2026-07-30,,M,200 FR,LCM,prelim,,2:40.41,,,,,"SwimCloud event page saved to PDF 2026-08-31, https://www.swimcloud.com/results/393282/event/18/ (no splits, ages or seed times published there)",championship,"dates Jul 30 - Aug 2 2026; LONG COURSE METRES, retained only so the course guard is exercised on real data; age group recorded from the section header; age group 10 and under; place 20"
S359,2026_PC_TERA_FAR_WESTERN,PC TERA Far Western Championships,2026-07-30,,M,200 FR,LCM,prelim,,2:40.71,,,,,"SwimCloud event page saved to PDF 2026-08-31, https://www.swimcloud.com/results/393282/event/18/ (no splits, ages or seed times published there)",championship,"dates Jul 30 - Aug 2 2026; LONG COURSE METRES, retained only so the course guard is exercised on real data; age group recorded from the section header; age group 10 and under; place 21"
S360,2026_PC_TERA_FAR_WESTERN,PC TERA Far Western Championships,2026-07-30,,M,200 FR,LCM,prelim,,2:41.44,,,,,"SwimCloud event page saved to PDF 2026-08-31, https://www.swimcloud.com/results/393282/event/18/ (no splits, ages or seed times published there)",championship,"dates Jul 30 - Aug 2 2026; LONG COURSE METRES, retained only so the course guard is exercised on real data; age group recorded from the section header; age group 10 and under; place 22"
S361,2026_PC_TERA_FAR_WESTERN,PC TERA Far Western Championships,2026-07-30,,M,200 FR,LCM,prelim,,2:42.48,,,,,"SwimCloud event page saved to PDF 2026-08-31, https://www.swimcloud.com/results/393282/event/18/ (no splits, ages or seed times published there)",championship,"dates Jul 30 - Aug 2 2026; LONG COURSE METRES, retained only so the course guard is exercised on real data; age group recorded from the section header; age group 10 and under; place 23"
S362,2026_PC_TERA_FAR_WESTERN,PC TERA Far Western Championships,2026-07-30,,M,200 FR,LCM,prelim,,2:42.58,,,,,"SwimCloud event page saved to PDF 2026-08-31, https://www.swimcloud.com/results/393282/event/18/ (no splits, ages or seed times published there)",championship,"dates Jul 30 - Aug 2 2026; LONG COURSE METRES, retained only so the course guard is exercised on real data; age group recorded from the section header; age group 10 and under; place 24"
S363,2026_PC_TERA_FAR_WESTERN,PC TERA Far Western Championships,2026-07-30,,M,200 FR,LCM,prelim,,2:43.33,,,,,"SwimCloud event page saved to PDF 2026-08-31, https://www.swimcloud.com/results/393282/event/18/ (no splits, ages or seed times published there)",championship,"dates Jul 30 - Aug 2 2026; LONG COURSE METRES, retained only so the course guard is exercised on real data; age group recorded from the section header; age group 10 and under; place 25"
S364,2026_PC_TERA_FAR_WESTERN,PC TERA Far Western Championships,2026-07-30,,M,200 FR,LCM,prelim,,2:43.88,,,,,"SwimCloud event page saved to PDF 2026-08-31, https://www.swimcloud.com/results/393282/event/18/ (no splits, ages or seed times published there)",championship,"dates Jul 30 - Aug 2 2026; LONG COURSE METRES, retained only so the course guard is exercised on real data; age group recorded from the section header; age group 10 and under; place 26"
S365,2026_PC_TERA_FAR_WESTERN,PC TERA Far Western Championships,2026-07-30,,M,200 FR,LCM,prelim,,2:44.87,,,,,"SwimCloud event page saved to PDF 2026-08-31, https://www.swimcloud.com/results/393282/event/18/ (no splits, ages or seed times published there)",championship,"dates Jul 30 - Aug 2 2026; LONG COURSE METRES, retained only so the course guard is exercised on real data; age group recorded from the section header; age group 10 and under; place 27"
S366,2026_PC_TERA_FAR_WESTERN,PC TERA Far Western Championships,2026-07-30,,M,200 FR,LCM,prelim,,2:45.33,,,,,"SwimCloud event page saved to PDF 2026-08-31, https://www.swimcloud.com/results/393282/event/18/ (no splits, ages or seed times published there)",championship,"dates Jul 30 - Aug 2 2026; LONG COURSE METRES, retained only so the course guard is exercised on real data; age group recorded from the section header; age group 10 and under; place 28"
S367,2026_PC_TERA_FAR_WESTERN,PC TERA Far Western Championships,2026-07-30,,M,200 FR,LCM,prelim,,2:46.91,,,,,"SwimCloud event page saved to PDF 2026-08-31, https://www.swimcloud.com/results/393282/event/18/ (no splits, ages or seed times published there)",championship,"dates Jul 30 - Aug 2 2026; LONG COURSE METRES, retained only so the course guard is exercised on real data; age group recorded from the section header; age group 10 and under; place 29"
S368,2026_PC_TERA_FAR_WESTERN,PC TERA Far Western Championships,2026-07-30,,M,200 FR,LCM,prelim,,2:48.40,,,,,"SwimCloud event page saved to PDF 2026-08-31, https://www.swimcloud.com/results/393282/event/18/ (no splits, ages or seed times published there)",championship,"dates Jul 30 - Aug 2 2026; LONG COURSE METRES, retained only so the course guard is exercised on real data; age group recorded from the section header; age group 10 and under; place 30"
S369,2025_ORINDA_SC_SENIOR_OPEN,Orinda Aquatics SCY Senior Open Meet,2025-01-25,16.0,M,200 FR,SCY,timed_final,1:36.64,1:37.01,22.72,47.02,1:11.97,1:37.01,"Official Hy-Tek results, Orinda Aquatics SCY Senior Open Meet 1/25-26/2025, Sanction #25-010, Boys 200 Yard Freestyle, https://www.pacswim.org/userfiles/meets/documents/2616/2025-01-25-orinda-sc-senior-open-meet---results.htm (retrieved 2026-08-31, checksum-verified)",invitational,"place 1; hytek tags SRII; seed from official results; meet ran 2025-01-25 to 2025-01-26, event day not stated; senior open field includes ages outside 15-18 by design"
S008,2025_ORINDA_SC_SENIOR_OPEN,Orinda Aquatics SCY Senior Open Meet,2025-01-25,16.0,M,200 FR,SCY,timed_final,1:42.77,1:42.63,24.33,50.11,1:16.19,1:42.63,"Official Hy-Tek results, Orinda Aquatics SCY Senior Open Meet 1/25-26/2025, Sanction #25-010, Boys 200 Yard Freestyle, https://www.pacswim.org/userfiles/meets/documents/2616/2025-01-25-orinda-sc-senior-open-meet---results.htm (retrieved 2026-08-31, checksum-verified)",invitational,"place 2; hytek tags SRII; seed from official results; meet ran 2025-01-25 to 2025-01-26, event day not stated; senior open field includes ages outside 15-18 by design"
S370,2025_ORINDA_SC_SENIOR_OPEN,Orinda Aquatics SCY Senior Open Meet,2025-01-25,18.0,M,200 FR,SCY,timed_final,1:40.91,1:43.37,23.76,49.49,1:16.16,1:43.37,"Official Hy-Tek results, Orinda Aquatics SCY Senior Open Meet 1/25-26/2025, Sanction #25-010, Boys 200 Yard Freestyle, https://www.pacswim.org/userfiles/meets/documents/2616/2025-01-25-orinda-sc-senior-open-meet---results.htm (retrieved 2026-08-31, checksum-verified)",invitational,"place 3; hytek tags SRII; seed from official results; meet ran 2025-01-25 to 2025-01-26, event day not stated; senior open field includes ages outside 15-18 by design"
S270,2025_ORINDA_SC_SENIOR_OPEN,Orinda Aquatics SCY Senior Open Meet,2025-01-25,15.0,M,200 FR,SCY,timed_final,1:42.16,1:43.83,24.31,50.40,1:17.35,1:43.83,"Official Hy-Tek results, Orinda Aquatics SCY Senior Open Meet 1/25-26/2025, Sanction #25-010, Boys 200 Yard Freestyle, https://www.pacswim.org/userfiles/meets/documents/2616/2025-01-25-orinda-sc-senior-open-meet---results.htm (retrieved 2026-08-31, checksum-verified)",invitational,"place 4; hytek tags SRII; seed from official results; meet ran 2025-01-25 to 2025-01-26, event day not stated; senior open field includes ages outside 15-18 by design"
S032,2025_ORINDA_SC_SENIOR_OPEN,Orinda Aquatics SCY Senior Open Meet,2025-01-25,16.0,M,200 FR,SCY,timed_final,1:43.55,1:44.13,24.63,51.06,1:17.90,1:44.13,"Official Hy-Tek results, Orinda Aquatics SCY Senior Open Meet 1/25-26/2025, Sanction #25-010, Boys 200 Yard Freestyle, https://www.pacswim.org/userfiles/meets/documents/2616/2025-01-25-orinda-sc-senior-open-meet---results.htm (retrieved 2026-08-31, checksum-verified)",invitational,"place 5; hytek tags SRII; seed from official results; meet ran 2025-01-25 to 2025-01-26, event day not stated; senior open field includes ages outside 15-18 by design"
S007,2025_ORINDA_SC_SENIOR_OPEN,Orinda Aquatics SCY Senior Open Meet,2025-01-25,14.0,M,200 FR,SCY,timed_final,1:45.12,1:44.16,23.95,50.21,1:16.91,1:44.16,"Official Hy-Tek results, Orinda Aquatics SCY Senior Open Meet 1/25-26/2025, Sanction #25-010, Boys 200 Yard Freestyle, https://www.pacswim.org/userfiles/meets/documents/2616/2025-01-25-orinda-sc-senior-open-meet---results.htm (retrieved 2026-08-31, checksum-verified)",invitational,"place 6; hytek tags SRII; seed from official results; meet ran 2025-01-25 to 2025-01-26, event day not stated; senior open field includes ages outside 15-18 by design"
S005,2025_ORINDA_SC_SENIOR_OPEN,Orinda Aquatics SCY Senior Open Meet,2025-01-25,16.0,M,200 FR,SCY,timed_final,1:42.59,1:45.17,24.58,51.15,1:18.21,1:45.17,"Official Hy-Tek results, Orinda Aquatics SCY Senior Open Meet 1/25-26/2025, Sanction #25-010, Boys 200 Yard Freestyle, https://www.pacswim.org/userfiles/meets/documents/2616/2025-01-25-orinda-sc-senior-open-meet---results.htm (retrieved 2026-08-31, checksum-verified)",invitational,"place 7; hytek tags SRII; seed from official results; meet ran 2025-01-25 to 2025-01-26, event day not stated; senior open field includes ages outside 15-18 by design"
S371,2025_ORINDA_SC_SENIOR_OPEN,Orinda Aquatics SCY Senior Open Meet,2025-01-25,13.0,M,200 FR,SCY,timed_final,1:45.23,1:46.12,25.13,52.19,1:19.37,1:46.12,"Official Hy-Tek results, Orinda Aquatics SCY Senior Open Meet 1/25-26/2025, Sanction #25-010, Boys 200 Yard Freestyle, https://www.pacswim.org/userfiles/meets/documents/2616/2025-01-25-orinda-sc-senior-open-meet---results.htm (retrieved 2026-08-31, checksum-verified)",invitational,"place 8; hytek tags SRII; seed from official results; meet ran 2025-01-25 to 2025-01-26, event day not stated; senior open field includes ages outside 15-18 by design"
S372,2025_ORINDA_SC_SENIOR_OPEN,Orinda Aquatics SCY Senior Open Meet,2025-01-25,17.0,M,200 FR,SCY,timed_final,1:45.09,1:46.33,24.44,50.64,1:18.43,1:46.33,"Official Hy-Tek results, Orinda Aquatics SCY Senior Open Meet 1/25-26/2025, Sanction #25-010, Boys 200 Yard Freestyle, https://www.pacswim.org/userfiles/meets/documents/2616/2025-01-25-orinda-sc-senior-open-meet---results.htm (retrieved 2026-08-31, checksum-verified)",invitational,"place 9; hytek tags SRII; seed from official results; meet ran 2025-01-25 to 2025-01-26, event day not stated; senior open field includes ages outside 15-18 by design"
S053,2025_ORINDA_SC_SENIOR_OPEN,Orinda Aquatics SCY Senior Open Meet,2025-01-25,15.0,M,200 FR,SCY,timed_final,1:45.69,1:46.76,25.33,53.10,1:20.36,1:46.76,"Official Hy-Tek results, Orinda Aquatics SCY Senior Open Meet 1/25-26/2025, Sanction #25-010, Boys 200 Yard Freestyle, https://www.pacswim.org/userfiles/meets/documents/2616/2025-01-25-orinda-sc-senior-open-meet---results.htm (retrieved 2026-08-31, checksum-verified)",invitational,"place 10; hytek tags SRII; seed from official results; meet ran 2025-01-25 to 2025-01-26, event day not stated; senior open field includes ages outside 15-18 by design"
S373,2025_ORINDA_SC_SENIOR_OPEN,Orinda Aquatics SCY Senior Open Meet,2025-01-25,16.0,M,200 FR,SCY,timed_final,1:45.39,1:47.32,24.53,51.37,1:19.72,1:47.32,"Official Hy-Tek results, Orinda Aquatics SCY Senior Open Meet 1/25-26/2025, Sanction #25-010, Boys 200 Yard Freestyle, https://www.pacswim.org/userfiles/meets/documents/2616/2025-01-25-orinda-sc-senior-open-meet---results.htm (retrieved 2026-08-31, checksum-verified)",invitational,"place 11; hytek tags SRII; seed from official results; meet ran 2025-01-25 to 2025-01-26, event day not stated; senior open field includes ages outside 15-18 by design"
S189,2025_ORINDA_SC_SENIOR_OPEN,Orinda Aquatics SCY Senior Open Meet,2025-01-25,13.0,M,200 FR,SCY,timed_final,1:47.11,1:47.38,24.61,51.60,1:19.18,1:47.38,"Official Hy-Tek results, Orinda Aquatics SCY Senior Open Meet 1/25-26/2025, Sanction #25-010, Boys 200 Yard Freestyle, https://www.pacswim.org/userfiles/meets/documents/2616/2025-01-25-orinda-sc-senior-open-meet---results.htm (retrieved 2026-08-31, checksum-verified)",invitational,"place 12; hytek tags SRII; seed from official results; meet ran 2025-01-25 to 2025-01-26, event day not stated; senior open field includes ages outside 15-18 by design"
S374,2025_ORINDA_SC_SENIOR_OPEN,Orinda Aquatics SCY Senior Open Meet,2025-01-25,18.0,M,200 FR,SCY,timed_final,1:42.88,1:47.86,24.8,52.09,1:19.93,1:47.86,"Official Hy-Tek results, Orinda Aquatics SCY Senior Open Meet 1/25-26/2025, Sanction #25-010, Boys 200 Yard Freestyle, https://www.pacswim.org/userfiles/meets/documents/2616/2025-01-25-orinda-sc-senior-open-meet---results.htm (retrieved 2026-08-31, checksum-verified)",invitational,"place 13; hytek tags SRII; seed from official results; meet ran 2025-01-25 to 2025-01-26, event day not stated; senior open field includes ages outside 15-18 by design"
S018,2025_ORINDA_SC_SENIOR_OPEN,Orinda Aquatics SCY Senior Open Meet,2025-01-25,16.0,M,200 FR,SCY,timed_final,1:40.52,1:48.11,24.86,52.11,1:19.97,1:48.11,"Official Hy-Tek results, Orinda Aquatics SCY Senior Open Meet 1/25-26/2025, Sanction #25-010, Boys 200 Yard Freestyle, https://www.pacswim.org/userfiles/meets/documents/2616/2025-01-25-orinda-sc-senior-open-meet---results.htm (retrieved 2026-08-31, checksum-verified)",invitational,"place 14; hytek tags SRII; seed from official results; meet ran 2025-01-25 to 2025-01-26, event day not stated; senior open field includes ages outside 15-18 by design"
S031,2025_ORINDA_SC_SENIOR_OPEN,Orinda Aquatics SCY Senior Open Meet,2025-01-25,13.0,M,200 FR,SCY,timed_final,1:49.21,1:48.14,25.77,53.52,1:20.85,1:48.14,"Official Hy-Tek results, Orinda Aquatics SCY Senior Open Meet 1/25-26/2025, Sanction #25-010, Boys 200 Yard Freestyle, https://www.pacswim.org/userfiles/meets/documents/2616/2025-01-25-orinda-sc-senior-open-meet---results.htm (retrieved 2026-08-31, checksum-verified)",invitational,"place 15; hytek tags SRII; seed from official results; meet ran 2025-01-25 to 2025-01-26, event day not stated; senior open field includes ages outside 15-18 by design"
S375,2025_ORINDA_SC_SENIOR_OPEN,Orinda Aquatics SCY Senior Open Meet,2025-01-25,16.0,M,200 FR,SCY,timed_final,1:49.86,1:48.39,25.41,52.61,1:20.46,1:48.39,"Official Hy-Tek results, Orinda Aquatics SCY Senior Open Meet 1/25-26/2025, Sanction #25-010, Boys 200 Yard Freestyle, https://www.pacswim.org/userfiles/meets/documents/2616/2025-01-25-orinda-sc-senior-open-meet---results.htm (retrieved 2026-08-31, checksum-verified)",invitational,"place 16; hytek tags SRII; seed from official results; meet ran 2025-01-25 to 2025-01-26, event day not stated; senior open field includes ages outside 15-18 by design"
S376,2025_ORINDA_SC_SENIOR_OPEN,Orinda Aquatics SCY Senior Open Meet,2025-01-25,18.0,M,200 FR,SCY,timed_final,1:42.43,1:48.69,25.33,53.29,1:21.71,1:48.69,"Official Hy-Tek results, Orinda Aquatics SCY Senior Open Meet 1/25-26/2025, Sanction #25-010, Boys 200 Yard Freestyle, https://www.pacswim.org/userfiles/meets/documents/2616/2025-01-25-orinda-sc-senior-open-meet---results.htm (retrieved 2026-08-31, checksum-verified)",invitational,"place 17; hytek tags SRII; seed from official results; meet ran 2025-01-25 to 2025-01-26, event day not stated; senior open field includes ages outside 15-18 by design"
S377,2025_ORINDA_SC_SENIOR_OPEN,Orinda Aquatics SCY Senior Open Meet,2025-01-25,16.0,M,200 FR,SCY,timed_final,1:44.70,1:48.88,24.83,52.41,1:20.78,1:48.88,"Official Hy-Tek results, Orinda Aquatics SCY Senior Open Meet 1/25-26/2025, Sanction #25-010, Boys 200 Yard Freestyle, https://www.pacswim.org/userfiles/meets/documents/2616/2025-01-25-orinda-sc-senior-open-meet---results.htm (retrieved 2026-08-31, checksum-verified)",invitational,"place 18; hytek tags SRII; seed from official results; meet ran 2025-01-25 to 2025-01-26, event day not stated; senior open field includes ages outside 15-18 by design"
S378,2025_ORINDA_SC_SENIOR_OPEN,Orinda Aquatics SCY Senior Open Meet,2025-01-25,16.0,M,200 FR,SCY,timed_final,1:58.00,1:49.14,25.32,52.74,1:20.85,1:49.14,"Official Hy-Tek results, Orinda Aquatics SCY Senior Open Meet 1/25-26/2025, Sanction #25-010, Boys 200 Yard Freestyle, https://www.pacswim.org/userfiles/meets/documents/2616/2025-01-25-orinda-sc-senior-open-meet---results.htm (retrieved 2026-08-31, checksum-verified)",invitational,"place 19; hytek tags SRII; seed from official results; meet ran 2025-01-25 to 2025-01-26, event day not stated; senior open field includes ages outside 15-18 by design"
S022,2025_ORINDA_SC_SENIOR_OPEN,Orinda Aquatics SCY Senior Open Meet,2025-01-25,13.0,M,200 FR,SCY,timed_final,1:47.86,1:49.14,25.72,52.90,1:21.21,1:49.14,"Official Hy-Tek results, Orinda Aquatics SCY Senior Open Meet 1/25-26/2025, Sanction #25-010, Boys 200 Yard Freestyle, https://www.pacswim.org/userfiles/meets/documents/2616/2025-01-25-orinda-sc-senior-open-meet---results.htm (retrieved 2026-08-31, checksum-verified)",invitational,"place 19; hytek tags SRII; seed from official results; meet ran 2025-01-25 to 2025-01-26, event day not stated; senior open field includes ages outside 15-18 by design"
S074,2025_ORINDA_SC_SENIOR_OPEN,Orinda Aquatics SCY Senior Open Meet,2025-01-25,15.0,M,200 FR,SCY,timed_final,1:52.18,1:49.50,25.72,53.07,1:21.23,1:49.50,"Official Hy-Tek results, Orinda Aquatics SCY Senior Open Meet 1/25-26/2025, Sanction #25-010, Boys 200 Yard Freestyle, https://www.pacswim.org/userfiles/meets/documents/2616/2025-01-25-orinda-sc-senior-open-meet---results.htm (retrieved 2026-08-31, checksum-verified)",invitational,"place 21; hytek tags SRII; seed from official results; meet ran 2025-01-25 to 2025-01-26, event day not stated; senior open field includes ages outside 15-18 by design"
S379,2025_ORINDA_SC_SENIOR_OPEN,Orinda Aquatics SCY Senior Open Meet,2025-01-25,14.0,M,200 FR,SCY,timed_final,1:52.08,1:49.63,25.93,53.61,1:21.72,1:49.63,"Official Hy-Tek results, Orinda Aquatics SCY Senior Open Meet 1/25-26/2025, Sanction #25-010, Boys 200 Yard Freestyle, https://www.pacswim.org/userfiles/meets/documents/2616/2025-01-25-orinda-sc-senior-open-meet---results.htm (retrieved 2026-08-31, checksum-verified)",invitational,"place 22; hytek tags SRII; seed from official results; meet ran 2025-01-25 to 2025-01-26, event day not stated; senior open field includes ages outside 15-18 by design"
S028,2025_ORINDA_SC_SENIOR_OPEN,Orinda Aquatics SCY Senior Open Meet,2025-01-25,19.0,M,200 FR,SCY,timed_final,1:45.50,1:50.08,25.31,53.08,1:21.94,1:50.08,"Official Hy-Tek results, Orinda Aquatics SCY Senior Open Meet 1/25-26/2025, Sanction #25-010, Boys 200 Yard Freestyle, https://www.pacswim.org/userfiles/meets/documents/2616/2025-01-25-orinda-sc-senior-open-meet---results.htm (retrieved 2026-08-31, checksum-verified)",invitational,"place 23; hytek tags SRII; seed from official results; meet ran 2025-01-25 to 2025-01-26, event day not stated; senior open field includes ages outside 15-18 by design"
S289,2025_ORINDA_SC_SENIOR_OPEN,Orinda Aquatics SCY Senior Open Meet,2025-01-25,14.0,M,200 FR,SCY,timed_final,1:50.81,1:50.09,25.78,53.38,1:21.18,1:50.09,"Official Hy-Tek results, Orinda Aquatics SCY Senior Open Meet 1/25-26/2025, Sanction #25-010, Boys 200 Yard Freestyle, https://www.pacswim.org/userfiles/meets/documents/2616/2025-01-25-orinda-sc-senior-open-meet---results.htm (retrieved 2026-08-31, checksum-verified)",invitational,"place 24; hytek tags SRII; seed from official results; meet ran 2025-01-25 to 2025-01-26, event day not stated; senior open field includes ages outside 15-18 by design"
S019,2025_ORINDA_SC_SENIOR_OPEN,Orinda Aquatics SCY Senior Open Meet,2025-01-25,16.0,M,200 FR,SCY,timed_final,1:45.52,1:50.44,25.91,53.89,1:22.15,1:50.44,"Official Hy-Tek results, Orinda Aquatics SCY Senior Open Meet 1/25-26/2025, Sanction #25-010, Boys 200 Yard Freestyle, https://www.pacswim.org/userfiles/meets/documents/2616/2025-01-25-orinda-sc-senior-open-meet---results.htm (retrieved 2026-08-31, checksum-verified)",invitational,"place 25; hytek tags SRII; seed from official results; meet ran 2025-01-25 to 2025-01-26, event day not stated; senior open field includes ages outside 15-18 by design"
S380,2025_ORINDA_SC_SENIOR_OPEN,Orinda Aquatics SCY Senior Open Meet,2025-01-25,17.0,M,200 FR,SCY,timed_final,1:52.07,1:50.57,25.43,53.22,1:21.96,1:50.57,"Official Hy-Tek results, Orinda Aquatics SCY Senior Open Meet 1/25-26/2025, Sanction #25-010, Boys 200 Yard Freestyle, https://www.pacswim.org/userfiles/meets/documents/2616/2025-01-25-orinda-sc-senior-open-meet---results.htm (retrieved 2026-08-31, checksum-verified)",invitational,"place 26; hytek tags SRII; seed from official results; meet ran 2025-01-25 to 2025-01-26, event day not stated; senior open field includes ages outside 15-18 by design"
S381,2025_ORINDA_SC_SENIOR_OPEN,Orinda Aquatics SCY Senior Open Meet,2025-01-25,17.0,M,200 FR,SCY,timed_final,1:48.01,1:50.71,24.39,51.66,1:20.99,1:50.71,"Official Hy-Tek results, Orinda Aquatics SCY Senior Open Meet 1/25-26/2025, Sanction #25-010, Boys 200 Yard Freestyle, https://www.pacswim.org/userfiles/meets/documents/2616/2025-01-25-orinda-sc-senior-open-meet---results.htm (retrieved 2026-08-31, checksum-verified)",invitational,"place 27; hytek tags SRII; seed from official results; meet ran 2025-01-25 to 2025-01-26, event day not stated; senior open field includes ages outside 15-18 by design"
S040,2025_ORINDA_SC_SENIOR_OPEN,Orinda Aquatics SCY Senior Open Meet,2025-01-25,17.0,M,200 FR,SCY,timed_final,1:49.86,1:50.96,25.49,53.00,1:21.86,1:50.96,"Official Hy-Tek results, Orinda Aquatics SCY Senior Open Meet 1/25-26/2025, Sanction #25-010, Boys 200 Yard Freestyle, https://www.pacswim.org/userfiles/meets/documents/2616/2025-01-25-orinda-sc-senior-open-meet---results.htm (retrieved 2026-08-31, checksum-verified)",invitational,"place 28; hytek tags SRII; seed from official results; meet ran 2025-01-25 to 2025-01-26, event day not stated; senior open field includes ages outside 15-18 by design"
S382,2025_ORINDA_SC_SENIOR_OPEN,Orinda Aquatics SCY Senior Open Meet,2025-01-25,18.0,M,200 FR,SCY,timed_final,1:40.68,1:51.14,25.06,52.82,1:22.16,1:51.14,"Official Hy-Tek results, Orinda Aquatics SCY Senior Open Meet 1/25-26/2025, Sanction #25-010, Boys 200 Yard Freestyle, https://www.pacswim.org/userfiles/meets/documents/2616/2025-01-25-orinda-sc-senior-open-meet---results.htm (retrieved 2026-08-31, checksum-verified)",invitational,"place 29; hytek tags SRII; seed from official results; meet ran 2025-01-25 to 2025-01-26, event day not stated; senior open field includes ages outside 15-18 by design"
S383,2025_ORINDA_SC_SENIOR_OPEN,Orinda Aquatics SCY Senior Open Meet,2025-01-25,17.0,M,200 FR,SCY,timed_final,1:49.51,1:51.43,25.9,54.51,1:23.45,1:51.43,"Official Hy-Tek results, Orinda Aquatics SCY Senior Open Meet 1/25-26/2025, Sanction #25-010, Boys 200 Yard Freestyle, https://www.pacswim.org/userfiles/meets/documents/2616/2025-01-25-orinda-sc-senior-open-meet---results.htm (retrieved 2026-08-31, checksum-verified)",invitational,"place 30; hytek tags SRII; seed from official results; meet ran 2025-01-25 to 2025-01-26, event day not stated; senior open field includes ages outside 15-18 by design"
S065,2025_ORINDA_SC_SENIOR_OPEN,Orinda Aquatics SCY Senior Open Meet,2025-01-25,15.0,M,200 FR,SCY,timed_final,1:51.80,1:51.70,25.49,53.61,1:22.91,1:51.70,"Official Hy-Tek results, Orinda Aquatics SCY Senior Open Meet 1/25-26/2025, Sanction #25-010, Boys 200 Yard Freestyle, https://www.pacswim.org/userfiles/meets/documents/2616/2025-01-25-orinda-sc-senior-open-meet---results.htm (retrieved 2026-08-31, checksum-verified)",invitational,"place 31; hytek tags SRII; seed from official results; meet ran 2025-01-25 to 2025-01-26, event day not stated; senior open field includes ages outside 15-18 by design"
S027,2025_ORINDA_SC_SENIOR_OPEN,Orinda Aquatics SCY Senior Open Meet,2025-01-25,16.0,M,200 FR,SCY,timed_final,1:47.49,1:51.88,25.0,53.48,1:22.43,1:51.88,"Official Hy-Tek results, Orinda Aquatics SCY Senior Open Meet 1/25-26/2025, Sanction #25-010, Boys 200 Yard Freestyle, https://www.pacswim.org/userfiles/meets/documents/2616/2025-01-25-orinda-sc-senior-open-meet---results.htm (retrieved 2026-08-31, checksum-verified)",invitational,"place 32; hytek tags SRII; seed from official results; meet ran 2025-01-25 to 2025-01-26, event day not stated; senior open field includes ages outside 15-18 by design"
S384,2025_ORINDA_SC_SENIOR_OPEN,Orinda Aquatics SCY Senior Open Meet,2025-01-25,17.0,M,200 FR,SCY,timed_final,1:46.03,1:51.92,25.75,53.90,1:22.74,1:51.92,"Official Hy-Tek results, Orinda Aquatics SCY Senior Open Meet 1/25-26/2025, Sanction #25-010, Boys 200 Yard Freestyle, https://www.pacswim.org/userfiles/meets/documents/2616/2025-01-25-orinda-sc-senior-open-meet---results.htm (retrieved 2026-08-31, checksum-verified)",invitational,"place 33; hytek tags SRII; seed from official results; meet ran 2025-01-25 to 2025-01-26, event day not stated; senior open field includes ages outside 15-18 by design"
S029,2025_ORINDA_SC_SENIOR_OPEN,Orinda Aquatics SCY Senior Open Meet,2025-01-25,14.0,M,200 FR,SCY,timed_final,1:54.60,1:51.96,24.37,52.64,1:22.60,1:51.96,"Official Hy-Tek results, Orinda Aquatics SCY Senior Open Meet 1/25-26/2025, Sanction #25-010, Boys 200 Yard Freestyle, https://www.pacswim.org/userfiles/meets/documents/2616/2025-01-25-orinda-sc-senior-open-meet---results.htm (retrieved 2026-08-31, checksum-verified)",invitational,"place 34; hytek tags SRII; seed from official results; meet ran 2025-01-25 to 2025-01-26, event day not stated; senior open field includes ages outside 15-18 by design"
S385,2025_ORINDA_SC_SENIOR_OPEN,Orinda Aquatics SCY Senior Open Meet,2025-01-25,17.0,M,200 FR,SCY,timed_final,1:49.67,1:52.02,25.99,54.45,1:23.64,1:52.02,"Official Hy-Tek results, Orinda Aquatics SCY Senior Open Meet 1/25-26/2025, Sanction #25-010, Boys 200 Yard Freestyle, https://www.pacswim.org/userfiles/meets/documents/2616/2025-01-25-orinda-sc-senior-open-meet---results.htm (retrieved 2026-08-31, checksum-verified)",invitational,"place 35; hytek tags SRII; seed from official results; meet ran 2025-01-25 to 2025-01-26, event day not stated; senior open field includes ages outside 15-18 by design"
S386,2025_ORINDA_SC_SENIOR_OPEN,Orinda Aquatics SCY Senior Open Meet,2025-01-25,15.0,M,200 FR,SCY,timed_final,1:52.85,1:52.13,26.0,54.54,1:23.16,1:52.13,"Official Hy-Tek results, Orinda Aquatics SCY Senior Open Meet 1/25-26/2025, Sanction #25-010, Boys 200 Yard Freestyle, https://www.pacswim.org/userfiles/meets/documents/2616/2025-01-25-orinda-sc-senior-open-meet---results.htm (retrieved 2026-08-31, checksum-verified)",invitational,"place 36; hytek tags SRII; seed from official results; meet ran 2025-01-25 to 2025-01-26, event day not stated; senior open field includes ages outside 15-18 by design"
S387,2025_ORINDA_SC_SENIOR_OPEN,Orinda Aquatics SCY Senior Open Meet,2025-01-25,17.0,M,200 FR,SCY,timed_final,1:55.71,1:52.26,26.75,55.27,1:24.65,1:52.26,"Official Hy-Tek results, Orinda Aquatics SCY Senior Open Meet 1/25-26/2025, Sanction #25-010, Boys 200 Yard Freestyle, https://www.pacswim.org/userfiles/meets/documents/2616/2025-01-25-orinda-sc-senior-open-meet---results.htm (retrieved 2026-08-31, checksum-verified)",invitational,"place 37; hytek tags SRII; seed from official results; meet ran 2025-01-25 to 2025-01-26, event day not stated; senior open field includes ages outside 15-18 by design"
S388,2025_ORINDA_SC_SENIOR_OPEN,Orinda Aquatics SCY Senior Open Meet,2025-01-25,17.0,M,200 FR,SCY,timed_final,1:53.03,1:52.33,26.07,54.47,1:24.04,1:52.33,"Official Hy-Tek results, Orinda Aquatics SCY Senior Open Meet 1/25-26/2025, Sanction #25-010, Boys 200 Yard Freestyle, https://www.pacswim.org/userfiles/meets/documents/2616/2025-01-25-orinda-sc-senior-open-meet---results.htm (retrieved 2026-08-31, checksum-verified)",invitational,"place 38; hytek tags SRII; seed from official results; meet ran 2025-01-25 to 2025-01-26, event day not stated; senior open field includes ages outside 15-18 by design"
S062,2025_ORINDA_SC_SENIOR_OPEN,Orinda Aquatics SCY Senior Open Meet,2025-01-25,17.0,M,200 FR,SCY,timed_final,1:49.63,1:52.60,25.88,54.58,1:24.08,1:52.60,"Official Hy-Tek results, Orinda Aquatics SCY Senior Open Meet 1/25-26/2025, Sanction #25-010, Boys 200 Yard Freestyle, https://www.pacswim.org/userfiles/meets/documents/2616/2025-01-25-orinda-sc-senior-open-meet---results.htm (retrieved 2026-08-31, checksum-verified)",invitational,"place 39; hytek tags SRII; seed from official results; meet ran 2025-01-25 to 2025-01-26, event day not stated; senior open field includes ages outside 15-18 by design"
S389,2025_ORINDA_SC_SENIOR_OPEN,Orinda Aquatics SCY Senior Open Meet,2025-01-25,14.0,M,200 FR,SCY,timed_final,1:49.80,1:52.83,26.02,54.33,1:23.69,1:52.83,"Official Hy-Tek results, Orinda Aquatics SCY Senior Open Meet 1/25-26/2025, Sanction #25-010, Boys 200 Yard Freestyle, https://www.pacswim.org/userfiles/meets/documents/2616/2025-01-25-orinda-sc-senior-open-meet---results.htm (retrieved 2026-08-31, checksum-verified)",invitational,"place 40; hytek tags SRII; seed from official results; meet ran 2025-01-25 to 2025-01-26, event day not stated; senior open field includes ages outside 15-18 by design"
S025,2025_ORINDA_SC_SENIOR_OPEN,Orinda Aquatics SCY Senior Open Meet,2025-01-25,16.0,M,200 FR,SCY,timed_final,1:47.60,1:52.87,25.41,53.45,1:22.60,1:52.87,"Official Hy-Tek results, Orinda Aquatics SCY Senior Open Meet 1/25-26/2025, Sanction #25-010, Boys 200 Yard Freestyle, https://www.pacswim.org/userfiles/meets/documents/2616/2025-01-25-orinda-sc-senior-open-meet---results.htm (retrieved 2026-08-31, checksum-verified)",invitational,"place 41; hytek tags SRII; seed from official results; meet ran 2025-01-25 to 2025-01-26, event day not stated; senior open field includes ages outside 15-18 by design"
S390,2025_ORINDA_SC_SENIOR_OPEN,Orinda Aquatics SCY Senior Open Meet,2025-01-25,17.0,M,200 FR,SCY,timed_final,1:52.70,1:52.88,25.9,54.54,1:23.63,1:52.88,"Official Hy-Tek results, Orinda Aquatics SCY Senior Open Meet 1/25-26/2025, Sanction #25-010, Boys 200 Yard Freestyle, https://www.pacswim.org/userfiles/meets/documents/2616/2025-01-25-orinda-sc-senior-open-meet---results.htm (retrieved 2026-08-31, checksum-verified)",invitational,"place 42; hytek tags SRII; seed from official results; meet ran 2025-01-25 to 2025-01-26, event day not stated; senior open field includes ages outside 15-18 by design"
S061,2025_ORINDA_SC_SENIOR_OPEN,Orinda Aquatics SCY Senior Open Meet,2025-01-25,15.0,M,200 FR,SCY,timed_final,1:50.74,1:52.90,26.21,54.70,1:23.78,1:52.90,"Official Hy-Tek results, Orinda Aquatics SCY Senior Open Meet 1/25-26/2025, Sanction #25-010, Boys 200 Yard Freestyle, https://www.pacswim.org/userfiles/meets/documents/2616/2025-01-25-orinda-sc-senior-open-meet---results.htm (retrieved 2026-08-31, checksum-verified)",invitational,"place 43; hytek tags SRII; seed from official results; meet ran 2025-01-25 to 2025-01-26, event day not stated; senior open field includes ages outside 15-18 by design"
S097,2025_ORINDA_SC_SENIOR_OPEN,Orinda Aquatics SCY Senior Open Meet,2025-01-25,15.0,M,200 FR,SCY,timed_final,1:51.67,1:53.04,27.07,55.18,1:23.79,1:53.04,"Official Hy-Tek results, Orinda Aquatics SCY Senior Open Meet 1/25-26/2025, Sanction #25-010, Boys 200 Yard Freestyle, https://www.pacswim.org/userfiles/meets/documents/2616/2025-01-25-orinda-sc-senior-open-meet---results.htm (retrieved 2026-08-31, checksum-verified)",invitational,"place 44; hytek tags SRII; seed from official results; meet ran 2025-01-25 to 2025-01-26, event day not stated; senior open field includes ages outside 15-18 by design"
S391,2025_ORINDA_SC_SENIOR_OPEN,Orinda Aquatics SCY Senior Open Meet,2025-01-25,17.0,M,200 FR,SCY,timed_final,1:55.53,1:53.18,26.19,54.78,1:24.65,1:53.18,"Official Hy-Tek results, Orinda Aquatics SCY Senior Open Meet 1/25-26/2025, Sanction #25-010, Boys 200 Yard Freestyle, https://www.pacswim.org/userfiles/meets/documents/2616/2025-01-25-orinda-sc-senior-open-meet---results.htm (retrieved 2026-08-31, checksum-verified)",invitational,"place 45; hytek tags SRII; seed from official results; meet ran 2025-01-25 to 2025-01-26, event day not stated; senior open field includes ages outside 15-18 by design"
S090,2025_ORINDA_SC_SENIOR_OPEN,Orinda Aquatics SCY Senior Open Meet,2025-01-25,16.0,M,200 FR,SCY,timed_final,1:50.66,1:53.27,26.69,55.06,1:24.25,1:53.27,"Official Hy-Tek results, Orinda Aquatics SCY Senior Open Meet 1/25-26/2025, Sanction #25-010, Boys 200 Yard Freestyle, https://www.pacswim.org/userfiles/meets/documents/2616/2025-01-25-orinda-sc-senior-open-meet---results.htm (retrieved 2026-08-31, checksum-verified)",invitational,"place 46; hytek tags SRII; seed from official results; meet ran 2025-01-25 to 2025-01-26, event day not stated; senior open field includes ages outside 15-18 by design"
S392,2025_ORINDA_SC_SENIOR_OPEN,Orinda Aquatics SCY Senior Open Meet,2025-01-25,35.0,M,200 FR,SCY,timed_final,1:55.99,1:53.31,25.76,54.37,1:23.81,1:53.31,"Official Hy-Tek results, Orinda Aquatics SCY Senior Open Meet 1/25-26/2025, Sanction #25-010, Boys 200 Yard Freestyle, https://www.pacswim.org/userfiles/meets/documents/2616/2025-01-25-orinda-sc-senior-open-meet---results.htm (retrieved 2026-08-31, checksum-verified)",invitational,"place 47; hytek tags SRII; seed from official results; meet ran 2025-01-25 to 2025-01-26, event day not stated; senior open field includes ages outside 15-18 by design"
S092,2025_ORINDA_SC_SENIOR_OPEN,Orinda Aquatics SCY Senior Open Meet,2025-01-25,15.0,M,200 FR,SCY,timed_final,1:51.14,1:53.63,26.74,55.83,1:24.68,1:53.63,"Official Hy-Tek results, Orinda Aquatics SCY Senior Open Meet 1/25-26/2025, Sanction #25-010, Boys 200 Yard Freestyle, https://www.pacswim.org/userfiles/meets/documents/2616/2025-01-25-orinda-sc-senior-open-meet---results.htm (retrieved 2026-08-31, checksum-verified)",invitational,"place 48; hytek tags SRII; seed from official results; meet ran 2025-01-25 to 2025-01-26, event day not stated; senior open field includes ages outside 15-18 by design"
S042,2025_ORINDA_SC_SENIOR_OPEN,Orinda Aquatics SCY Senior Open Meet,2025-01-25,17.0,M,200 FR,SCY,timed_final,1:52.16,1:53.74,26.29,54.67,1:24.03,1:53.74,"Official Hy-Tek results, Orinda Aquatics SCY Senior Open Meet 1/25-26/2025, Sanction #25-010, Boys 200 Yard Freestyle, https://www.pacswim.org/userfiles/meets/documents/2616/2025-01-25-orinda-sc-senior-open-meet---results.htm (retrieved 2026-08-31, checksum-verified)",invitational,"place 49; hytek tags SRII; seed from official results; meet ran 2025-01-25 to 2025-01-26, event day not stated; senior open field includes ages outside 15-18 by design"
S393,2025_ORINDA_SC_SENIOR_OPEN,Orinda Aquatics SCY Senior Open Meet,2025-01-25,17.0,M,200 FR,SCY,timed_final,1:49.16,1:53.91,25.38,53.72,1:23.89,1:53.91,"Official Hy-Tek results, Orinda Aquatics SCY Senior Open Meet 1/25-26/2025, Sanction #25-010, Boys 200 Yard Freestyle, https://www.pacswim.org/userfiles/meets/documents/2616/2025-01-25-orinda-sc-senior-open-meet---results.htm (retrieved 2026-08-31, checksum-verified)",invitational,"place 50; hytek tags SRII; seed from official results; meet ran 2025-01-25 to 2025-01-26, event day not stated; senior open field includes ages outside 15-18 by design"
S278,2025_ORINDA_SC_SENIOR_OPEN,Orinda Aquatics SCY Senior Open Meet,2025-01-25,17.0,M,200 FR,SCY,timed_final,1:48.13,1:54.30,26.24,55.07,1:25.04,1:54.30,"Official Hy-Tek results, Orinda Aquatics SCY Senior Open Meet 1/25-26/2025, Sanction #25-010, Boys 200 Yard Freestyle, https://www.pacswim.org/userfiles/meets/documents/2616/2025-01-25-orinda-sc-senior-open-meet---results.htm (retrieved 2026-08-31, checksum-verified)",invitational,"place 51; hytek tags SRII; seed from official results; meet ran 2025-01-25 to 2025-01-26, event day not stated; senior open field includes ages outside 15-18 by design"
S067,2025_ORINDA_SC_SENIOR_OPEN,Orinda Aquatics SCY Senior Open Meet,2025-01-25,15.0,M,200 FR,SCY,timed_final,1:58.11,1:54.46,26.62,55.17,1:25.05,1:54.46,"Official Hy-Tek results, Orinda Aquatics SCY Senior Open Meet 1/25-26/2025, Sanction #25-010, Boys 200 Yard Freestyle, https://www.pacswim.org/userfiles/meets/documents/2616/2025-01-25-orinda-sc-senior-open-meet---results.htm (retrieved 2026-08-31, checksum-verified)",invitational,"place 52; hytek tags SRII; seed from official results; meet ran 2025-01-25 to 2025-01-26, event day not stated; senior open field includes ages outside 15-18 by design"
S394,2025_ORINDA_SC_SENIOR_OPEN,Orinda Aquatics SCY Senior Open Meet,2025-01-25,16.0,M,200 FR,SCY,timed_final,1:49.15,1:54.50,25.83,54.67,1:24.34,1:54.50,"Official Hy-Tek results, Orinda Aquatics SCY Senior Open Meet 1/25-26/2025, Sanction #25-010, Boys 200 Yard Freestyle, https://www.pacswim.org/userfiles/meets/documents/2616/2025-01-25-orinda-sc-senior-open-meet---results.htm (retrieved 2026-08-31, checksum-verified)",invitational,"place 53; hytek tags SRII; seed from official results; meet ran 2025-01-25 to 2025-01-26, event day not stated; senior open field includes ages outside 15-18 by design"
S064,2025_ORINDA_SC_SENIOR_OPEN,Orinda Aquatics SCY Senior Open Meet,2025-01-25,17.0,M,200 FR,SCY,timed_final,1:48.37,1:54.58,24.62,53.26,1:23.72,1:54.58,"Official Hy-Tek results, Orinda Aquatics SCY Senior Open Meet 1/25-26/2025, Sanction #25-010, Boys 200 Yard Freestyle, https://www.pacswim.org/userfiles/meets/documents/2616/2025-01-25-orinda-sc-senior-open-meet---results.htm (retrieved 2026-08-31, checksum-verified)",invitational,"place 54; hytek tags SRII; seed from official results; meet ran 2025-01-25 to 2025-01-26, event day not stated; senior open field includes ages outside 15-18 by design"
S395,2025_ORINDA_SC_SENIOR_OPEN,Orinda Aquatics SCY Senior Open Meet,2025-01-25,16.0,M,200 FR,SCY,timed_final,1:52.16,1:54.73,25.67,53.54,1:23.31,1:54.73,"Official Hy-Tek results, Orinda Aquatics SCY Senior Open Meet 1/25-26/2025, Sanction #25-010, Boys 200 Yard Freestyle, https://www.pacswim.org/userfiles/meets/documents/2616/2025-01-25-orinda-sc-senior-open-meet---results.htm (retrieved 2026-08-31, checksum-verified)",invitational,"place 55; hytek tags SRII; seed from official results; meet ran 2025-01-25 to 2025-01-26, event day not stated; senior open field includes ages outside 15-18 by design"
S068,2025_ORINDA_SC_SENIOR_OPEN,Orinda Aquatics SCY Senior Open Meet,2025-01-25,22.0,M,200 FR,SCY,timed_final,1:54.74,1:54.82,26.86,56.28,1:25.61,1:54.82,"Official Hy-Tek results, Orinda Aquatics SCY Senior Open Meet 1/25-26/2025, Sanction #25-010, Boys 200 Yard Freestyle, https://www.pacswim.org/userfiles/meets/documents/2616/2025-01-25-orinda-sc-senior-open-meet---results.htm (retrieved 2026-08-31, checksum-verified)",invitational,"place 56; hytek tags SRII; seed from official results; meet ran 2025-01-25 to 2025-01-26, event day not stated; senior open field includes ages outside 15-18 by design"
S279,2025_ORINDA_SC_SENIOR_OPEN,Orinda Aquatics SCY Senior Open Meet,2025-01-25,16.0,M,200 FR,SCY,timed_final,1:52.37,1:55.25,27.1,55.86,1:25.40,1:55.25,"Official Hy-Tek results, Orinda Aquatics SCY Senior Open Meet 1/25-26/2025, Sanction #25-010, Boys 200 Yard Freestyle, https://www.pacswim.org/userfiles/meets/documents/2616/2025-01-25-orinda-sc-senior-open-meet---results.htm (retrieved 2026-08-31, checksum-verified)",invitational,"place 57; hytek tags SRII; seed from official results; meet ran 2025-01-25 to 2025-01-26, event day not stated; senior open field includes ages outside 15-18 by design"
S037,2025_ORINDA_SC_SENIOR_OPEN,Orinda Aquatics SCY Senior Open Meet,2025-01-25,14.0,M,200 FR,SCY,timed_final,1:51.20,1:55.84,26.64,55.66,1:25.49,1:55.84,"Official Hy-Tek results, Orinda Aquatics SCY Senior Open Meet 1/25-26/2025, Sanction #25-010, Boys 200 Yard Freestyle, https://www.pacswim.org/userfiles/meets/documents/2616/2025-01-25-orinda-sc-senior-open-meet---results.htm (retrieved 2026-08-31, checksum-verified)",invitational,"place 58; hytek tags SRII; seed from official results; meet ran 2025-01-25 to 2025-01-26, event day not stated; senior open field includes ages outside 15-18 by design"
S396,2025_ORINDA_SC_SENIOR_OPEN,Orinda Aquatics SCY Senior Open Meet,2025-01-25,15.0,M,200 FR,SCY,timed_final,1:58.35,1:55.93,27.25,56.23,1:25.60,1:55.93,"Official Hy-Tek results, Orinda Aquatics SCY Senior Open Meet 1/25-26/2025, Sanction #25-010, Boys 200 Yard Freestyle, https://www.pacswim.org/userfiles/meets/documents/2616/2025-01-25-orinda-sc-senior-open-meet---results.htm (retrieved 2026-08-31, checksum-verified)",invitational,"place 59; hytek tags SRII; seed from official results; meet ran 2025-01-25 to 2025-01-26, event day not stated; senior open field includes ages outside 15-18 by design"
S283,2025_ORINDA_SC_SENIOR_OPEN,Orinda Aquatics SCY Senior Open Meet,2025-01-25,14.0,M,200 FR,SCY,timed_final,1:43.94,1:56.11,26.59,55.85,1:26.12,1:56.11,"Official Hy-Tek results, Orinda Aquatics SCY Senior Open Meet 1/25-26/2025, Sanction #25-010, Boys 200 Yard Freestyle, https://www.pacswim.org/userfiles/meets/documents/2616/2025-01-25-orinda-sc-senior-open-meet---results.htm (retrieved 2026-08-31, checksum-verified)",invitational,"place 60; hytek tags SRII; seed from official results; meet ran 2025-01-25 to 2025-01-26, event day not stated; senior open field includes ages outside 15-18 by design"
S397,2025_ORINDA_SC_SENIOR_OPEN,Orinda Aquatics SCY Senior Open Meet,2025-01-25,16.0,M,200 FR,SCY,timed_final,1:54.69,1:56.21,26.92,56.78,1:26.57,1:56.21,"Official Hy-Tek results, Orinda Aquatics SCY Senior Open Meet 1/25-26/2025, Sanction #25-010, Boys 200 Yard Freestyle, https://www.pacswim.org/userfiles/meets/documents/2616/2025-01-25-orinda-sc-senior-open-meet---results.htm (retrieved 2026-08-31, checksum-verified)",invitational,"place 61; hytek tags SRII; seed from official results; meet ran 2025-01-25 to 2025-01-26, event day not stated; senior open field includes ages outside 15-18 by design"
S023,2025_ORINDA_SC_SENIOR_OPEN,Orinda Aquatics SCY Senior Open Meet,2025-01-25,15.0,M,200 FR,SCY,timed_final,1:46.85,1:56.23,25.9,54.87,1:25.20,1:56.23,"Official Hy-Tek results, Orinda Aquatics SCY Senior Open Meet 1/25-26/2025, Sanction #25-010, Boys 200 Yard Freestyle, https://www.pacswim.org/userfiles/meets/documents/2616/2025-01-25-orinda-sc-senior-open-meet---results.htm (retrieved 2026-08-31, checksum-verified)",invitational,"place 62; hytek tags SRII; seed from official results; meet ran 2025-01-25 to 2025-01-26, event day not stated; senior open field includes ages outside 15-18 by design"
S048,2025_ORINDA_SC_SENIOR_OPEN,Orinda Aquatics SCY Senior Open Meet,2025-01-25,15.0,M,200 FR,SCY,timed_final,1:50.02,1:56.40,26.49,54.94,1:25.24,1:56.40,"Official Hy-Tek results, Orinda Aquatics SCY Senior Open Meet 1/25-26/2025, Sanction #25-010, Boys 200 Yard Freestyle, https://www.pacswim.org/userfiles/meets/documents/2616/2025-01-25-orinda-sc-senior-open-meet---results.htm (retrieved 2026-08-31, checksum-verified)",invitational,"place 63; hytek tags SRII; seed from official results; meet ran 2025-01-25 to 2025-01-26, event day not stated; senior open field includes ages outside 15-18 by design"
S398,2025_ORINDA_SC_SENIOR_OPEN,Orinda Aquatics SCY Senior Open Meet,2025-01-25,14.0,M,200 FR,SCY,timed_final,1:56.26,1:56.98,28.31,58.25,1:28.08,1:56.98,"Official Hy-Tek results, Orinda Aquatics SCY Senior Open Meet 1/25-26/2025, Sanction #25-010, Boys 200 Yard Freestyle, https://www.pacswim.org/userfiles/meets/documents/2616/2025-01-25-orinda-sc-senior-open-meet---results.htm (retrieved 2026-08-31, checksum-verified)",invitational,"place 64; hytek tags SRII; seed from official results; meet ran 2025-01-25 to 2025-01-26, event day not stated; senior open field includes ages outside 15-18 by design"
S399,2025_ORINDA_SC_SENIOR_OPEN,Orinda Aquatics SCY Senior Open Meet,2025-01-25,16.0,M,200 FR,SCY,timed_final,1:58.98,1:57.06,26.74,56.18,1:27.08,1:57.06,"Official Hy-Tek results, Orinda Aquatics SCY Senior Open Meet 1/25-26/2025, Sanction #25-010, Boys 200 Yard Freestyle, https://www.pacswim.org/userfiles/meets/documents/2616/2025-01-25-orinda-sc-senior-open-meet---results.htm (retrieved 2026-08-31, checksum-verified)",invitational,"place 65; hytek tags SRII+; seed from official results; meet ran 2025-01-25 to 2025-01-26, event day not stated; senior open field includes ages outside 15-18 by design"
S079,2025_ORINDA_SC_SENIOR_OPEN,Orinda Aquatics SCY Senior Open Meet,2025-01-25,14.0,M,200 FR,SCY,timed_final,1:56.71,1:57.09,27.0,57.02,1:27.86,1:57.09,"Official Hy-Tek results, Orinda Aquatics SCY Senior Open Meet 1/25-26/2025, Sanction #25-010, Boys 200 Yard Freestyle, https://www.pacswim.org/userfiles/meets/documents/2616/2025-01-25-orinda-sc-senior-open-meet---results.htm (retrieved 2026-08-31, checksum-verified)",invitational,"place 66; hytek tags SRII; seed from official results; meet ran 2025-01-25 to 2025-01-26, event day not stated; senior open field includes ages outside 15-18 by design"
S400,2025_ORINDA_SC_SENIOR_OPEN,Orinda Aquatics SCY Senior Open Meet,2025-01-25,15.0,M,200 FR,SCY,timed_final,2:00.53,1:57.16,27.43,56.66,1:26.97,1:57.16,"Official Hy-Tek results, Orinda Aquatics SCY Senior Open Meet 1/25-26/2025, Sanction #25-010, Boys 200 Yard Freestyle, https://www.pacswim.org/userfiles/meets/documents/2616/2025-01-25-orinda-sc-senior-open-meet---results.htm (retrieved 2026-08-31, checksum-verified)",invitational,"place 67; hytek tags SRII+; seed from official results; meet ran 2025-01-25 to 2025-01-26, event day not stated; senior open field includes ages outside 15-18 by design"
S401,2025_ORINDA_SC_SENIOR_OPEN,Orinda Aquatics SCY Senior Open Meet,2025-01-25,16.0,M,200 FR,SCY,timed_final,1:54.61,1:57.36,27.19,56.55,1:26.77,1:57.36,"Official Hy-Tek results, Orinda Aquatics SCY Senior Open Meet 1/25-26/2025, Sanction #25-010, Boys 200 Yard Freestyle, https://www.pacswim.org/userfiles/meets/documents/2616/2025-01-25-orinda-sc-senior-open-meet---results.htm (retrieved 2026-08-31, checksum-verified)",invitational,"place 68; hytek tags SRII; seed from official results; meet ran 2025-01-25 to 2025-01-26, event day not stated; senior open field includes ages outside 15-18 by design"
S402,2025_ORINDA_SC_SENIOR_OPEN,Orinda Aquatics SCY Senior Open Meet,2025-01-25,16.0,M,200 FR,SCY,timed_final,1:53.19,1:57.97,27.06,56.32,1:26.89,1:57.97,"Official Hy-Tek results, Orinda Aquatics SCY Senior Open Meet 1/25-26/2025, Sanction #25-010, Boys 200 Yard Freestyle, https://www.pacswim.org/userfiles/meets/documents/2616/2025-01-25-orinda-sc-senior-open-meet---results.htm (retrieved 2026-08-31, checksum-verified)",invitational,"place 69; hytek tags SRII; seed from official results; meet ran 2025-01-25 to 2025-01-26, event day not stated; senior open field includes ages outside 15-18 by design"
S081,2025_ORINDA_SC_SENIOR_OPEN,Orinda Aquatics SCY Senior Open Meet,2025-01-25,15.0,M,200 FR,SCY,timed_final,1:55.88,1:58.12,27.26,57.33,1:27.97,1:58.12,"Official Hy-Tek results, Orinda Aquatics SCY Senior Open Meet 1/25-26/2025, Sanction #25-010, Boys 200 Yard Freestyle, https://www.pacswim.org/userfiles/meets/documents/2616/2025-01-25-orinda-sc-senior-open-meet---results.htm (retrieved 2026-08-31, checksum-verified)",invitational,"place 70; hytek tags SRII; seed from official results; meet ran 2025-01-25 to 2025-01-26, event day not stated; senior open field includes ages outside 15-18 by design"
S403,2025_ORINDA_SC_SENIOR_OPEN,Orinda Aquatics SCY Senior Open Meet,2025-01-25,18.0,M,200 FR,SCY,timed_final,1:51.48,1:58.15,25.9,55.48,1:26.79,1:58.15,"Official Hy-Tek results, Orinda Aquatics SCY Senior Open Meet 1/25-26/2025, Sanction #25-010, Boys 200 Yard Freestyle, https://www.pacswim.org/userfiles/meets/documents/2616/2025-01-25-orinda-sc-senior-open-meet---results.htm (retrieved 2026-08-31, checksum-verified)",invitational,"place 71; hytek tags SRII; seed from official results; meet ran 2025-01-25 to 2025-01-26, event day not stated; senior open field includes ages outside 15-18 by design"
S121,2025_ORINDA_SC_SENIOR_OPEN,Orinda Aquatics SCY Senior Open Meet,2025-01-25,17.0,M,200 FR,SCY,timed_final,1:55.70,1:58.60,26.91,56.50,1:27.63,1:58.60,"Official Hy-Tek results, Orinda Aquatics SCY Senior Open Meet 1/25-26/2025, Sanction #25-010, Boys 200 Yard Freestyle, https://www.pacswim.org/userfiles/meets/documents/2616/2025-01-25-orinda-sc-senior-open-meet---results.htm (retrieved 2026-08-31, checksum-verified)",invitational,"place 72; hytek tags SOPN; seed from official results; meet ran 2025-01-25 to 2025-01-26, event day not stated; senior open field includes ages outside 15-18 by design"
S404,2025_ORINDA_SC_SENIOR_OPEN,Orinda Aquatics SCY Senior Open Meet,2025-01-25,14.0,M,200 FR,SCY,timed_final,1:53.87,1:58.61,26.84,56.64,1:28.06,1:58.61,"Official Hy-Tek results, Orinda Aquatics SCY Senior Open Meet 1/25-26/2025, Sanction #25-010, Boys 200 Yard Freestyle, https://www.pacswim.org/userfiles/meets/documents/2616/2025-01-25-orinda-sc-senior-open-meet---results.htm (retrieved 2026-08-31, checksum-verified)",invitational,"place 73; hytek tags SOPN; seed from official results; meet ran 2025-01-25 to 2025-01-26, event day not stated; senior open field includes ages outside 15-18 by design"
S085,2025_ORINDA_SC_SENIOR_OPEN,Orinda Aquatics SCY Senior Open Meet,2025-01-25,14.0,M,200 FR,SCY,timed_final,1:53.09,1:59.06,26.73,56.54,1:27.93,1:59.06,"Official Hy-Tek results, Orinda Aquatics SCY Senior Open Meet 1/25-26/2025, Sanction #25-010, Boys 200 Yard Freestyle, https://www.pacswim.org/userfiles/meets/documents/2616/2025-01-25-orinda-sc-senior-open-meet---results.htm (retrieved 2026-08-31, checksum-verified)",invitational,"place 74; hytek tags SOPN; seed from official results; meet ran 2025-01-25 to 2025-01-26, event day not stated; senior open field includes ages outside 15-18 by design"
S186,2025_ORINDA_SC_SENIOR_OPEN,Orinda Aquatics SCY Senior Open Meet,2025-01-25,14.0,M,200 FR,SCY,timed_final,2:03.27,1:59.53,28.74,59.77,1:31.05,1:59.53,"Official Hy-Tek results, Orinda Aquatics SCY Senior Open Meet 1/25-26/2025, Sanction #25-010, Boys 200 Yard Freestyle, https://www.pacswim.org/userfiles/meets/documents/2616/2025-01-25-orinda-sc-senior-open-meet---results.htm (retrieved 2026-08-31, checksum-verified)",invitational,"place 75; hytek tags SOPN; seed from official results; meet ran 2025-01-25 to 2025-01-26, event day not stated; senior open field includes ages outside 15-18 by design"
S405,2025_ORINDA_SC_SENIOR_OPEN,Orinda Aquatics SCY Senior Open Meet,2025-01-25,18.0,M,200 FR,SCY,timed_final,1:50.73,1:59.86,26.7,56.88,1:28.63,1:59.86,"Official Hy-Tek results, Orinda Aquatics SCY Senior Open Meet 1/25-26/2025, Sanction #25-010, Boys 200 Yard Freestyle, https://www.pacswim.org/userfiles/meets/documents/2616/2025-01-25-orinda-sc-senior-open-meet---results.htm (retrieved 2026-08-31, checksum-verified)",invitational,"place 76; hytek tags SOPN; seed from official results; meet ran 2025-01-25 to 2025-01-26, event day not stated; senior open field includes ages outside 15-18 by design"
S088,2025_ORINDA_SC_SENIOR_OPEN,Orinda Aquatics SCY Senior Open Meet,2025-01-25,14.0,M,200 FR,SCY,timed_final,1:57.11,2:00.04,26.7,56.84,1:28.15,2:00.04,"Official Hy-Tek results, Orinda Aquatics SCY Senior Open Meet 1/25-26/2025, Sanction #25-010, Boys 200 Yard Freestyle, https://www.pacswim.org/userfiles/meets/documents/2616/2025-01-25-orinda-sc-senior-open-meet---results.htm (retrieved 2026-08-31, checksum-verified)",invitational,"place 77; hytek tags SOPN; seed from official results; meet ran 2025-01-25 to 2025-01-26, event day not stated; senior open field includes ages outside 15-18 by design"
S406,2025_ORINDA_SC_SENIOR_OPEN,Orinda Aquatics SCY Senior Open Meet,2025-01-25,15.0,M,200 FR,SCY,timed_final,2:04.37,2:00.08,28.16,59.41,1:30.15,2:00.08,"Official Hy-Tek results, Orinda Aquatics SCY Senior Open Meet 1/25-26/2025, Sanction #25-010, Boys 200 Yard Freestyle, https://www.pacswim.org/userfiles/meets/documents/2616/2025-01-25-orinda-sc-senior-open-meet---results.htm (retrieved 2026-08-31, checksum-verified)",invitational,"place 78; hytek tags SOPN; seed from official results; meet ran 2025-01-25 to 2025-01-26, event day not stated; senior open field includes ages outside 15-18 by design"
S151,2025_ORINDA_SC_SENIOR_OPEN,Orinda Aquatics SCY Senior Open Meet,2025-01-25,14.0,M,200 FR,SCY,timed_final,2:01.54,2:00.09,28.01,58.83,1:29.76,2:00.09,"Official Hy-Tek results, Orinda Aquatics SCY Senior Open Meet 1/25-26/2025, Sanction #25-010, Boys 200 Yard Freestyle, https://www.pacswim.org/userfiles/meets/documents/2616/2025-01-25-orinda-sc-senior-open-meet---results.htm (retrieved 2026-08-31, checksum-verified)",invitational,"place 79; hytek tags SOPN; seed from official results; meet ran 2025-01-25 to 2025-01-26, event day not stated; senior open field includes ages outside 15-18 by design"
S407,2025_ORINDA_SC_SENIOR_OPEN,Orinda Aquatics SCY Senior Open Meet,2025-01-25,16.0,M,200 FR,SCY,timed_final,1:57.16,2:00.16,26.73,56.71,1:28.78,2:00.16,"Official Hy-Tek results, Orinda Aquatics SCY Senior Open Meet 1/25-26/2025, Sanction #25-010, Boys 200 Yard Freestyle, https://www.pacswim.org/userfiles/meets/documents/2616/2025-01-25-orinda-sc-senior-open-meet---results.htm (retrieved 2026-08-31, checksum-verified)",invitational,"place 80; hytek tags SOPN; seed from official results; meet ran 2025-01-25 to 2025-01-26, event day not stated; senior open field includes ages outside 15-18 by design"
S408,2025_ORINDA_SC_SENIOR_OPEN,Orinda Aquatics SCY Senior Open Meet,2025-01-25,15.0,M,200 FR,SCY,timed_final,1:59.98,2:00.22,28.61,1:00.25,1:31.74,2:00.22,"Official Hy-Tek results, Orinda Aquatics SCY Senior Open Meet 1/25-26/2025, Sanction #25-010, Boys 200 Yard Freestyle, https://www.pacswim.org/userfiles/meets/documents/2616/2025-01-25-orinda-sc-senior-open-meet---results.htm (retrieved 2026-08-31, checksum-verified)",invitational,"place 81; hytek tags SOPN; seed from official results; meet ran 2025-01-25 to 2025-01-26, event day not stated; senior open field includes ages outside 15-18 by design"
S409,2025_ORINDA_SC_SENIOR_OPEN,Orinda Aquatics SCY Senior Open Meet,2025-01-25,14.0,M,200 FR,SCY,timed_final,1:58.47,2:00.30,27.96,58.27,1:29.50,2:00.30,"Official Hy-Tek results, Orinda Aquatics SCY Senior Open Meet 1/25-26/2025, Sanction #25-010, Boys 200 Yard Freestyle, https://www.pacswim.org/userfiles/meets/documents/2616/2025-01-25-orinda-sc-senior-open-meet---results.htm (retrieved 2026-08-31, checksum-verified)",invitational,"place 82; hytek tags SOPN; seed from official results; meet ran 2025-01-25 to 2025-01-26, event day not stated; senior open field includes ages outside 15-18 by design"
S410,2025_ORINDA_SC_SENIOR_OPEN,Orinda Aquatics SCY Senior Open Meet,2025-01-25,16.0,M,200 FR,SCY,timed_final,1:54.08,2:00.40,26.79,56.93,1:28.61,2:00.40,"Official Hy-Tek results, Orinda Aquatics SCY Senior Open Meet 1/25-26/2025, Sanction #25-010, Boys 200 Yard Freestyle, https://www.pacswim.org/userfiles/meets/documents/2616/2025-01-25-orinda-sc-senior-open-meet---results.htm (retrieved 2026-08-31, checksum-verified)",invitational,"place 83; hytek tags SOPN; seed from official results; meet ran 2025-01-25 to 2025-01-26, event day not stated; senior open field includes ages outside 15-18 by design"
S411,2025_ORINDA_SC_SENIOR_OPEN,Orinda Aquatics SCY Senior Open Meet,2025-01-25,17.0,M,200 FR,SCY,timed_final,2:00.19,2:00.88,27.32,57.89,1:29.80,2:00.88,"Official Hy-Tek results, Orinda Aquatics SCY Senior Open Meet 1/25-26/2025, Sanction #25-010, Boys 200 Yard Freestyle, https://www.pacswim.org/userfiles/meets/documents/2616/2025-01-25-orinda-sc-senior-open-meet---results.htm (retrieved 2026-08-31, checksum-verified)",invitational,"place 84; hytek tags SOPN; seed from official results; meet ran 2025-01-25 to 2025-01-26, event day not stated; senior open field includes ages outside 15-18 by design"
S412,2025_ORINDA_SC_SENIOR_OPEN,Orinda Aquatics SCY Senior Open Meet,2025-01-25,14.0,M,200 FR,SCY,timed_final,1:59.19,2:00.95,28.0,58.56,1:30.00,2:00.95,"Official Hy-Tek results, Orinda Aquatics SCY Senior Open Meet 1/25-26/2025, Sanction #25-010, Boys 200 Yard Freestyle, https://www.pacswim.org/userfiles/meets/documents/2616/2025-01-25-orinda-sc-senior-open-meet---results.htm (retrieved 2026-08-31, checksum-verified)",invitational,"place 85; hytek tags SOPN; seed from official results; meet ran 2025-01-25 to 2025-01-26, event day not stated; senior open field includes ages outside 15-18 by design"
S413,2025_ORINDA_SC_SENIOR_OPEN,Orinda Aquatics SCY Senior Open Meet,2025-01-25,15.0,M,200 FR,SCY,timed_final,2:00.24,2:00.97,28.4,59.27,1:30.45,2:00.97,"Official Hy-Tek results, Orinda Aquatics SCY Senior Open Meet 1/25-26/2025, Sanction #25-010, Boys 200 Yard Freestyle, https://www.pacswim.org/userfiles/meets/documents/2616/2025-01-25-orinda-sc-senior-open-meet---results.htm (retrieved 2026-08-31, checksum-verified)",invitational,"place 86; hytek tags SOPN; seed from official results; meet ran 2025-01-25 to 2025-01-26, event day not stated; senior open field includes ages outside 15-18 by design"
S414,2025_ORINDA_SC_SENIOR_OPEN,Orinda Aquatics SCY Senior Open Meet,2025-01-25,16.0,M,200 FR,SCY,timed_final,1:59.88,2:00.98,27.91,58.38,1:29.77,2:00.98,"Official Hy-Tek results, Orinda Aquatics SCY Senior Open Meet 1/25-26/2025, Sanction #25-010, Boys 200 Yard Freestyle, https://www.pacswim.org/userfiles/meets/documents/2616/2025-01-25-orinda-sc-senior-open-meet---results.htm (retrieved 2026-08-31, checksum-verified)",invitational,"place 87; hytek tags SOPN; seed from official results; meet ran 2025-01-25 to 2025-01-26, event day not stated; senior open field includes ages outside 15-18 by design"
S415,2025_ORINDA_SC_SENIOR_OPEN,Orinda Aquatics SCY Senior Open Meet,2025-01-25,14.0,M,200 FR,SCY,timed_final,2:05.73,2:01.52,27.54,57.89,1:29.64,2:01.52,"Official Hy-Tek results, Orinda Aquatics SCY Senior Open Meet 1/25-26/2025, Sanction #25-010, Boys 200 Yard Freestyle, https://www.pacswim.org/userfiles/meets/documents/2616/2025-01-25-orinda-sc-senior-open-meet---results.htm (retrieved 2026-08-31, checksum-verified)",invitational,"place 88; hytek tags SOPN; seed from official results; meet ran 2025-01-25 to 2025-01-26, event day not stated; senior open field includes ages outside 15-18 by design"
S294,2025_ORINDA_SC_SENIOR_OPEN,Orinda Aquatics SCY Senior Open Meet,2025-01-25,14.0,M,200 FR,SCY,timed_final,1:58.20,2:01.62,28.01,58.77,1:30.75,2:01.62,"Official Hy-Tek results, Orinda Aquatics SCY Senior Open Meet 1/25-26/2025, Sanction #25-010, Boys 200 Yard Freestyle, https://www.pacswim.org/userfiles/meets/documents/2616/2025-01-25-orinda-sc-senior-open-meet---results.htm (retrieved 2026-08-31, checksum-verified)",invitational,"place 89; hytek tags SOPN; seed from official results; meet ran 2025-01-25 to 2025-01-26, event day not stated; senior open field includes ages outside 15-18 by design"
S416,2025_ORINDA_SC_SENIOR_OPEN,Orinda Aquatics SCY Senior Open Meet,2025-01-25,14.0,M,200 FR,SCY,timed_final,2:03.56,2:01.93,27.78,58.50,1:30.15,2:01.93,"Official Hy-Tek results, Orinda Aquatics SCY Senior Open Meet 1/25-26/2025, Sanction #25-010, Boys 200 Yard Freestyle, https://www.pacswim.org/userfiles/meets/documents/2616/2025-01-25-orinda-sc-senior-open-meet---results.htm (retrieved 2026-08-31, checksum-verified)",invitational,"place 90; hytek tags SOPN; seed from official results; meet ran 2025-01-25 to 2025-01-26, event day not stated; senior open field includes ages outside 15-18 by design"
S417,2025_ORINDA_SC_SENIOR_OPEN,Orinda Aquatics SCY Senior Open Meet,2025-01-25,17.0,M,200 FR,SCY,timed_final,2:04.55,2:02.07,27.29,58.09,1:30.72,2:02.07,"Official Hy-Tek results, Orinda Aquatics SCY Senior Open Meet 1/25-26/2025, Sanction #25-010, Boys 200 Yard Freestyle, https://www.pacswim.org/userfiles/meets/documents/2616/2025-01-25-orinda-sc-senior-open-meet---results.htm (retrieved 2026-08-31, checksum-verified)",invitational,"place 91; hytek tags SOPN; seed from official results; meet ran 2025-01-25 to 2025-01-26, event day not stated; senior open field includes ages outside 15-18 by design"
S418,2025_ORINDA_SC_SENIOR_OPEN,Orinda Aquatics SCY Senior Open Meet,2025-01-25,14.0,M,200 FR,SCY,timed_final,1:50.46,2:02.12,27.08,57.31,1:29.16,2:02.12,"Official Hy-Tek results, Orinda Aquatics SCY Senior Open Meet 1/25-26/2025, Sanction #25-010, Boys 200 Yard Freestyle, https://www.pacswim.org/userfiles/meets/documents/2616/2025-01-25-orinda-sc-senior-open-meet---results.htm (retrieved 2026-08-31, checksum-verified)",invitational,"place 92; hytek tags SOPN; seed from official results; meet ran 2025-01-25 to 2025-01-26, event day not stated; senior open field includes ages outside 15-18 by design"
S419,2025_ORINDA_SC_SENIOR_OPEN,Orinda Aquatics SCY Senior Open Meet,2025-01-25,15.0,M,200 FR,SCY,timed_final,1:58.44,2:02.40,28.17,59.21,1:31.32,2:02.40,"Official Hy-Tek results, Orinda Aquatics SCY Senior Open Meet 1/25-26/2025, Sanction #25-010, Boys 200 Yard Freestyle, https://www.pacswim.org/userfiles/meets/documents/2616/2025-01-25-orinda-sc-senior-open-meet---results.htm (retrieved 2026-08-31, checksum-verified)",invitational,"place 93; hytek tags SOPN; seed from official results; meet ran 2025-01-25 to 2025-01-26, event day not stated; senior open field includes ages outside 15-18 by design"
S420,2025_ORINDA_SC_SENIOR_OPEN,Orinda Aquatics SCY Senior Open Meet,2025-01-25,15.0,M,200 FR,SCY,timed_final,1:56.05,2:02.48,27.77,58.44,1:30.16,2:02.48,"Official Hy-Tek results, Orinda Aquatics SCY Senior Open Meet 1/25-26/2025, Sanction #25-010, Boys 200 Yard Freestyle, https://www.pacswim.org/userfiles/meets/documents/2616/2025-01-25-orinda-sc-senior-open-meet---results.htm (retrieved 2026-08-31, checksum-verified)",invitational,"place 94; hytek tags SOPN; seed from official results; meet ran 2025-01-25 to 2025-01-26, event day not stated; senior open field includes ages outside 15-18 by design"
S421,2025_ORINDA_SC_SENIOR_OPEN,Orinda Aquatics SCY Senior Open Meet,2025-01-25,17.0,M,200 FR,SCY,timed_final,1:56.32,2:03.08,27.96,58.32,1:30.47,2:03.08,"Official Hy-Tek results, Orinda Aquatics SCY Senior Open Meet 1/25-26/2025, Sanction #25-010, Boys 200 Yard Freestyle, https://www.pacswim.org/userfiles/meets/documents/2616/2025-01-25-orinda-sc-senior-open-meet---results.htm (retrieved 2026-08-31, checksum-verified)",invitational,"place 95; hytek tags SOPN; seed from official results; meet ran 2025-01-25 to 2025-01-26, event day not stated; senior open field includes ages outside 15-18 by design"
S422,2025_ORINDA_SC_SENIOR_OPEN,Orinda Aquatics SCY Senior Open Meet,2025-01-25,14.0,M,200 FR,SCY,timed_final,2:01.64,2:03.12,28.99,1:00.45,1:32.10,2:03.12,"Official Hy-Tek results, Orinda Aquatics SCY Senior Open Meet 1/25-26/2025, Sanction #25-010, Boys 200 Yard Freestyle, https://www.pacswim.org/userfiles/meets/documents/2616/2025-01-25-orinda-sc-senior-open-meet---results.htm (retrieved 2026-08-31, checksum-verified)",invitational,"place 96; hytek tags SOPN; seed from official results; meet ran 2025-01-25 to 2025-01-26, event day not stated; senior open field includes ages outside 15-18 by design"
S423,2025_ORINDA_SC_SENIOR_OPEN,Orinda Aquatics SCY Senior Open Meet,2025-01-25,17.0,M,200 FR,SCY,timed_final,2:00.64,2:03.20,28.82,1:00.73,1:33.08,2:03.20,"Official Hy-Tek results, Orinda Aquatics SCY Senior Open Meet 1/25-26/2025, Sanction #25-010, Boys 200 Yard Freestyle, https://www.pacswim.org/userfiles/meets/documents/2616/2025-01-25-orinda-sc-senior-open-meet---results.htm (retrieved 2026-08-31, checksum-verified)",invitational,"place 97; hytek tags SOPN; seed from official results; meet ran 2025-01-25 to 2025-01-26, event day not stated; senior open field includes ages outside 15-18 by design"
S139,2025_ORINDA_SC_SENIOR_OPEN,Orinda Aquatics SCY Senior Open Meet,2025-01-25,15.0,M,200 FR,SCY,timed_final,2:05.20,2:03.99,27.97,59.79,1:32.67,2:03.99,"Official Hy-Tek results, Orinda Aquatics SCY Senior Open Meet 1/25-26/2025, Sanction #25-010, Boys 200 Yard Freestyle, https://www.pacswim.org/userfiles/meets/documents/2616/2025-01-25-orinda-sc-senior-open-meet---results.htm (retrieved 2026-08-31, checksum-verified)",invitational,"place 98; hytek tags SOPN; seed from official results; meet ran 2025-01-25 to 2025-01-26, event day not stated; senior open field includes ages outside 15-18 by design"
S424,2025_ORINDA_SC_SENIOR_OPEN,Orinda Aquatics SCY Senior Open Meet,2025-01-25,15.0,M,200 FR,SCY,timed_final,2:00.99,2:04.09,27.73,58.98,1:31.47,2:04.09,"Official Hy-Tek results, Orinda Aquatics SCY Senior Open Meet 1/25-26/2025, Sanction #25-010, Boys 200 Yard Freestyle, https://www.pacswim.org/userfiles/meets/documents/2616/2025-01-25-orinda-sc-senior-open-meet---results.htm (retrieved 2026-08-31, checksum-verified)",invitational,"place 99; hytek tags SOPN; seed from official results; meet ran 2025-01-25 to 2025-01-26, event day not stated; senior open field includes ages outside 15-18 by design"
S425,2025_ORINDA_SC_SENIOR_OPEN,Orinda Aquatics SCY Senior Open Meet,2025-01-25,15.0,M,200 FR,SCY,timed_final,2:00.47,2:04.77,28.16,59.49,1:32.33,2:04.77,"Official Hy-Tek results, Orinda Aquatics SCY Senior Open Meet 1/25-26/2025, Sanction #25-010, Boys 200 Yard Freestyle, https://www.pacswim.org/userfiles/meets/documents/2616/2025-01-25-orinda-sc-senior-open-meet---results.htm (retrieved 2026-08-31, checksum-verified)",invitational,"place 100; hytek tags SOPN; seed from official results; meet ran 2025-01-25 to 2025-01-26, event day not stated; senior open field includes ages outside 15-18 by design"
S426,2025_ORINDA_SC_SENIOR_OPEN,Orinda Aquatics SCY Senior Open Meet,2025-01-25,16.0,M,200 FR,SCY,timed_final,2:05.56,2:04.88,27.53,1:00.03,1:33.41,2:04.88,"Official Hy-Tek results, Orinda Aquatics SCY Senior Open Meet 1/25-26/2025, Sanction #25-010, Boys 200 Yard Freestyle, https://www.pacswim.org/userfiles/meets/documents/2616/2025-01-25-orinda-sc-senior-open-meet---results.htm (retrieved 2026-08-31, checksum-verified)",invitational,"place 101; hytek tags SOPN; seed from official results; meet ran 2025-01-25 to 2025-01-26, event day not stated; senior open field includes ages outside 15-18 by design"
S312,2025_ORINDA_SC_SENIOR_OPEN,Orinda Aquatics SCY Senior Open Meet,2025-01-25,12.0,M,200 FR,SCY,timed_final,2:04.65,2:05.18,28.46,1:00.79,1:33.95,2:05.18,"Official Hy-Tek results, Orinda Aquatics SCY Senior Open Meet 1/25-26/2025, Sanction #25-010, Boys 200 Yard Freestyle, https://www.pacswim.org/userfiles/meets/documents/2616/2025-01-25-orinda-sc-senior-open-meet---results.htm (retrieved 2026-08-31, checksum-verified)",invitational,"place 102; hytek tags SOPN; seed from official results; meet ran 2025-01-25 to 2025-01-26, event day not stated; senior open field includes ages outside 15-18 by design"
S427,2025_ORINDA_SC_SENIOR_OPEN,Orinda Aquatics SCY Senior Open Meet,2025-01-25,14.0,M,200 FR,SCY,timed_final,2:05.23,2:05.49,29.0,1:00.76,1:33.48,2:05.49,"Official Hy-Tek results, Orinda Aquatics SCY Senior Open Meet 1/25-26/2025, Sanction #25-010, Boys 200 Yard Freestyle, https://www.pacswim.org/userfiles/meets/documents/2616/2025-01-25-orinda-sc-senior-open-meet---results.htm (retrieved 2026-08-31, checksum-verified)",invitational,"place 103; hytek tags SOPN; seed from official results; meet ran 2025-01-25 to 2025-01-26, event day not stated; senior open field includes ages outside 15-18 by design"
S152,2025_ORINDA_SC_SENIOR_OPEN,Orinda Aquatics SCY Senior Open Meet,2025-01-25,15.0,M,200 FR,SCY,timed_final,2:07.94,2:06.65,28.22,1:00.14,1:33.69,2:06.65,"Official Hy-Tek results, Orinda Aquatics SCY Senior Open Meet 1/25-26/2025, Sanction #25-010, Boys 200 Yard Freestyle, https://www.pacswim.org/userfiles/meets/documents/2616/2025-01-25-orinda-sc-senior-open-meet---results.htm (retrieved 2026-08-31, checksum-verified)",invitational,"place 104; hytek tags SOPN; seed from official results; meet ran 2025-01-25 to 2025-01-26, event day not stated; senior open field includes ages outside 15-18 by design"
S428,2025_ORINDA_SC_SENIOR_OPEN,Orinda Aquatics SCY Senior Open Meet,2025-01-25,13.0,M,200 FR,SCY,timed_final,2:13.38,2:07.57,29.16,1:01.91,1:34.73,2:07.57,"Official Hy-Tek results, Orinda Aquatics SCY Senior Open Meet 1/25-26/2025, Sanction #25-010, Boys 200 Yard Freestyle, https://www.pacswim.org/userfiles/meets/documents/2616/2025-01-25-orinda-sc-senior-open-meet---results.htm (retrieved 2026-08-31, checksum-verified)",invitational,"place 105; hytek tags SOPN+; seed from official results; meet ran 2025-01-25 to 2025-01-26, event day not stated; senior open field includes ages outside 15-18 by design"
S429,2025_ORINDA_SC_SENIOR_OPEN,Orinda Aquatics SCY Senior Open Meet,2025-01-25,18.0,M,200 FR,SCY,timed_final,2:03.84,2:07.57,28.81,1:00.25,1:34.34,2:07.57,"Official Hy-Tek results, Orinda Aquatics SCY Senior Open Meet 1/25-26/2025, Sanction #25-010, Boys 200 Yard Freestyle, https://www.pacswim.org/userfiles/meets/documents/2616/2025-01-25-orinda-sc-senior-open-meet---results.htm (retrieved 2026-08-31, checksum-verified)",invitational,"place 105; hytek tags SOPN; seed from official results; meet ran 2025-01-25 to 2025-01-26, event day not stated; senior open field includes ages outside 15-18 by design"
S430,2025_ORINDA_SC_SENIOR_OPEN,Orinda Aquatics SCY Senior Open Meet,2025-01-25,14.0,M,200 FR,SCY,timed_final,2:08.51,2:07.61,30.25,1:02.64,1:35.86,2:07.61,"Official Hy-Tek results, Orinda Aquatics SCY Senior Open Meet 1/25-26/2025, Sanction #25-010, Boys 200 Yard Freestyle, https://www.pacswim.org/userfiles/meets/documents/2616/2025-01-25-orinda-sc-senior-open-meet---results.htm (retrieved 2026-08-31, checksum-verified)",invitational,"place 107; hytek tags SOPN+; seed from official results; meet ran 2025-01-25 to 2025-01-26, event day not stated; senior open field includes ages outside 15-18 by design"
S431,2025_ORINDA_SC_SENIOR_OPEN,Orinda Aquatics SCY Senior Open Meet,2025-01-25,14.0,M,200 FR,SCY,timed_final,2:12.64,2:07.86,29.65,1:01.77,1:34.54,2:07.86,"Official Hy-Tek results, Orinda Aquatics SCY Senior Open Meet 1/25-26/2025, Sanction #25-010, Boys 200 Yard Freestyle, https://www.pacswim.org/userfiles/meets/documents/2616/2025-01-25-orinda-sc-senior-open-meet---results.htm (retrieved 2026-08-31, checksum-verified)",invitational,"place 108; hytek tags SOPN+; seed from official results; meet ran 2025-01-25 to 2025-01-26, event day not stated; senior open field includes ages outside 15-18 by design"
S432,2025_ORINDA_SC_SENIOR_OPEN,Orinda Aquatics SCY Senior Open Meet,2025-01-25,13.0,M,200 FR,SCY,timed_final,2:08.87,2:08.59,28.76,1:01.10,1:34.97,2:08.59,"Official Hy-Tek results, Orinda Aquatics SCY Senior Open Meet 1/25-26/2025, Sanction #25-010, Boys 200 Yard Freestyle, https://www.pacswim.org/userfiles/meets/documents/2616/2025-01-25-orinda-sc-senior-open-meet---results.htm (retrieved 2026-08-31, checksum-verified)",invitational,"place 109; hytek tags none; seed from official results; meet ran 2025-01-25 to 2025-01-26, event day not stated; senior open field includes ages outside 15-18 by design"
S433,2025_ORINDA_SC_SENIOR_OPEN,Orinda Aquatics SCY Senior Open Meet,2025-01-25,14.0,M,200 FR,SCY,timed_final,2:02.36,2:08.96,29.3,1:02.29,1:35.45,2:08.96,"Official Hy-Tek results, Orinda Aquatics SCY Senior Open Meet 1/25-26/2025, Sanction #25-010, Boys 200 Yard Freestyle, https://www.pacswim.org/userfiles/meets/documents/2616/2025-01-25-orinda-sc-senior-open-meet---results.htm (retrieved 2026-08-31, checksum-verified)",invitational,"place 110; hytek tags none; seed from official results; meet ran 2025-01-25 to 2025-01-26, event day not stated; senior open field includes ages outside 15-18 by design"
S434,2025_ORINDA_SC_SENIOR_OPEN,Orinda Aquatics SCY Senior Open Meet,2025-01-25,14.0,M,200 FR,SCY,timed_final,2:12.08,2:09.04,30.62,1:03.08,1:37.68,2:09.04,"Official Hy-Tek results, Orinda Aquatics SCY Senior Open Meet 1/25-26/2025, Sanction #25-010, Boys 200 Yard Freestyle, https://www.pacswim.org/userfiles/meets/documents/2616/2025-01-25-orinda-sc-senior-open-meet---results.htm (retrieved 2026-08-31, checksum-verified)",invitational,"place 111; hytek tags none; seed from official results; meet ran 2025-01-25 to 2025-01-26, event day not stated; senior open field includes ages outside 15-18 by design"
S435,2025_ORINDA_SC_SENIOR_OPEN,Orinda Aquatics SCY Senior Open Meet,2025-01-25,13.0,M,200 FR,SCY,timed_final,2:05.16,2:09.29,30.25,1:03.03,1:37.00,2:09.29,"Official Hy-Tek results, Orinda Aquatics SCY Senior Open Meet 1/25-26/2025, Sanction #25-010, Boys 200 Yard Freestyle, https://www.pacswim.org/userfiles/meets/documents/2616/2025-01-25-orinda-sc-senior-open-meet---results.htm (retrieved 2026-08-31, checksum-verified)",invitational,"place 112; hytek tags none; seed from official results; meet ran 2025-01-25 to 2025-01-26, event day not stated; senior open field includes ages outside 15-18 by design"
S436,2025_ORINDA_SC_SENIOR_OPEN,Orinda Aquatics SCY Senior Open Meet,2025-01-25,13.0,M,200 FR,SCY,timed_final,2:09.05,2:09.67,29.06,1:01.97,1:36.16,2:09.67,"Official Hy-Tek results, Orinda Aquatics SCY Senior Open Meet 1/25-26/2025, Sanction #25-010, Boys 200 Yard Freestyle, https://www.pacswim.org/userfiles/meets/documents/2616/2025-01-25-orinda-sc-senior-open-meet---results.htm (retrieved 2026-08-31, checksum-verified)",invitational,"place 113; hytek tags none; seed from official results; meet ran 2025-01-25 to 2025-01-26, event day not stated; senior open field includes ages outside 15-18 by design"
S437,2025_ORINDA_SC_SENIOR_OPEN,Orinda Aquatics SCY Senior Open Meet,2025-01-25,14.0,M,200 FR,SCY,timed_final,2:10.92,2:10.61,29.36,1:01.33,1:35.86,2:10.61,"Official Hy-Tek results, Orinda Aquatics SCY Senior Open Meet 1/25-26/2025, Sanction #25-010, Boys 200 Yard Freestyle, https://www.pacswim.org/userfiles/meets/documents/2616/2025-01-25-orinda-sc-senior-open-meet---results.htm (retrieved 2026-08-31, checksum-verified)",invitational,"place 114; hytek tags none; seed from official results; meet ran 2025-01-25 to 2025-01-26, event day not stated; senior open field includes ages outside 15-18 by design"
S438,2025_ORINDA_SC_SENIOR_OPEN,Orinda Aquatics SCY Senior Open Meet,2025-01-25,13.0,M,200 FR,SCY,timed_final,2:12.15,2:11.06,31.05,1:04.61,1:38.74,2:11.06,"Official Hy-Tek results, Orinda Aquatics SCY Senior Open Meet 1/25-26/2025, Sanction #25-010, Boys 200 Yard Freestyle, https://www.pacswim.org/userfiles/meets/documents/2616/2025-01-25-orinda-sc-senior-open-meet---results.htm (retrieved 2026-08-31, checksum-verified)",invitational,"place 115; hytek tags none; seed from official results; meet ran 2025-01-25 to 2025-01-26, event day not stated; senior open field includes ages outside 15-18 by design"
S439,2025_ORINDA_SC_SENIOR_OPEN,Orinda Aquatics SCY Senior Open Meet,2025-01-25,13.0,M,200 FR,SCY,timed_final,2:13.20,2:11.43,30.54,1:04.05,1:39.37,2:11.43,"Official Hy-Tek results, Orinda Aquatics SCY Senior Open Meet 1/25-26/2025, Sanction #25-010, Boys 200 Yard Freestyle, https://www.pacswim.org/userfiles/meets/documents/2616/2025-01-25-orinda-sc-senior-open-meet---results.htm (retrieved 2026-08-31, checksum-verified)",invitational,"place 116; hytek tags none; seed from official results; meet ran 2025-01-25 to 2025-01-26, event day not stated; senior open field includes ages outside 15-18 by design"
S440,2025_ORINDA_SC_SENIOR_OPEN,Orinda Aquatics SCY Senior Open Meet,2025-01-25,16.0,M,200 FR,SCY,timed_final,1:57.52,2:11.56,28.5,1:02.33,1:37.45,2:11.56,"Official Hy-Tek results, Orinda Aquatics SCY Senior Open Meet 1/25-26/2025, Sanction #25-010, Boys 200 Yard Freestyle, https://www.pacswim.org/userfiles/meets/documents/2616/2025-01-25-orinda-sc-senior-open-meet---results.htm (retrieved 2026-08-31, checksum-verified)",invitational,"place 117; hytek tags none; seed from official results; meet ran 2025-01-25 to 2025-01-26, event day not stated; senior open field includes ages outside 15-18 by design"
S136,2025_ORINDA_SC_SENIOR_OPEN,Orinda Aquatics SCY Senior Open Meet,2025-01-25,17.0,M,200 FR,SCY,timed_final,2:08.83,2:12.23,29.27,1:02.42,1:37.11,2:12.23,"Official Hy-Tek results, Orinda Aquatics SCY Senior Open Meet 1/25-26/2025, Sanction #25-010, Boys 200 Yard Freestyle, https://www.pacswim.org/userfiles/meets/documents/2616/2025-01-25-orinda-sc-senior-open-meet---results.htm (retrieved 2026-08-31, checksum-verified)",invitational,"place 118; hytek tags none; seed from official results; meet ran 2025-01-25 to 2025-01-26, event day not stated; senior open field includes ages outside 15-18 by design"
S441,2025_ORINDA_SC_SENIOR_OPEN,Orinda Aquatics SCY Senior Open Meet,2025-01-25,13.0,M,200 FR,SCY,timed_final,2:14.69,2:12.49,30.45,1:04.32,1:39.72,2:12.49,"Official Hy-Tek results, Orinda Aquatics SCY Senior Open Meet 1/25-26/2025, Sanction #25-010, Boys 200 Yard Freestyle, https://www.pacswim.org/userfiles/meets/documents/2616/2025-01-25-orinda-sc-senior-open-meet---results.htm (retrieved 2026-08-31, checksum-verified)",invitational,"place 119; hytek tags none; seed from official results; meet ran 2025-01-25 to 2025-01-26, event day not stated; senior open field includes ages outside 15-18 by design"
S442,2025_ORINDA_SC_SENIOR_OPEN,Orinda Aquatics SCY Senior Open Meet,2025-01-25,14.0,M,200 FR,SCY,timed_final,2:11.51,2:12.60,30.58,1:04.58,1:38.89,2:12.60,"Official Hy-Tek results, Orinda Aquatics SCY Senior Open Meet 1/25-26/2025, Sanction #25-010, Boys 200 Yard Freestyle, https://www.pacswim.org/userfiles/meets/documents/2616/2025-01-25-orinda-sc-senior-open-meet---results.htm (retrieved 2026-08-31, checksum-verified)",invitational,"place 120; hytek tags none; seed from official results; meet ran 2025-01-25 to 2025-01-26, event day not stated; senior open field includes ages outside 15-18 by design"
S443,2025_ORINDA_SC_SENIOR_OPEN,Orinda Aquatics SCY Senior Open Meet,2025-01-25,15.0,M,200 FR,SCY,timed_final,2:09.06,2:12.83,29.14,1:02.95,1:37.89,2:12.83,"Official Hy-Tek results, Orinda Aquatics SCY Senior Open Meet 1/25-26/2025, Sanction #25-010, Boys 200 Yard Freestyle, https://www.pacswim.org/userfiles/meets/documents/2616/2025-01-25-orinda-sc-senior-open-meet---results.htm (retrieved 2026-08-31, checksum-verified)",invitational,"place 121; hytek tags none; seed from official results; meet ran 2025-01-25 to 2025-01-26, event day not stated; senior open field includes ages outside 15-18 by design"
S444,2025_ORINDA_SC_SENIOR_OPEN,Orinda Aquatics SCY Senior Open Meet,2025-01-25,12.0,M,200 FR,SCY,timed_final,2:06.10,2:14.55,31.2,1:05.16,1:40.21,2:14.55,"Official Hy-Tek results, Orinda Aquatics SCY Senior Open Meet 1/25-26/2025, Sanction #25-010, Boys 200 Yard Freestyle, https://www.pacswim.org/userfiles/meets/documents/2616/2025-01-25-orinda-sc-senior-open-meet---results.htm (retrieved 2026-08-31, checksum-verified)",invitational,"place 122; hytek tags none; seed from official results; meet ran 2025-01-25 to 2025-01-26, event day not stated; senior open field includes ages outside 15-18 by design"
S445,2025_ORINDA_SC_SENIOR_OPEN,Orinda Aquatics SCY Senior Open Meet,2025-01-25,13.0,M,200 FR,SCY,timed_final,2:13.08,2:15.15,30.3,1:04.65,1:40.75,2:15.15,"Official Hy-Tek results, Orinda Aquatics SCY Senior Open Meet 1/25-26/2025, Sanction #25-010, Boys 200 Yard Freestyle, https://www.pacswim.org/userfiles/meets/documents/2616/2025-01-25-orinda-sc-senior-open-meet---results.htm (retrieved 2026-08-31, checksum-verified)",invitational,"place 123; hytek tags none; seed from official results; meet ran 2025-01-25 to 2025-01-26, event day not stated; senior open field includes ages outside 15-18 by design"
S446,2025_ORINDA_SC_SENIOR_OPEN,Orinda Aquatics SCY Senior Open Meet,2025-01-25,13.0,M,200 FR,SCY,timed_final,2:13.27,2:16.79,31.05,1:06.12,1:42.02,2:16.79,"Official Hy-Tek results, Orinda Aquatics SCY Senior Open Meet 1/25-26/2025, Sanction #25-010, Boys 200 Yard Freestyle, https://www.pacswim.org/userfiles/meets/documents/2616/2025-01-25-orinda-sc-senior-open-meet---results.htm (retrieved 2026-08-31, checksum-verified)",invitational,"place 124; hytek tags none; seed from official results; meet ran 2025-01-25 to 2025-01-26, event day not stated; senior open field includes ages outside 15-18 by design"
S447,2025_ORINDA_SC_SENIOR_OPEN,Orinda Aquatics SCY Senior Open Meet,2025-01-25,13.0,M,200 FR,SCY,timed_final,2:17.60,2:17.50,33.01,1:08.67,1:44.03,2:17.50,"Official Hy-Tek results, Orinda Aquatics SCY Senior Open Meet 1/25-26/2025, Sanction #25-010, Boys 200 Yard Freestyle, https://www.pacswim.org/userfiles/meets/documents/2616/2025-01-25-orinda-sc-senior-open-meet---results.htm (retrieved 2026-08-31, checksum-verified)",invitational,"place 125; hytek tags none; seed from official results; meet ran 2025-01-25 to 2025-01-26, event day not stated; senior open field includes ages outside 15-18 by design"
S149,2025_ORINDA_SC_SENIOR_OPEN,Orinda Aquatics SCY Senior Open Meet,2025-01-25,13.0,M,200 FR,SCY,timed_final,2:45.00,2:18.35,31.68,1:07.06,1:44.04,2:18.35,"Official Hy-Tek results, Orinda Aquatics SCY Senior Open Meet 1/25-26/2025, Sanction #25-010, Boys 200 Yard Freestyle, https://www.pacswim.org/userfiles/meets/documents/2616/2025-01-25-orinda-sc-senior-open-meet---results.htm (retrieved 2026-08-31, checksum-verified)",invitational,"place 126; hytek tags none; seed from official results; meet ran 2025-01-25 to 2025-01-26, event day not stated; senior open field includes ages outside 15-18 by design"
S448,2025_ORINDA_SC_SENIOR_OPEN,Orinda Aquatics SCY Senior Open Meet,2025-01-25,13.0,M,200 FR,SCY,timed_final,2:18.98,2:18.47,30.83,1:06.50,1:44.32,2:18.47,"Official Hy-Tek results, Orinda Aquatics SCY Senior Open Meet 1/25-26/2025, Sanction #25-010, Boys 200 Yard Freestyle, https://www.pacswim.org/userfiles/meets/documents/2616/2025-01-25-orinda-sc-senior-open-meet---results.htm (retrieved 2026-08-31, checksum-verified)",invitational,"place 127; hytek tags none; seed from official results; meet ran 2025-01-25 to 2025-01-26, event day not stated; senior open field includes ages outside 15-18 by design"
S449,2025_ORINDA_SC_SENIOR_OPEN,Orinda Aquatics SCY Senior Open Meet,2025-01-25,15.0,M,200 FR,SCY,timed_final,2:19.92,2:21.25,30.63,1:05.67,1:43.41,2:21.25,"Official Hy-Tek results, Orinda Aquatics SCY Senior Open Meet 1/25-26/2025, Sanction #25-010, Boys 200 Yard Freestyle, https://www.pacswim.org/userfiles/meets/documents/2616/2025-01-25-orinda-sc-senior-open-meet---results.htm (retrieved 2026-08-31, checksum-verified)",invitational,"place 128; hytek tags none; seed from official results; meet ran 2025-01-25 to 2025-01-26, event day not stated; senior open field includes ages outside 15-18 by design"
S450,2025_ORINDA_SC_SENIOR_OPEN,Orinda Aquatics SCY Senior Open Meet,2025-01-25,13.0,M,200 FR,SCY,timed_final,2:21.27,2:21.47,32.07,1:07.89,1:44.55,2:21.47,"Official Hy-Tek results, Orinda Aquatics SCY Senior Open Meet 1/25-26/2025, Sanction #25-010, Boys 200 Yard Freestyle, https://www.pacswim.org/userfiles/meets/documents/2616/2025-01-25-orinda-sc-senior-open-meet---results.htm (retrieved 2026-08-31, checksum-verified)",invitational,"place 129; hytek tags none; seed from official results; meet ran 2025-01-25 to 2025-01-26, event day not stated; senior open field includes ages outside 15-18 by design"
S451,2025_ORINDA_SC_SENIOR_OPEN,Orinda Aquatics SCY Senior Open Meet,2025-01-25,14.0,M,200 FR,SCY,timed_final,2:29.52,2:24.19,33.76,1:11.09,1:49.44,2:24.19,"Official Hy-Tek results, Orinda Aquatics SCY Senior Open Meet 1/25-26/2025, Sanction #25-010, Boys 200 Yard Freestyle, https://www.pacswim.org/userfiles/meets/documents/2616/2025-01-25-orinda-sc-senior-open-meet---results.htm (retrieved 2026-08-31, checksum-verified)",invitational,"place 130; hytek tags none; seed from official results; meet ran 2025-01-25 to 2025-01-26, event day not stated; senior open field includes ages outside 15-18 by design"
S452,2025_ORINDA_SC_SENIOR_OPEN,Orinda Aquatics SCY Senior Open Meet,2025-01-25,14.0,M,200 FR,SCY,timed_final,2:24.01,2:24.39,32.64,1:09.45,1:48.24,2:24.39,"Official Hy-Tek results, Orinda Aquatics SCY Senior Open Meet 1/25-26/2025, Sanction #25-010, Boys 200 Yard Freestyle, https://www.pacswim.org/userfiles/meets/documents/2616/2025-01-25-orinda-sc-senior-open-meet---results.htm (retrieved 2026-08-31, checksum-verified)",invitational,"place 131; hytek tags none; seed from official results; meet ran 2025-01-25 to 2025-01-26, event day not stated; senior open field includes ages outside 15-18 by design"
S453,2025_ORINDA_SC_SENIOR_OPEN,Orinda Aquatics SCY Senior Open Meet,2025-01-25,15.0,M,200 FR,SCY,timed_final,2:01.00,2:25.17,29.84,1:06.18,1:45.33,2:25.17,"Official Hy-Tek results, Orinda Aquatics SCY Senior Open Meet 1/25-26/2025, Sanction #25-010, Boys 200 Yard Freestyle, https://www.pacswim.org/userfiles/meets/documents/2616/2025-01-25-orinda-sc-senior-open-meet---results.htm (retrieved 2026-08-31, checksum-verified)",invitational,"place 132; hytek tags none; seed from official results; meet ran 2025-01-25 to 2025-01-26, event day not stated; senior open field includes ages outside 15-18 by design"
S454,2026_PASA_SUMMER_PALOOZA,PASA SCY Summer Palooza Championship Intrasquad Meet,2026-07-26,19.0,M,200 FR,SCY,prelim,,1:38.64,22.79,47.62,1:12.94,1:38.64,"Official results, 2026 PASA Summer Palooza (Palo Alto Stanford Aquatics intrasquad, Menlo-Atherton HS, 7/26/2026), Event 16 Boys 13&Over 200 Yard Freestyle, https://www.pacswim.org/userfiles/meets/documents/3117/2026-palooza-results-3col.pdf (transcribed 2026-09-02 from user-provided screenshots of the official PDF; arithmetic-verified; top entries and A-final winner independently confirmed against the live PDF)",intrasquad,"place 1; hytek tags none; seed from official results; intrasquad meet, all entrants PASA-PC; prelims and A-final are same-day swims by the same swimmers"
S455,2026_PASA_SUMMER_PALOOZA,PASA SCY Summer Palooza Championship Intrasquad Meet,2026-07-26,19.0,M,200 FR,SCY,prelim,,1:41.34,23.96,49.43,1:15.51,1:41.34,"Official results, 2026 PASA Summer Palooza (Palo Alto Stanford Aquatics intrasquad, Menlo-Atherton HS, 7/26/2026), Event 16 Boys 13&Over 200 Yard Freestyle, https://www.pacswim.org/userfiles/meets/documents/3117/2026-palooza-results-3col.pdf (transcribed 2026-09-02 from user-provided screenshots of the official PDF; arithmetic-verified; top entries and A-final winner independently confirmed against the live PDF)",intrasquad,"place 2; hytek tags none; seed from official results; intrasquad meet, all entrants PASA-PC; prelims and A-final are same-day swims by the same swimmers"
S284,2026_PASA_SUMMER_PALOOZA,PASA SCY Summer Palooza Championship Intrasquad Meet,2026-07-26,15.0,M,200 FR,SCY,prelim,,1:47.01,24.25,50.91,1:19.38,1:47.01,"Official results, 2026 PASA Summer Palooza (Palo Alto Stanford Aquatics intrasquad, Menlo-Atherton HS, 7/26/2026), Event 16 Boys 13&Over 200 Yard Freestyle, https://www.pacswim.org/userfiles/meets/documents/3117/2026-palooza-results-3col.pdf (transcribed 2026-09-02 from user-provided screenshots of the official PDF; arithmetic-verified; top entries and A-final winner independently confirmed against the live PDF)",intrasquad,"place 3; hytek tags none; seed from official results; intrasquad meet, all entrants PASA-PC; prelims and A-final are same-day swims by the same swimmers"
S456,2026_PASA_SUMMER_PALOOZA,PASA SCY Summer Palooza Championship Intrasquad Meet,2026-07-26,16.0,M,200 FR,SCY,prelim,,1:50.77,25.62,53.20,1:21.73,1:50.77,"Official results, 2026 PASA Summer Palooza (Palo Alto Stanford Aquatics intrasquad, Menlo-Atherton HS, 7/26/2026), Event 16 Boys 13&Over 200 Yard Freestyle, https://www.pacswim.org/userfiles/meets/documents/3117/2026-palooza-results-3col.pdf (transcribed 2026-09-02 from user-provided screenshots of the official PDF; arithmetic-verified; top entries and A-final winner independently confirmed against the live PDF)",intrasquad,"place 4; hytek tags none; seed from official results; intrasquad meet, all entrants PASA-PC; prelims and A-final are same-day swims by the same swimmers"
S256,2026_PASA_SUMMER_PALOOZA,PASA SCY Summer Palooza Championship Intrasquad Meet,2026-07-26,16.0,M,200 FR,SCY,prelim,,1:52.63,26.11,54.64,1:24.58,1:52.63,"Official results, 2026 PASA Summer Palooza (Palo Alto Stanford Aquatics intrasquad, Menlo-Atherton HS, 7/26/2026), Event 16 Boys 13&Over 200 Yard Freestyle, https://www.pacswim.org/userfiles/meets/documents/3117/2026-palooza-results-3col.pdf (transcribed 2026-09-02 from user-provided screenshots of the official PDF; arithmetic-verified; top entries and A-final winner independently confirmed against the live PDF)",intrasquad,"place 5; hytek tags none; seed from official results; intrasquad meet, all entrants PASA-PC; prelims and A-final are same-day swims by the same swimmers"
S457,2026_PASA_SUMMER_PALOOZA,PASA SCY Summer Palooza Championship Intrasquad Meet,2026-07-26,16.0,M,200 FR,SCY,prelim,,1:52.69,25.84,53.98,1:23.11,1:52.69,"Official results, 2026 PASA Summer Palooza (Palo Alto Stanford Aquatics intrasquad, Menlo-Atherton HS, 7/26/2026), Event 16 Boys 13&Over 200 Yard Freestyle, https://www.pacswim.org/userfiles/meets/documents/3117/2026-palooza-results-3col.pdf (transcribed 2026-09-02 from user-provided screenshots of the official PDF; arithmetic-verified; top entries and A-final winner independently confirmed against the live PDF)",intrasquad,"place 6; hytek tags none; seed from official results; intrasquad meet, all entrants PASA-PC; prelims and A-final are same-day swims by the same swimmers"
S253,2026_PASA_SUMMER_PALOOZA,PASA SCY Summer Palooza Championship Intrasquad Meet,2026-07-26,16.0,M,200 FR,SCY,prelim,,1:52.86,25.16,53.13,1:23.02,1:52.86,"Official results, 2026 PASA Summer Palooza (Palo Alto Stanford Aquatics intrasquad, Menlo-Atherton HS, 7/26/2026), Event 16 Boys 13&Over 200 Yard Freestyle, https://www.pacswim.org/userfiles/meets/documents/3117/2026-palooza-results-3col.pdf (transcribed 2026-09-02 from user-provided screenshots of the official PDF; arithmetic-verified; top entries and A-final winner independently confirmed against the live PDF)",intrasquad,"place 7; hytek tags none; seed from official results; intrasquad meet, all entrants PASA-PC; prelims and A-final are same-day swims by the same swimmers"
S245,2026_PASA_SUMMER_PALOOZA,PASA SCY Summer Palooza Championship Intrasquad Meet,2026-07-26,17.0,M,200 FR,SCY,prelim,,1:54.34,26.58,55.40,1:24.96,1:54.34,"Official results, 2026 PASA Summer Palooza (Palo Alto Stanford Aquatics intrasquad, Menlo-Atherton HS, 7/26/2026), Event 16 Boys 13&Over 200 Yard Freestyle, https://www.pacswim.org/userfiles/meets/documents/3117/2026-palooza-results-3col.pdf (transcribed 2026-09-02 from user-provided screenshots of the official PDF; arithmetic-verified; top entries and A-final winner independently confirmed against the live PDF)",intrasquad,"place 8; hytek tags none; seed from official results; intrasquad meet, all entrants PASA-PC; prelims and A-final are same-day swims by the same swimmers"
S458,2026_PASA_SUMMER_PALOOZA,PASA SCY Summer Palooza Championship Intrasquad Meet,2026-07-26,14.0,M,200 FR,SCY,prelim,,1:57.28,26.25,55.79,1:26.60,1:57.28,"Official results, 2026 PASA Summer Palooza (Palo Alto Stanford Aquatics intrasquad, Menlo-Atherton HS, 7/26/2026), Event 16 Boys 13&Over 200 Yard Freestyle, https://www.pacswim.org/userfiles/meets/documents/3117/2026-palooza-results-3col.pdf (transcribed 2026-09-02 from user-provided screenshots of the official PDF; arithmetic-verified; top entries and A-final winner independently confirmed against the live PDF)",intrasquad,"place 9; hytek tags none; seed from official results; intrasquad meet, all entrants PASA-PC; prelims and A-final are same-day swims by the same swimmers"
S459,2026_PASA_SUMMER_PALOOZA,PASA SCY Summer Palooza Championship Intrasquad Meet,2026-07-26,13.0,M,200 FR,SCY,prelim,,1:57.85,26.82,56.54,1:27.51,1:57.85,"Official results, 2026 PASA Summer Palooza (Palo Alto Stanford Aquatics intrasquad, Menlo-Atherton HS, 7/26/2026), Event 16 Boys 13&Over 200 Yard Freestyle, https://www.pacswim.org/userfiles/meets/documents/3117/2026-palooza-results-3col.pdf (transcribed 2026-09-02 from user-provided screenshots of the official PDF; arithmetic-verified; top entries and A-final winner independently confirmed against the live PDF)",intrasquad,"place 10; hytek tags none; seed from official results; intrasquad meet, all entrants PASA-PC; prelims and A-final are same-day swims by the same swimmers"
S455,2026_PASA_SUMMER_PALOOZA,PASA SCY Summer Palooza Championship Intrasquad Meet,2026-07-26,19.0,M,200 FR,SCY,final,,1:40.87,23.63,49.27,1:15.36,1:40.87,"Official results, 2026 PASA Summer Palooza (Palo Alto Stanford Aquatics intrasquad, Menlo-Atherton HS, 7/26/2026), Event 16 Boys 13&Over 200 Yard Freestyle, https://www.pacswim.org/userfiles/meets/documents/3117/2026-palooza-results-3col.pdf (transcribed 2026-09-02 from user-provided screenshots of the official PDF; arithmetic-verified; top entries and A-final winner independently confirmed against the live PDF)",intrasquad,"place 1; hytek tags none; seed from official results; intrasquad meet, all entrants PASA-PC; prelims and A-final are same-day swims by the same swimmers"
S284,2026_PASA_SUMMER_PALOOZA,PASA SCY Summer Palooza Championship Intrasquad Meet,2026-07-26,15.0,M,200 FR,SCY,final,,1:45.10,24.56,51.37,1:18.67,1:45.10,"Official results, 2026 PASA Summer Palooza (Palo Alto Stanford Aquatics intrasquad, Menlo-Atherton HS, 7/26/2026), Event 16 Boys 13&Over 200 Yard Freestyle, https://www.pacswim.org/userfiles/meets/documents/3117/2026-palooza-results-3col.pdf (transcribed 2026-09-02 from user-provided screenshots of the official PDF; arithmetic-verified; top entries and A-final winner independently confirmed against the live PDF)",intrasquad,"place 2; hytek tags none; seed from official results; intrasquad meet, all entrants PASA-PC; prelims and A-final are same-day swims by the same swimmers"
S456,2026_PASA_SUMMER_PALOOZA,PASA SCY Summer Palooza Championship Intrasquad Meet,2026-07-26,16.0,M,200 FR,SCY,final,,1:50.73,25.29,52.80,1:21.69,1:50.73,"Official results, 2026 PASA Summer Palooza (Palo Alto Stanford Aquatics intrasquad, Menlo-Atherton HS, 7/26/2026), Event 16 Boys 13&Over 200 Yard Freestyle, https://www.pacswim.org/userfiles/meets/documents/3117/2026-palooza-results-3col.pdf (transcribed 2026-09-02 from user-provided screenshots of the official PDF; arithmetic-verified; top entries and A-final winner independently confirmed against the live PDF)",intrasquad,"place 3; hytek tags none; seed from official results; intrasquad meet, all entrants PASA-PC; prelims and A-final are same-day swims by the same swimmers"
S253,2026_PASA_SUMMER_PALOOZA,PASA SCY Summer Palooza Championship Intrasquad Meet,2026-07-26,16.0,M,200 FR,SCY,final,,1:53.92,26.14,54.86,1:23.90,1:53.92,"Official results, 2026 PASA Summer Palooza (Palo Alto Stanford Aquatics intrasquad, Menlo-Atherton HS, 7/26/2026), Event 16 Boys 13&Over 200 Yard Freestyle, https://www.pacswim.org/userfiles/meets/documents/3117/2026-palooza-results-3col.pdf (transcribed 2026-09-02 from user-provided screenshots of the official PDF; arithmetic-verified; top entries and A-final winner independently confirmed against the live PDF)",intrasquad,"place 4; hytek tags none; seed from official results; intrasquad meet, all entrants PASA-PC; prelims and A-final are same-day swims by the same swimmers"
S458,2026_PASA_SUMMER_PALOOZA,PASA SCY Summer Palooza Championship Intrasquad Meet,2026-07-26,14.0,M,200 FR,SCY,final,,1:54.64,26.15,55.30,1:25.01,1:54.64,"Official results, 2026 PASA Summer Palooza (Palo Alto Stanford Aquatics intrasquad, Menlo-Atherton HS, 7/26/2026), Event 16 Boys 13&Over 200 Yard Freestyle, https://www.pacswim.org/userfiles/meets/documents/3117/2026-palooza-results-3col.pdf (transcribed 2026-09-02 from user-provided screenshots of the official PDF; arithmetic-verified; top entries and A-final winner independently confirmed against the live PDF)",intrasquad,"place 5; hytek tags none; seed from official results; intrasquad meet, all entrants PASA-PC; prelims and A-final are same-day swims by the same swimmers"
S459,2026_PASA_SUMMER_PALOOZA,PASA SCY Summer Palooza Championship Intrasquad Meet,2026-07-26,13.0,M,200 FR,SCY,final,,1:58.28,26.79,56.69,1:27.85,1:58.28,"Official results, 2026 PASA Summer Palooza (Palo Alto Stanford Aquatics intrasquad, Menlo-Atherton HS, 7/26/2026), Event 16 Boys 13&Over 200 Yard Freestyle, https://www.pacswim.org/userfiles/meets/documents/3117/2026-palooza-results-3col.pdf (transcribed 2026-09-02 from user-provided screenshots of the official PDF; arithmetic-verified; top entries and A-final winner independently confirmed against the live PDF)",intrasquad,"place 6; hytek tags none; seed from official results; intrasquad meet, all entrants PASA-PC; prelims and A-final are same-day swims by the same swimmers"
S460,2026_NCS_CHAMPIONSHIPS,CIF North Coast Section Swimming and Diving Championship Meet 2026,2026-05-07,,M,200 FR,SCY,prelim,,1:37.47,23.34,47.82,1:12.69,1:37.47,"Official results, 2026 NCS Swimming & Diving Championship Meet (5/7-9/2026, Novato CA), Boys 200 Yard Freestyle Preliminaries, https://www.pacswim.org/userfiles/meets/documents/3082/ncsresultswithalleventswithsplitsandscores.pdf (transcribed 2026-09-02 from user-provided screenshots of the official PDF; arithmetic-verified; top-5 entries, field size, and CIF tags independently confirmed against the live PDF)",championship,"place 1; hytek tags grade JR; CIFA; seed from official results; high school championship: results publish grade (FR/SO/JR/SR), not age, so ages are blank and these rows sit outside the primary age-verified population unless a registered amendment admits grade-based bands; finals sections of the same meet not yet ingested"
S008,2026_NCS_CHAMPIONSHIPS,CIF North Coast Section Swimming and Diving Championship Meet 2026,2026-05-07,,M,200 FR,SCY,prelim,,1:39.20,23.39,48.53,1:13.59,1:39.20,"Official results, 2026 NCS Swimming & Diving Championship Meet (5/7-9/2026, Novato CA), Boys 200 Yard Freestyle Preliminaries, https://www.pacswim.org/userfiles/meets/documents/3082/ncsresultswithalleventswithsplitsandscores.pdf (transcribed 2026-09-02 from user-provided screenshots of the official PDF; arithmetic-verified; top-5 entries, field size, and CIF tags independently confirmed against the live PDF)",championship,"place 2; hytek tags grade SR; CIFA; seed from official results; high school championship: results publish grade (FR/SO/JR/SR), not age, so ages are blank and these rows sit outside the primary age-verified population unless a registered amendment admits grade-based bands; finals sections of the same meet not yet ingested"
S270,2026_NCS_CHAMPIONSHIPS,CIF North Coast Section Swimming and Diving Championship Meet 2026,2026-05-07,,M,200 FR,SCY,prelim,,1:39.64,23.18,48.28,1:14.10,1:39.64,"Official results, 2026 NCS Swimming & Diving Championship Meet (5/7-9/2026, Novato CA), Boys 200 Yard Freestyle Preliminaries, https://www.pacswim.org/userfiles/meets/documents/3082/ncsresultswithalleventswithsplitsandscores.pdf (transcribed 2026-09-02 from user-provided screenshots of the official PDF; arithmetic-verified; top-5 entries, field size, and CIF tags independently confirmed against the live PDF)",championship,"place 3; hytek tags grade JR; CIFA; seed from official results; high school championship: results publish grade (FR/SO/JR/SR), not age, so ages are blank and these rows sit outside the primary age-verified population unless a registered amendment admits grade-based bands; finals sections of the same meet not yet ingested"
S005,2026_NCS_CHAMPIONSHIPS,CIF North Coast Section Swimming and Diving Championship Meet 2026,2026-05-07,,M,200 FR,SCY,prelim,,1:39.86,23.24,48.50,1:14.23,1:39.86,"Official results, 2026 NCS Swimming & Diving Championship Meet (5/7-9/2026, Novato CA), Boys 200 Yard Freestyle Preliminaries, https://www.pacswim.org/userfiles/meets/documents/3082/ncsresultswithalleventswithsplitsandscores.pdf (transcribed 2026-09-02 from user-provided screenshots of the official PDF; arithmetic-verified; top-5 entries, field size, and CIF tags independently confirmed against the live PDF)",championship,"place 4; hytek tags grade SR; CIFA; seed from official results; high school championship: results publish grade (FR/SO/JR/SR), not age, so ages are blank and these rows sit outside the primary age-verified population unless a registered amendment admits grade-based bands; finals sections of the same meet not yet ingested"
S271,2026_NCS_CHAMPIONSHIPS,CIF North Coast Section Swimming and Diving Championship Meet 2026,2026-05-07,,M,200 FR,SCY,prelim,,1:39.97,23.87,48.78,1:14.33,1:39.97,"Official results, 2026 NCS Swimming & Diving Championship Meet (5/7-9/2026, Novato CA), Boys 200 Yard Freestyle Preliminaries, https://www.pacswim.org/userfiles/meets/documents/3082/ncsresultswithalleventswithsplitsandscores.pdf (transcribed 2026-09-02 from user-provided screenshots of the official PDF; arithmetic-verified; top-5 entries, field size, and CIF tags independently confirmed against the live PDF)",championship,"place 5; hytek tags grade JR; CIFC; seed from official results; high school championship: results publish grade (FR/SO/JR/SR), not age, so ages are blank and these rows sit outside the primary age-verified population unless a registered amendment admits grade-based bands; finals sections of the same meet not yet ingested"
S002,2026_NCS_CHAMPIONSHIPS,CIF North Coast Section Swimming and Diving Championship Meet 2026,2026-05-07,,M,200 FR,SCY,prelim,,1:40.36,23.37,48.71,1:14.32,1:40.36,"Official results, 2026 NCS Swimming & Diving Championship Meet (5/7-9/2026, Novato CA), Boys 200 Yard Freestyle Preliminaries, https://www.pacswim.org/userfiles/meets/documents/3082/ncsresultswithalleventswithsplitsandscores.pdf (transcribed 2026-09-02 from user-provided screenshots of the official PDF; arithmetic-verified; top-5 entries, field size, and CIF tags independently confirmed against the live PDF)",championship,"place 6; hytek tags grade JR; CIFC; seed from official results; high school championship: results publish grade (FR/SO/JR/SR), not age, so ages are blank and these rows sit outside the primary age-verified population unless a registered amendment admits grade-based bands; finals sections of the same meet not yet ingested"
S461,2026_NCS_CHAMPIONSHIPS,CIF North Coast Section Swimming and Diving Championship Meet 2026,2026-05-07,,M,200 FR,SCY,prelim,,1:40.42,23.27,48.88,1:14.51,1:40.42,"Official results, 2026 NCS Swimming & Diving Championship Meet (5/7-9/2026, Novato CA), Boys 200 Yard Freestyle Preliminaries, https://www.pacswim.org/userfiles/meets/documents/3082/ncsresultswithalleventswithsplitsandscores.pdf (transcribed 2026-09-02 from user-provided screenshots of the official PDF; arithmetic-verified; top-5 entries, field size, and CIF tags independently confirmed against the live PDF)",championship,"place 7; hytek tags grade SR; CIFC; seed from official results; high school championship: results publish grade (FR/SO/JR/SR), not age, so ages are blank and these rows sit outside the primary age-verified population unless a registered amendment admits grade-based bands; finals sections of the same meet not yet ingested"
S010,2026_NCS_CHAMPIONSHIPS,CIF North Coast Section Swimming and Diving Championship Meet 2026,2026-05-07,,M,200 FR,SCY,prelim,,1:40.53,23.66,49.18,1:15.10,1:40.53,"Official results, 2026 NCS Swimming & Diving Championship Meet (5/7-9/2026, Novato CA), Boys 200 Yard Freestyle Preliminaries, https://www.pacswim.org/userfiles/meets/documents/3082/ncsresultswithalleventswithsplitsandscores.pdf (transcribed 2026-09-02 from user-provided screenshots of the official PDF; arithmetic-verified; top-5 entries, field size, and CIF tags independently confirmed against the live PDF)",championship,"place 8; hytek tags grade SO; CIFC; seed from official results; high school championship: results publish grade (FR/SO/JR/SR), not age, so ages are blank and these rows sit outside the primary age-verified population unless a registered amendment admits grade-based bands; finals sections of the same meet not yet ingested"
S462,2026_NCS_CHAMPIONSHIPS,CIF North Coast Section Swimming and Diving Championship Meet 2026,2026-05-07,,M,200 FR,SCY,prelim,,1:40.59,24.0,49.53,1:15.18,1:40.59,"Official results, 2026 NCS Swimming & Diving Championship Meet (5/7-9/2026, Novato CA), Boys 200 Yard Freestyle Preliminaries, https://www.pacswim.org/userfiles/meets/documents/3082/ncsresultswithalleventswithsplitsandscores.pdf (transcribed 2026-09-02 from user-provided screenshots of the official PDF; arithmetic-verified; top-5 entries, field size, and CIF tags independently confirmed against the live PDF)",championship,"place 9; hytek tags grade SO; CIFC; seed from official results; high school championship: results publish grade (FR/SO/JR/SR), not age, so ages are blank and these rows sit outside the primary age-verified population unless a registered amendment admits grade-based bands; finals sections of the same meet not yet ingested"
S463,2026_NCS_CHAMPIONSHIPS,CIF North Coast Section Swimming and Diving Championship Meet 2026,2026-05-07,,M,200 FR,SCY,prelim,,1:40.60,23.54,48.58,1:14.61,1:40.60,"Official results, 2026 NCS Swimming & Diving Championship Meet (5/7-9/2026, Novato CA), Boys 200 Yard Freestyle Preliminaries, https://www.pacswim.org/userfiles/meets/documents/3082/ncsresultswithalleventswithsplitsandscores.pdf (transcribed 2026-09-02 from user-provided screenshots of the official PDF; arithmetic-verified; top-5 entries, field size, and CIF tags independently confirmed against the live PDF)",championship,"place 10; hytek tags grade SR; CIFC; seed from official results; high school championship: results publish grade (FR/SO/JR/SR), not age, so ages are blank and these rows sit outside the primary age-verified population unless a registered amendment admits grade-based bands; finals sections of the same meet not yet ingested"
S464,2026_NCS_CHAMPIONSHIPS,CIF North Coast Section Swimming and Diving Championship Meet 2026,2026-05-07,,M,200 FR,SCY,prelim,,1:40.68,23.51,48.91,1:14.96,1:40.68,"Official results, 2026 NCS Swimming & Diving Championship Meet (5/7-9/2026, Novato CA), Boys 200 Yard Freestyle Preliminaries, https://www.pacswim.org/userfiles/meets/documents/3082/ncsresultswithalleventswithsplitsandscores.pdf (transcribed 2026-09-02 from user-provided screenshots of the official PDF; arithmetic-verified; top-5 entries, field size, and CIF tags independently confirmed against the live PDF)",championship,"place 11; hytek tags grade SR; CIFC; seed from official results; high school championship: results publish grade (FR/SO/JR/SR), not age, so ages are blank and these rows sit outside the primary age-verified population unless a registered amendment admits grade-based bands; finals sections of the same meet not yet ingested"
S007,2026_NCS_CHAMPIONSHIPS,CIF North Coast Section Swimming and Diving Championship Meet 2026,2026-05-07,,M,200 FR,SCY,prelim,,1:41.33,23.87,49.40,1:15.33,1:41.33,"Official results, 2026 NCS Swimming & Diving Championship Meet (5/7-9/2026, Novato CA), Boys 200 Yard Freestyle Preliminaries, https://www.pacswim.org/userfiles/meets/documents/3082/ncsresultswithalleventswithsplitsandscores.pdf (transcribed 2026-09-02 from user-provided screenshots of the official PDF; arithmetic-verified; top-5 entries, field size, and CIF tags independently confirmed against the live PDF)",championship,"place 12; hytek tags grade SO; CIFC; seed from official results; high school championship: results publish grade (FR/SO/JR/SR), not age, so ages are blank and these rows sit outside the primary age-verified population unless a registered amendment admits grade-based bands; finals sections of the same meet not yet ingested"
S465,2026_NCS_CHAMPIONSHIPS,CIF North Coast Section Swimming and Diving Championship Meet 2026,2026-05-07,,M,200 FR,SCY,prelim,,1:41.94,23.46,49.46,1:15.96,1:41.94,"Official results, 2026 NCS Swimming & Diving Championship Meet (5/7-9/2026, Novato CA), Boys 200 Yard Freestyle Preliminaries, https://www.pacswim.org/userfiles/meets/documents/3082/ncsresultswithalleventswithsplitsandscores.pdf (transcribed 2026-09-02 from user-provided screenshots of the official PDF; arithmetic-verified; top-5 entries, field size, and CIF tags independently confirmed against the live PDF)",championship,"place 13; hytek tags grade FR; CIFC; seed from official results; high school championship: results publish grade (FR/SO/JR/SR), not age, so ages are blank and these rows sit outside the primary age-verified population unless a registered amendment admits grade-based bands; finals sections of the same meet not yet ingested"
S283,2026_NCS_CHAMPIONSHIPS,CIF North Coast Section Swimming and Diving Championship Meet 2026,2026-05-07,,M,200 FR,SCY,prelim,,1:42.04,24.08,50.16,1:15.90,1:42.04,"Official results, 2026 NCS Swimming & Diving Championship Meet (5/7-9/2026, Novato CA), Boys 200 Yard Freestyle Preliminaries, https://www.pacswim.org/userfiles/meets/documents/3082/ncsresultswithalleventswithsplitsandscores.pdf (transcribed 2026-09-02 from user-provided screenshots of the official PDF; arithmetic-verified; top-5 entries, field size, and CIF tags independently confirmed against the live PDF)",championship,"place 14; hytek tags grade SO; CIFC; seed from official results; high school championship: results publish grade (FR/SO/JR/SR), not age, so ages are blank and these rows sit outside the primary age-verified population unless a registered amendment admits grade-based bands; finals sections of the same meet not yet ingested"
S273,2026_NCS_CHAMPIONSHIPS,CIF North Coast Section Swimming and Diving Championship Meet 2026,2026-05-07,,M,200 FR,SCY,prelim,,1:42.04,23.91,49.84,1:15.80,1:42.04,"Official results, 2026 NCS Swimming & Diving Championship Meet (5/7-9/2026, Novato CA), Boys 200 Yard Freestyle Preliminaries, https://www.pacswim.org/userfiles/meets/documents/3082/ncsresultswithalleventswithsplitsandscores.pdf (transcribed 2026-09-02 from user-provided screenshots of the official PDF; arithmetic-verified; top-5 entries, field size, and CIF tags independently confirmed against the live PDF)",championship,"place 14; hytek tags grade SR; CIFC; seed from official results; high school championship: results publish grade (FR/SO/JR/SR), not age, so ages are blank and these rows sit outside the primary age-verified population unless a registered amendment admits grade-based bands; finals sections of the same meet not yet ingested"
S053,2026_NCS_CHAMPIONSHIPS,CIF North Coast Section Swimming and Diving Championship Meet 2026,2026-05-07,,M,200 FR,SCY,prelim,,1:42.32,24.15,50.05,1:16.45,1:42.32,"Official results, 2026 NCS Swimming & Diving Championship Meet (5/7-9/2026, Novato CA), Boys 200 Yard Freestyle Preliminaries, https://www.pacswim.org/userfiles/meets/documents/3082/ncsresultswithalleventswithsplitsandscores.pdf (transcribed 2026-09-02 from user-provided screenshots of the official PDF; arithmetic-verified; top-5 entries, field size, and CIF tags independently confirmed against the live PDF)",championship,"place 16; hytek tags grade JR; seed from official results; high school championship: results publish grade (FR/SO/JR/SR), not age, so ages are blank and these rows sit outside the primary age-verified population unless a registered amendment admits grade-based bands; finals sections of the same meet not yet ingested"
S041,2026_NCS_CHAMPIONSHIPS,CIF North Coast Section Swimming and Diving Championship Meet 2026,2026-05-07,,M,200 FR,SCY,prelim,,1:42.74,23.82,49.77,1:16.16,1:42.74,"Official results, 2026 NCS Swimming & Diving Championship Meet (5/7-9/2026, Novato CA), Boys 200 Yard Freestyle Preliminaries, https://www.pacswim.org/userfiles/meets/documents/3082/ncsresultswithalleventswithsplitsandscores.pdf (transcribed 2026-09-02 from user-provided screenshots of the official PDF; arithmetic-verified; top-5 entries, field size, and CIF tags independently confirmed against the live PDF)",championship,"place 17; hytek tags grade FR; seed from official results; high school championship: results publish grade (FR/SO/JR/SR), not age, so ages are blank and these rows sit outside the primary age-verified population unless a registered amendment admits grade-based bands; finals sections of the same meet not yet ingested"
S183,2026_NCS_CHAMPIONSHIPS,CIF North Coast Section Swimming and Diving Championship Meet 2026,2026-05-07,,M,200 FR,SCY,prelim,,1:43.02,23.86,50.09,1:16.56,1:43.02,"Official results, 2026 NCS Swimming & Diving Championship Meet (5/7-9/2026, Novato CA), Boys 200 Yard Freestyle Preliminaries, https://www.pacswim.org/userfiles/meets/documents/3082/ncsresultswithalleventswithsplitsandscores.pdf (transcribed 2026-09-02 from user-provided screenshots of the official PDF; arithmetic-verified; top-5 entries, field size, and CIF tags independently confirmed against the live PDF)",championship,"place 18; hytek tags grade SR; seed from official results; high school championship: results publish grade (FR/SO/JR/SR), not age, so ages are blank and these rows sit outside the primary age-verified population unless a registered amendment admits grade-based bands; finals sections of the same meet not yet ingested"
S466,2026_NCS_CHAMPIONSHIPS,CIF North Coast Section Swimming and Diving Championship Meet 2026,2026-05-07,,M,200 FR,SCY,prelim,,1:43.04,24.21,50.38,1:17.04,1:43.04,"Official results, 2026 NCS Swimming & Diving Championship Meet (5/7-9/2026, Novato CA), Boys 200 Yard Freestyle Preliminaries, https://www.pacswim.org/userfiles/meets/documents/3082/ncsresultswithalleventswithsplitsandscores.pdf (transcribed 2026-09-02 from user-provided screenshots of the official PDF; arithmetic-verified; top-5 entries, field size, and CIF tags independently confirmed against the live PDF)",championship,"place 19; hytek tags grade SO; seed from official results; high school championship: results publish grade (FR/SO/JR/SR), not age, so ages are blank and these rows sit outside the primary age-verified population unless a registered amendment admits grade-based bands; finals sections of the same meet not yet ingested"
S467,2026_NCS_CHAMPIONSHIPS,CIF North Coast Section Swimming and Diving Championship Meet 2026,2026-05-07,,M,200 FR,SCY,prelim,,1:43.10,24.43,50.42,1:16.82,1:43.10,"Official results, 2026 NCS Swimming & Diving Championship Meet (5/7-9/2026, Novato CA), Boys 200 Yard Freestyle Preliminaries, https://www.pacswim.org/userfiles/meets/documents/3082/ncsresultswithalleventswithsplitsandscores.pdf (transcribed 2026-09-02 from user-provided screenshots of the official PDF; arithmetic-verified; top-5 entries, field size, and CIF tags independently confirmed against the live PDF)",championship,"place 20; hytek tags grade FR; seed from official results; high school championship: results publish grade (FR/SO/JR/SR), not age, so ages are blank and these rows sit outside the primary age-verified population unless a registered amendment admits grade-based bands; finals sections of the same meet not yet ingested"
S044,2026_NCS_CHAMPIONSHIPS,CIF North Coast Section Swimming and Diving Championship Meet 2026,2026-05-07,,M,200 FR,SCY,prelim,,1:43.14,24.37,50.21,1:16.50,1:43.14,"Official results, 2026 NCS Swimming & Diving Championship Meet (5/7-9/2026, Novato CA), Boys 200 Yard Freestyle Preliminaries, https://www.pacswim.org/userfiles/meets/documents/3082/ncsresultswithalleventswithsplitsandscores.pdf (transcribed 2026-09-02 from user-provided screenshots of the official PDF; arithmetic-verified; top-5 entries, field size, and CIF tags independently confirmed against the live PDF)",championship,"place 21; hytek tags grade FR; seed from official results; high school championship: results publish grade (FR/SO/JR/SR), not age, so ages are blank and these rows sit outside the primary age-verified population unless a registered amendment admits grade-based bands; finals sections of the same meet not yet ingested"
S030,2026_NCS_CHAMPIONSHIPS,CIF North Coast Section Swimming and Diving Championship Meet 2026,2026-05-07,,M,200 FR,SCY,prelim,,1:43.27,24.2,50.18,1:16.94,1:43.27,"Official results, 2026 NCS Swimming & Diving Championship Meet (5/7-9/2026, Novato CA), Boys 200 Yard Freestyle Preliminaries, https://www.pacswim.org/userfiles/meets/documents/3082/ncsresultswithalleventswithsplitsandscores.pdf (transcribed 2026-09-02 from user-provided screenshots of the official PDF; arithmetic-verified; top-5 entries, field size, and CIF tags independently confirmed against the live PDF)",championship,"place 22; hytek tags grade JR; seed from official results; high school championship: results publish grade (FR/SO/JR/SR), not age, so ages are blank and these rows sit outside the primary age-verified population unless a registered amendment admits grade-based bands; finals sections of the same meet not yet ingested"
S468,2026_NCS_CHAMPIONSHIPS,CIF North Coast Section Swimming and Diving Championship Meet 2026,2026-05-07,,M,200 FR,SCY,prelim,,1:43.34,24.06,49.87,1:16.32,1:43.34,"Official results, 2026 NCS Swimming & Diving Championship Meet (5/7-9/2026, Novato CA), Boys 200 Yard Freestyle Preliminaries, https://www.pacswim.org/userfiles/meets/documents/3082/ncsresultswithalleventswithsplitsandscores.pdf (transcribed 2026-09-02 from user-provided screenshots of the official PDF; arithmetic-verified; top-5 entries, field size, and CIF tags independently confirmed against the live PDF)",championship,"place 23; hytek tags grade JR; seed from official results; high school championship: results publish grade (FR/SO/JR/SR), not age, so ages are blank and these rows sit outside the primary age-verified population unless a registered amendment admits grade-based bands; finals sections of the same meet not yet ingested"
S031,2026_NCS_CHAMPIONSHIPS,CIF North Coast Section Swimming and Diving Championship Meet 2026,2026-05-07,,M,200 FR,SCY,prelim,,1:43.74,24.3,50.75,1:17.30,1:43.74,"Official results, 2026 NCS Swimming & Diving Championship Meet (5/7-9/2026, Novato CA), Boys 200 Yard Freestyle Preliminaries, https://www.pacswim.org/userfiles/meets/documents/3082/ncsresultswithalleventswithsplitsandscores.pdf (transcribed 2026-09-02 from user-provided screenshots of the official PDF; arithmetic-verified; top-5 entries, field size, and CIF tags independently confirmed against the live PDF)",championship,"place 24; hytek tags grade FR; seed from official results; high school championship: results publish grade (FR/SO/JR/SR), not age, so ages are blank and these rows sit outside the primary age-verified population unless a registered amendment admits grade-based bands; finals sections of the same meet not yet ingested"
S277,2026_NCS_CHAMPIONSHIPS,CIF North Coast Section Swimming and Diving Championship Meet 2026,2026-05-07,,M,200 FR,SCY,prelim,,1:44.08,23.98,50.00,1:16.53,1:44.08,"Official results, 2026 NCS Swimming & Diving Championship Meet (5/7-9/2026, Novato CA), Boys 200 Yard Freestyle Preliminaries, https://www.pacswim.org/userfiles/meets/documents/3082/ncsresultswithalleventswithsplitsandscores.pdf (transcribed 2026-09-02 from user-provided screenshots of the official PDF; arithmetic-verified; top-5 entries, field size, and CIF tags independently confirmed against the live PDF)",championship,"place 25; hytek tags grade JR; seed from official results; high school championship: results publish grade (FR/SO/JR/SR), not age, so ages are blank and these rows sit outside the primary age-verified population unless a registered amendment admits grade-based bands; finals sections of the same meet not yet ingested"
S469,2026_NCS_CHAMPIONSHIPS,CIF North Coast Section Swimming and Diving Championship Meet 2026,2026-05-07,,M,200 FR,SCY,prelim,,1:44.40,24.24,50.37,1:17.27,1:44.40,"Official results, 2026 NCS Swimming & Diving Championship Meet (5/7-9/2026, Novato CA), Boys 200 Yard Freestyle Preliminaries, https://www.pacswim.org/userfiles/meets/documents/3082/ncsresultswithalleventswithsplitsandscores.pdf (transcribed 2026-09-02 from user-provided screenshots of the official PDF; arithmetic-verified; top-5 entries, field size, and CIF tags independently confirmed against the live PDF)",championship,"place 26; hytek tags grade SR; seed from official results; high school championship: results publish grade (FR/SO/JR/SR), not age, so ages are blank and these rows sit outside the primary age-verified population unless a registered amendment admits grade-based bands; finals sections of the same meet not yet ingested"
S470,2026_NCS_CHAMPIONSHIPS,CIF North Coast Section Swimming and Diving Championship Meet 2026,2026-05-07,,M,200 FR,SCY,prelim,,1:44.46,23.89,50.24,1:17.59,1:44.46,"Official results, 2026 NCS Swimming & Diving Championship Meet (5/7-9/2026, Novato CA), Boys 200 Yard Freestyle Preliminaries, https://www.pacswim.org/userfiles/meets/documents/3082/ncsresultswithalleventswithsplitsandscores.pdf (transcribed 2026-09-02 from user-provided screenshots of the official PDF; arithmetic-verified; top-5 entries, field size, and CIF tags independently confirmed against the live PDF)",championship,"place 27; hytek tags grade JR; seed from official results; high school championship: results publish grade (FR/SO/JR/SR), not age, so ages are blank and these rows sit outside the primary age-verified population unless a registered amendment admits grade-based bands; finals sections of the same meet not yet ingested"
S062,2026_NCS_CHAMPIONSHIPS,CIF North Coast Section Swimming and Diving Championship Meet 2026,2026-05-07,,M,200 FR,SCY,prelim,,1:44.77,25.18,51.70,1:18.14,1:44.77,"Official results, 2026 NCS Swimming & Diving Championship Meet (5/7-9/2026, Novato CA), Boys 200 Yard Freestyle Preliminaries, https://www.pacswim.org/userfiles/meets/documents/3082/ncsresultswithalleventswithsplitsandscores.pdf (transcribed 2026-09-02 from user-provided screenshots of the official PDF; arithmetic-verified; top-5 entries, field size, and CIF tags independently confirmed against the live PDF)",championship,"place 28; hytek tags grade SR; seed from official results; high school championship: results publish grade (FR/SO/JR/SR), not age, so ages are blank and these rows sit outside the primary age-verified population unless a registered amendment admits grade-based bands; finals sections of the same meet not yet ingested"
S061,2026_NCS_CHAMPIONSHIPS,CIF North Coast Section Swimming and Diving Championship Meet 2026,2026-05-07,,M,200 FR,SCY,prelim,,1:44.83,23.88,49.74,1:17.04,1:44.83,"Official results, 2026 NCS Swimming & Diving Championship Meet (5/7-9/2026, Novato CA), Boys 200 Yard Freestyle Preliminaries, https://www.pacswim.org/userfiles/meets/documents/3082/ncsresultswithalleventswithsplitsandscores.pdf (transcribed 2026-09-02 from user-provided screenshots of the official PDF; arithmetic-verified; top-5 entries, field size, and CIF tags independently confirmed against the live PDF)",championship,"place 29; hytek tags grade FR; seed from official results; high school championship: results publish grade (FR/SO/JR/SR), not age, so ages are blank and these rows sit outside the primary age-verified population unless a registered amendment admits grade-based bands; finals sections of the same meet not yet ingested"
S027,2026_NCS_CHAMPIONSHIPS,CIF North Coast Section Swimming and Diving Championship Meet 2026,2026-05-07,,M,200 FR,SCY,prelim,,1:44.93,23.96,50.50,1:17.66,1:44.93,"Official results, 2026 NCS Swimming & Diving Championship Meet (5/7-9/2026, Novato CA), Boys 200 Yard Freestyle Preliminaries, https://www.pacswim.org/userfiles/meets/documents/3082/ncsresultswithalleventswithsplitsandscores.pdf (transcribed 2026-09-02 from user-provided screenshots of the official PDF; arithmetic-verified; top-5 entries, field size, and CIF tags independently confirmed against the live PDF)",championship,"place 30; hytek tags grade JR; seed from official results; high school championship: results publish grade (FR/SO/JR/SR), not age, so ages are blank and these rows sit outside the primary age-verified population unless a registered amendment admits grade-based bands; finals sections of the same meet not yet ingested"
S471,2026_NCS_CHAMPIONSHIPS,CIF North Coast Section Swimming and Diving Championship Meet 2026,2026-05-07,,M,200 FR,SCY,prelim,,1:45.00,24.42,50.97,1:17.58,1:45.00,"Official results, 2026 NCS Swimming & Diving Championship Meet (5/7-9/2026, Novato CA), Boys 200 Yard Freestyle Preliminaries, https://www.pacswim.org/userfiles/meets/documents/3082/ncsresultswithalleventswithsplitsandscores.pdf (transcribed 2026-09-02 from user-provided screenshots of the official PDF; arithmetic-verified; top-5 entries, field size, and CIF tags independently confirmed against the live PDF)",championship,"place 31; hytek tags grade SR; seed from official results; high school championship: results publish grade (FR/SO/JR/SR), not age, so ages are blank and these rows sit outside the primary age-verified population unless a registered amendment admits grade-based bands; finals sections of the same meet not yet ingested"
S472,2026_NCS_CHAMPIONSHIPS,CIF North Coast Section Swimming and Diving Championship Meet 2026,2026-05-07,,M,200 FR,SCY,prelim,,1:45.15,24.49,50.95,1:18.47,1:45.15,"Official results, 2026 NCS Swimming & Diving Championship Meet (5/7-9/2026, Novato CA), Boys 200 Yard Freestyle Preliminaries, https://www.pacswim.org/userfiles/meets/documents/3082/ncsresultswithalleventswithsplitsandscores.pdf (transcribed 2026-09-02 from user-provided screenshots of the official PDF; arithmetic-verified; top-5 entries, field size, and CIF tags independently confirmed against the live PDF)",championship,"place 32; hytek tags grade SO; seed from official results; high school championship: results publish grade (FR/SO/JR/SR), not age, so ages are blank and these rows sit outside the primary age-verified population unless a registered amendment admits grade-based bands; finals sections of the same meet not yet ingested"
S473,2026_NCS_CHAMPIONSHIPS,CIF North Coast Section Swimming and Diving Championship Meet 2026,2026-05-07,,M,200 FR,SCY,prelim,,1:45.15,24.32,51.18,1:18.44,1:45.15,"Official results, 2026 NCS Swimming & Diving Championship Meet (5/7-9/2026, Novato CA), Boys 200 Yard Freestyle Preliminaries, https://www.pacswim.org/userfiles/meets/documents/3082/ncsresultswithalleventswithsplitsandscores.pdf (transcribed 2026-09-02 from user-provided screenshots of the official PDF; arithmetic-verified; top-5 entries, field size, and CIF tags independently confirmed against the live PDF)",championship,"place 32; hytek tags grade FR; seed from official results; high school championship: results publish grade (FR/SO/JR/SR), not age, so ages are blank and these rows sit outside the primary age-verified population unless a registered amendment admits grade-based bands; finals sections of the same meet not yet ingested"
S038,2026_NCS_CHAMPIONSHIPS,CIF North Coast Section Swimming and Diving Championship Meet 2026,2026-05-07,,M,200 FR,SCY,prelim,,1:45.21,24.91,51.60,1:18.80,1:45.21,"Official results, 2026 NCS Swimming & Diving Championship Meet (5/7-9/2026, Novato CA), Boys 200 Yard Freestyle Preliminaries, https://www.pacswim.org/userfiles/meets/documents/3082/ncsresultswithalleventswithsplitsandscores.pdf (transcribed 2026-09-02 from user-provided screenshots of the official PDF; arithmetic-verified; top-5 entries, field size, and CIF tags independently confirmed against the live PDF)",championship,"place 34; hytek tags grade --; seed from official results; high school championship: results publish grade (FR/SO/JR/SR), not age, so ages are blank and these rows sit outside the primary age-verified population unless a registered amendment admits grade-based bands; finals sections of the same meet not yet ingested"
S017,2026_NCS_CHAMPIONSHIPS,CIF North Coast Section Swimming and Diving Championship Meet 2026,2026-05-07,,M,200 FR,SCY,prelim,,1:45.33,23.77,49.51,1:17.21,1:45.33,"Official results, 2026 NCS Swimming & Diving Championship Meet (5/7-9/2026, Novato CA), Boys 200 Yard Freestyle Preliminaries, https://www.pacswim.org/userfiles/meets/documents/3082/ncsresultswithalleventswithsplitsandscores.pdf (transcribed 2026-09-02 from user-provided screenshots of the official PDF; arithmetic-verified; top-5 entries, field size, and CIF tags independently confirmed against the live PDF)",championship,"place 35; hytek tags grade SO; seed from official results; high school championship: results publish grade (FR/SO/JR/SR), not age, so ages are blank and these rows sit outside the primary age-verified population unless a registered amendment admits grade-based bands; finals sections of the same meet not yet ingested"
S279,2026_NCS_CHAMPIONSHIPS,CIF North Coast Section Swimming and Diving Championship Meet 2026,2026-05-07,,M,200 FR,SCY,prelim,,1:45.41,25.13,51.92,1:18.80,1:45.41,"Official results, 2026 NCS Swimming & Diving Championship Meet (5/7-9/2026, Novato CA), Boys 200 Yard Freestyle Preliminaries, https://www.pacswim.org/userfiles/meets/documents/3082/ncsresultswithalleventswithsplitsandscores.pdf (transcribed 2026-09-02 from user-provided screenshots of the official PDF; arithmetic-verified; top-5 entries, field size, and CIF tags independently confirmed against the live PDF)",championship,"place 36; hytek tags grade JR; seed from official results; high school championship: results publish grade (FR/SO/JR/SR), not age, so ages are blank and these rows sit outside the primary age-verified population unless a registered amendment admits grade-based bands; finals sections of the same meet not yet ingested"
S474,2026_NCS_CHAMPIONSHIPS,CIF North Coast Section Swimming and Diving Championship Meet 2026,2026-05-07,,M,200 FR,SCY,prelim,,1:45.67,23.91,49.86,1:16.97,1:45.67,"Official results, 2026 NCS Swimming & Diving Championship Meet (5/7-9/2026, Novato CA), Boys 200 Yard Freestyle Preliminaries, https://www.pacswim.org/userfiles/meets/documents/3082/ncsresultswithalleventswithsplitsandscores.pdf (transcribed 2026-09-02 from user-provided screenshots of the official PDF; arithmetic-verified; top-5 entries, field size, and CIF tags independently confirmed against the live PDF)",championship,"place 37; hytek tags grade SR; seed from official results; high school championship: results publish grade (FR/SO/JR/SR), not age, so ages are blank and these rows sit outside the primary age-verified population unless a registered amendment admits grade-based bands; finals sections of the same meet not yet ingested"
S065,2026_NCS_CHAMPIONSHIPS,CIF North Coast Section Swimming and Diving Championship Meet 2026,2026-05-07,,M,200 FR,SCY,prelim,,1:46.64,24.5,50.97,1:18.38,1:46.64,"Official results, 2026 NCS Swimming & Diving Championship Meet (5/7-9/2026, Novato CA), Boys 200 Yard Freestyle Preliminaries, https://www.pacswim.org/userfiles/meets/documents/3082/ncsresultswithalleventswithsplitsandscores.pdf (transcribed 2026-09-02 from user-provided screenshots of the official PDF; arithmetic-verified; top-5 entries, field size, and CIF tags independently confirmed against the live PDF)",championship,"place 38; hytek tags grade SO; seed from official results; high school championship: results publish grade (FR/SO/JR/SR), not age, so ages are blank and these rows sit outside the primary age-verified population unless a registered amendment admits grade-based bands; finals sections of the same meet not yet ingested"
S475,2026_NCS_CHAMPIONSHIPS,CIF North Coast Section Swimming and Diving Championship Meet 2026,2026-05-07,,M,200 FR,SCY,prelim,,1:48.01,24.4,51.24,1:19.44,1:48.01,"Official results, 2026 NCS Swimming & Diving Championship Meet (5/7-9/2026, Novato CA), Boys 200 Yard Freestyle Preliminaries, https://www.pacswim.org/userfiles/meets/documents/3082/ncsresultswithalleventswithsplitsandscores.pdf (transcribed 2026-09-02 from user-provided screenshots of the official PDF; arithmetic-verified; top-5 entries, field size, and CIF tags independently confirmed against the live PDF)",championship,"place 39; hytek tags grade JR; seed from official results; high school championship: results publish grade (FR/SO/JR/SR), not age, so ages are blank and these rows sit outside the primary age-verified population unless a registered amendment admits grade-based bands; finals sections of the same meet not yet ingested"
S060,2026_NCS_CHAMPIONSHIPS,CIF North Coast Section Swimming and Diving Championship Meet 2026,2026-05-07,,M,200 FR,SCY,prelim,,1:48.81,25.1,52.51,1:20.97,1:48.81,"Official results, 2026 NCS Swimming & Diving Championship Meet (5/7-9/2026, Novato CA), Boys 200 Yard Freestyle Preliminaries, https://www.pacswim.org/userfiles/meets/documents/3082/ncsresultswithalleventswithsplitsandscores.pdf (transcribed 2026-09-02 from user-provided screenshots of the official PDF; arithmetic-verified; top-5 entries, field size, and CIF tags independently confirmed against the live PDF)",championship,"place 40; hytek tags grade JR; seed from official results; high school championship: results publish grade (FR/SO/JR/SR), not age, so ages are blank and these rows sit outside the primary age-verified population unless a registered amendment admits grade-based bands; finals sections of the same meet not yet ingested"
S092,2026_NCS_CHAMPIONSHIPS,CIF North Coast Section Swimming and Diving Championship Meet 2026,2026-05-07,,M,200 FR,SCY,prelim,,1:49.85,25.19,52.60,1:21.44,1:49.85,"Official results, 2026 NCS Swimming & Diving Championship Meet (5/7-9/2026, Novato CA), Boys 200 Yard Freestyle Preliminaries, https://www.pacswim.org/userfiles/meets/documents/3082/ncsresultswithalleventswithsplitsandscores.pdf (transcribed 2026-09-02 from user-provided screenshots of the official PDF; arithmetic-verified; top-5 entries, field size, and CIF tags independently confirmed against the live PDF)",championship,"place 41; hytek tags grade --; seed from official results; high school championship: results publish grade (FR/SO/JR/SR), not age, so ages are blank and these rows sit outside the primary age-verified population unless a registered amendment admits grade-based bands; finals sections of the same meet not yet ingested"
S476,2021_BAC_SPOOKY_FALL,TYR-BAC Spooky Fall Classic C/B/A+,2021-10-23,14.0,M,200 FR,SCY,timed_final,1:53.46,1:49.11,,,,,"Official Hy-Tek results, TYR-BAC Spooky Fall Classic C/B/A+ 10/23-24/2021, Boys 200 Yard Freestyle (13-14 and 15&Over), https://www.pacswim.org/userfiles/meets/documents/2116/bac-results.htm (full official file provided by user as printed PDF, 2026-09-02; pdf sha256 aa85e72378b48f2ce008964425c6df9d4391690e5824e3e06930bbd5351cb6f2)",invitational,"place 1; hytek tags none; seed from official results; official file publishes final times only for this event, no splits: rows feed PB history and identity links, not shape analysis"
S477,2021_BAC_SPOOKY_FALL,TYR-BAC Spooky Fall Classic C/B/A+,2021-10-23,14.0,M,200 FR,SCY,timed_final,2:12.21,1:56.99,,,,,"Official Hy-Tek results, TYR-BAC Spooky Fall Classic C/B/A+ 10/23-24/2021, Boys 200 Yard Freestyle (13-14 and 15&Over), https://www.pacswim.org/userfiles/meets/documents/2116/bac-results.htm (full official file provided by user as printed PDF, 2026-09-02; pdf sha256 aa85e72378b48f2ce008964425c6df9d4391690e5824e3e06930bbd5351cb6f2)",invitational,"place 2; hytek tags none; seed from official results; official file publishes final times only for this event, no splits: rows feed PB history and identity links, not shape analysis"
S454,2021_BAC_SPOOKY_FALL,TYR-BAC Spooky Fall Classic C/B/A+,2021-10-23,14.0,M,200 FR,SCY,timed_final,2:15.87,1:57.92,,,,,"Official Hy-Tek results, TYR-BAC Spooky Fall Classic C/B/A+ 10/23-24/2021, Boys 200 Yard Freestyle (13-14 and 15&Over), https://www.pacswim.org/userfiles/meets/documents/2116/bac-results.htm (full official file provided by user as printed PDF, 2026-09-02; pdf sha256 aa85e72378b48f2ce008964425c6df9d4391690e5824e3e06930bbd5351cb6f2)",invitational,"place 3; hytek tags none; seed from official results; official file publishes final times only for this event, no splits: rows feed PB history and identity links, not shape analysis"
S478,2021_BAC_SPOOKY_FALL,TYR-BAC Spooky Fall Classic C/B/A+,2021-10-23,14.0,M,200 FR,SCY,timed_final,2:01.85,1:58.15,,,,,"Official Hy-Tek results, TYR-BAC Spooky Fall Classic C/B/A+ 10/23-24/2021, Boys 200 Yard Freestyle (13-14 and 15&Over), https://www.pacswim.org/userfiles/meets/documents/2116/bac-results.htm (full official file provided by user as printed PDF, 2026-09-02; pdf sha256 aa85e72378b48f2ce008964425c6df9d4391690e5824e3e06930bbd5351cb6f2)",invitational,"place 4; hytek tags none; seed from official results; official file publishes final times only for this event, no splits: rows feed PB history and identity links, not shape analysis"
S479,2021_BAC_SPOOKY_FALL,TYR-BAC Spooky Fall Classic C/B/A+,2021-10-23,14.0,M,200 FR,SCY,timed_final,2:06.85,1:58.94,,,,,"Official Hy-Tek results, TYR-BAC Spooky Fall Classic C/B/A+ 10/23-24/2021, Boys 200 Yard Freestyle (13-14 and 15&Over), https://www.pacswim.org/userfiles/meets/documents/2116/bac-results.htm (full official file provided by user as printed PDF, 2026-09-02; pdf sha256 aa85e72378b48f2ce008964425c6df9d4391690e5824e3e06930bbd5351cb6f2)",invitational,"place 5; hytek tags none; seed from official results; official file publishes final times only for this event, no splits: rows feed PB history and identity links, not shape analysis"
S480,2021_BAC_SPOOKY_FALL,TYR-BAC Spooky Fall Classic C/B/A+,2021-10-23,14.0,M,200 FR,SCY,timed_final,2:07.46,1:59.50,,,,,"Official Hy-Tek results, TYR-BAC Spooky Fall Classic C/B/A+ 10/23-24/2021, Boys 200 Yard Freestyle (13-14 and 15&Over), https://www.pacswim.org/userfiles/meets/documents/2116/bac-results.htm (full official file provided by user as printed PDF, 2026-09-02; pdf sha256 aa85e72378b48f2ce008964425c6df9d4391690e5824e3e06930bbd5351cb6f2)",invitational,"place 6; hytek tags none; seed from official results; official file publishes final times only for this event, no splits: rows feed PB history and identity links, not shape analysis"
S481,2021_BAC_SPOOKY_FALL,TYR-BAC Spooky Fall Classic C/B/A+,2021-10-23,14.0,M,200 FR,SCY,timed_final,2:01.92,2:03.89,,,,,"Official Hy-Tek results, TYR-BAC Spooky Fall Classic C/B/A+ 10/23-24/2021, Boys 200 Yard Freestyle (13-14 and 15&Over), https://www.pacswim.org/userfiles/meets/documents/2116/bac-results.htm (full official file provided by user as printed PDF, 2026-09-02; pdf sha256 aa85e72378b48f2ce008964425c6df9d4391690e5824e3e06930bbd5351cb6f2)",invitational,"place 7; hytek tags none; seed from official results; official file publishes final times only for this event, no splits: rows feed PB history and identity links, not shape analysis"
S482,2021_BAC_SPOOKY_FALL,TYR-BAC Spooky Fall Classic C/B/A+,2021-10-23,13.0,M,200 FR,SCY,timed_final,2:01.55,2:06.08,,,,,"Official Hy-Tek results, TYR-BAC Spooky Fall Classic C/B/A+ 10/23-24/2021, Boys 200 Yard Freestyle (13-14 and 15&Over), https://www.pacswim.org/userfiles/meets/documents/2116/bac-results.htm (full official file provided by user as printed PDF, 2026-09-02; pdf sha256 aa85e72378b48f2ce008964425c6df9d4391690e5824e3e06930bbd5351cb6f2)",invitational,"place 8; hytek tags none; seed from official results; official file publishes final times only for this event, no splits: rows feed PB history and identity links, not shape analysis"
S194,2021_BAC_SPOOKY_FALL,TYR-BAC Spooky Fall Classic C/B/A+,2021-10-23,13.0,M,200 FR,SCY,timed_final,2:15.50,2:08.60,,,,,"Official Hy-Tek results, TYR-BAC Spooky Fall Classic C/B/A+ 10/23-24/2021, Boys 200 Yard Freestyle (13-14 and 15&Over), https://www.pacswim.org/userfiles/meets/documents/2116/bac-results.htm (full official file provided by user as printed PDF, 2026-09-02; pdf sha256 aa85e72378b48f2ce008964425c6df9d4391690e5824e3e06930bbd5351cb6f2)",invitational,"place 9; hytek tags none; seed from official results; official file publishes final times only for this event, no splits: rows feed PB history and identity links, not shape analysis"
S483,2021_BAC_SPOOKY_FALL,TYR-BAC Spooky Fall Classic C/B/A+,2021-10-23,13.0,M,200 FR,SCY,timed_final,2:04.02,2:11.05,,,,,"Official Hy-Tek results, TYR-BAC Spooky Fall Classic C/B/A+ 10/23-24/2021, Boys 200 Yard Freestyle (13-14 and 15&Over), https://www.pacswim.org/userfiles/meets/documents/2116/bac-results.htm (full official file provided by user as printed PDF, 2026-09-02; pdf sha256 aa85e72378b48f2ce008964425c6df9d4391690e5824e3e06930bbd5351cb6f2)",invitational,"place 10; hytek tags none; seed from official results; official file publishes final times only for this event, no splits: rows feed PB history and identity links, not shape analysis"
S484,2021_BAC_SPOOKY_FALL,TYR-BAC Spooky Fall Classic C/B/A+,2021-10-23,14.0,M,200 FR,SCY,timed_final,2:12.04,2:11.45,,,,,"Official Hy-Tek results, TYR-BAC Spooky Fall Classic C/B/A+ 10/23-24/2021, Boys 200 Yard Freestyle (13-14 and 15&Over), https://www.pacswim.org/userfiles/meets/documents/2116/bac-results.htm (full official file provided by user as printed PDF, 2026-09-02; pdf sha256 aa85e72378b48f2ce008964425c6df9d4391690e5824e3e06930bbd5351cb6f2)",invitational,"place 11; hytek tags none; seed from official results; official file publishes final times only for this event, no splits: rows feed PB history and identity links, not shape analysis"
S175,2021_BAC_SPOOKY_FALL,TYR-BAC Spooky Fall Classic C/B/A+,2021-10-23,13.0,M,200 FR,SCY,timed_final,2:12.76,2:12.92,,,,,"Official Hy-Tek results, TYR-BAC Spooky Fall Classic C/B/A+ 10/23-24/2021, Boys 200 Yard Freestyle (13-14 and 15&Over), https://www.pacswim.org/userfiles/meets/documents/2116/bac-results.htm (full official file provided by user as printed PDF, 2026-09-02; pdf sha256 aa85e72378b48f2ce008964425c6df9d4391690e5824e3e06930bbd5351cb6f2)",invitational,"place 12; hytek tags none; seed from official results; official file publishes final times only for this event, no splits: rows feed PB history and identity links, not shape analysis"
S485,2021_BAC_SPOOKY_FALL,TYR-BAC Spooky Fall Classic C/B/A+,2021-10-23,13.0,M,200 FR,SCY,timed_final,2:18.04,2:12.99,,,,,"Official Hy-Tek results, TYR-BAC Spooky Fall Classic C/B/A+ 10/23-24/2021, Boys 200 Yard Freestyle (13-14 and 15&Over), https://www.pacswim.org/userfiles/meets/documents/2116/bac-results.htm (full official file provided by user as printed PDF, 2026-09-02; pdf sha256 aa85e72378b48f2ce008964425c6df9d4391690e5824e3e06930bbd5351cb6f2)",invitational,"place 13; hytek tags none; seed from official results; official file publishes final times only for this event, no splits: rows feed PB history and identity links, not shape analysis"
S486,2021_BAC_SPOOKY_FALL,TYR-BAC Spooky Fall Classic C/B/A+,2021-10-23,14.0,M,200 FR,SCY,timed_final,2:17.83,2:13.61,,,,,"Official Hy-Tek results, TYR-BAC Spooky Fall Classic C/B/A+ 10/23-24/2021, Boys 200 Yard Freestyle (13-14 and 15&Over), https://www.pacswim.org/userfiles/meets/documents/2116/bac-results.htm (full official file provided by user as printed PDF, 2026-09-02; pdf sha256 aa85e72378b48f2ce008964425c6df9d4391690e5824e3e06930bbd5351cb6f2)",invitational,"place 14; hytek tags none; seed from official results; official file publishes final times only for this event, no splits: rows feed PB history and identity links, not shape analysis"
S487,2021_BAC_SPOOKY_FALL,TYR-BAC Spooky Fall Classic C/B/A+,2021-10-23,14.0,M,200 FR,SCY,timed_final,2:12.02,2:16.17,,,,,"Official Hy-Tek results, TYR-BAC Spooky Fall Classic C/B/A+ 10/23-24/2021, Boys 200 Yard Freestyle (13-14 and 15&Over), https://www.pacswim.org/userfiles/meets/documents/2116/bac-results.htm (full official file provided by user as printed PDF, 2026-09-02; pdf sha256 aa85e72378b48f2ce008964425c6df9d4391690e5824e3e06930bbd5351cb6f2)",invitational,"place 15; hytek tags none; seed from official results; official file publishes final times only for this event, no splits: rows feed PB history and identity links, not shape analysis"
S488,2021_BAC_SPOOKY_FALL,TYR-BAC Spooky Fall Classic C/B/A+,2021-10-23,13.0,M,200 FR,SCY,timed_final,2:26.75,2:21.60,,,,,"Official Hy-Tek results, TYR-BAC Spooky Fall Classic C/B/A+ 10/23-24/2021, Boys 200 Yard Freestyle (13-14 and 15&Over), https://www.pacswim.org/userfiles/meets/documents/2116/bac-results.htm (full official file provided by user as printed PDF, 2026-09-02; pdf sha256 aa85e72378b48f2ce008964425c6df9d4391690e5824e3e06930bbd5351cb6f2)",invitational,"place 16; hytek tags none; seed from official results; official file publishes final times only for this event, no splits: rows feed PB history and identity links, not shape analysis"
S489,2021_BAC_SPOOKY_FALL,TYR-BAC Spooky Fall Classic C/B/A+,2021-10-23,13.0,M,200 FR,SCY,timed_final,2:38.42,2:22.81,,,,,"Official Hy-Tek results, TYR-BAC Spooky Fall Classic C/B/A+ 10/23-24/2021, Boys 200 Yard Freestyle (13-14 and 15&Over), https://www.pacswim.org/userfiles/meets/documents/2116/bac-results.htm (full official file provided by user as printed PDF, 2026-09-02; pdf sha256 aa85e72378b48f2ce008964425c6df9d4391690e5824e3e06930bbd5351cb6f2)",invitational,"place 17; hytek tags none; seed from official results; official file publishes final times only for this event, no splits: rows feed PB history and identity links, not shape analysis"
S490,2021_BAC_SPOOKY_FALL,TYR-BAC Spooky Fall Classic C/B/A+,2021-10-23,13.0,M,200 FR,SCY,timed_final,2:25.70,2:26.70,,,,,"Official Hy-Tek results, TYR-BAC Spooky Fall Classic C/B/A+ 10/23-24/2021, Boys 200 Yard Freestyle (13-14 and 15&Over), https://www.pacswim.org/userfiles/meets/documents/2116/bac-results.htm (full official file provided by user as printed PDF, 2026-09-02; pdf sha256 aa85e72378b48f2ce008964425c6df9d4391690e5824e3e06930bbd5351cb6f2)",invitational,"place 18; hytek tags none; seed from official results; official file publishes final times only for this event, no splits: rows feed PB history and identity links, not shape analysis"
S491,2021_BAC_SPOOKY_FALL,TYR-BAC Spooky Fall Classic C/B/A+,2021-10-23,13.0,M,200 FR,SCY,timed_final,2:44.84,2:26.97,,,,,"Official Hy-Tek results, TYR-BAC Spooky Fall Classic C/B/A+ 10/23-24/2021, Boys 200 Yard Freestyle (13-14 and 15&Over), https://www.pacswim.org/userfiles/meets/documents/2116/bac-results.htm (full official file provided by user as printed PDF, 2026-09-02; pdf sha256 aa85e72378b48f2ce008964425c6df9d4391690e5824e3e06930bbd5351cb6f2)",invitational,"place 19; hytek tags none; seed from official results; official file publishes final times only for this event, no splits: rows feed PB history and identity links, not shape analysis"
S492,2021_BAC_SPOOKY_FALL,TYR-BAC Spooky Fall Classic C/B/A+,2021-10-23,13.0,M,200 FR,SCY,timed_final,2:44.63,2:35.82,,,,,"Official Hy-Tek results, TYR-BAC Spooky Fall Classic C/B/A+ 10/23-24/2021, Boys 200 Yard Freestyle (13-14 and 15&Over), https://www.pacswim.org/userfiles/meets/documents/2116/bac-results.htm (full official file provided by user as printed PDF, 2026-09-02; pdf sha256 aa85e72378b48f2ce008964425c6df9d4391690e5824e3e06930bbd5351cb6f2)",invitational,"place 20; hytek tags none; seed from official results; official file publishes final times only for this event, no splits: rows feed PB history and identity links, not shape analysis"
S493,2021_BAC_SPOOKY_FALL,TYR-BAC Spooky Fall Classic C/B/A+,2021-10-23,13.0,M,200 FR,SCY,timed_final,2:38.28,2:36.04,,,,,"Official Hy-Tek results, TYR-BAC Spooky Fall Classic C/B/A+ 10/23-24/2021, Boys 200 Yard Freestyle (13-14 and 15&Over), https://www.pacswim.org/userfiles/meets/documents/2116/bac-results.htm (full official file provided by user as printed PDF, 2026-09-02; pdf sha256 aa85e72378b48f2ce008964425c6df9d4391690e5824e3e06930bbd5351cb6f2)",invitational,"place 21; hytek tags none; seed from official results; official file publishes final times only for this event, no splits: rows feed PB history and identity links, not shape analysis"
S494,2021_BAC_SPOOKY_FALL,TYR-BAC Spooky Fall Classic C/B/A+,2021-10-23,13.0,M,200 FR,SCY,timed_final,,2:47.84,,,,,"Official Hy-Tek results, TYR-BAC Spooky Fall Classic C/B/A+ 10/23-24/2021, Boys 200 Yard Freestyle (13-14 and 15&Over), https://www.pacswim.org/userfiles/meets/documents/2116/bac-results.htm (full official file provided by user as printed PDF, 2026-09-02; pdf sha256 aa85e72378b48f2ce008964425c6df9d4391690e5824e3e06930bbd5351cb6f2)",invitational,"place 22; hytek tags none; seed from official results; official file publishes final times only for this event, no splits: rows feed PB history and identity links, not shape analysis"
S495,2021_BAC_SPOOKY_FALL,TYR-BAC Spooky Fall Classic C/B/A+,2021-10-23,13.0,M,200 FR,SCY,timed_final,3:28.26,2:52.63,,,,,"Official Hy-Tek results, TYR-BAC Spooky Fall Classic C/B/A+ 10/23-24/2021, Boys 200 Yard Freestyle (13-14 and 15&Over), https://www.pacswim.org/userfiles/meets/documents/2116/bac-results.htm (full official file provided by user as printed PDF, 2026-09-02; pdf sha256 aa85e72378b48f2ce008964425c6df9d4391690e5824e3e06930bbd5351cb6f2)",invitational,"place 23; hytek tags none; seed from official results; official file publishes final times only for this event, no splits: rows feed PB history and identity links, not shape analysis"
S496,2021_BAC_SPOOKY_FALL,TYR-BAC Spooky Fall Classic C/B/A+,2021-10-23,14.0,M,200 FR,SCY,timed_final,,2:52.76,,,,,"Official Hy-Tek results, TYR-BAC Spooky Fall Classic C/B/A+ 10/23-24/2021, Boys 200 Yard Freestyle (13-14 and 15&Over), https://www.pacswim.org/userfiles/meets/documents/2116/bac-results.htm (full official file provided by user as printed PDF, 2026-09-02; pdf sha256 aa85e72378b48f2ce008964425c6df9d4391690e5824e3e06930bbd5351cb6f2)",invitational,"place 24; hytek tags none; seed from official results; official file publishes final times only for this event, no splits: rows feed PB history and identity links, not shape analysis"
S497,2021_BAC_SPOOKY_FALL,TYR-BAC Spooky Fall Classic C/B/A+,2021-10-23,16.0,M,200 FR,SCY,timed_final,1:46.59,1:42.37,,,,,"Official Hy-Tek results, TYR-BAC Spooky Fall Classic C/B/A+ 10/23-24/2021, Boys 200 Yard Freestyle (13-14 and 15&Over), https://www.pacswim.org/userfiles/meets/documents/2116/bac-results.htm (full official file provided by user as printed PDF, 2026-09-02; pdf sha256 aa85e72378b48f2ce008964425c6df9d4391690e5824e3e06930bbd5351cb6f2)",invitational,"place 1; hytek tags none; seed from official results; official file publishes final times only for this event, no splits: rows feed PB history and identity links, not shape analysis"
S498,2021_BAC_SPOOKY_FALL,TYR-BAC Spooky Fall Classic C/B/A+,2021-10-23,16.0,M,200 FR,SCY,timed_final,1:45.33,1:43.31,,,,,"Official Hy-Tek results, TYR-BAC Spooky Fall Classic C/B/A+ 10/23-24/2021, Boys 200 Yard Freestyle (13-14 and 15&Over), https://www.pacswim.org/userfiles/meets/documents/2116/bac-results.htm (full official file provided by user as printed PDF, 2026-09-02; pdf sha256 aa85e72378b48f2ce008964425c6df9d4391690e5824e3e06930bbd5351cb6f2)",invitational,"place 2; hytek tags none; seed from official results; official file publishes final times only for this event, no splits: rows feed PB history and identity links, not shape analysis"
S499,2021_BAC_SPOOKY_FALL,TYR-BAC Spooky Fall Classic C/B/A+,2021-10-23,16.0,M,200 FR,SCY,timed_final,1:48.20,1:47.13,,,,,"Official Hy-Tek results, TYR-BAC Spooky Fall Classic C/B/A+ 10/23-24/2021, Boys 200 Yard Freestyle (13-14 and 15&Over), https://www.pacswim.org/userfiles/meets/documents/2116/bac-results.htm (full official file provided by user as printed PDF, 2026-09-02; pdf sha256 aa85e72378b48f2ce008964425c6df9d4391690e5824e3e06930bbd5351cb6f2)",invitational,"place 3; hytek tags none; seed from official results; official file publishes final times only for this event, no splits: rows feed PB history and identity links, not shape analysis"
S500,2021_BAC_SPOOKY_FALL,TYR-BAC Spooky Fall Classic C/B/A+,2021-10-23,17.0,M,200 FR,SCY,timed_final,1:47.33,1:47.15,,,,,"Official Hy-Tek results, TYR-BAC Spooky Fall Classic C/B/A+ 10/23-24/2021, Boys 200 Yard Freestyle (13-14 and 15&Over), https://www.pacswim.org/userfiles/meets/documents/2116/bac-results.htm (full official file provided by user as printed PDF, 2026-09-02; pdf sha256 aa85e72378b48f2ce008964425c6df9d4391690e5824e3e06930bbd5351cb6f2)",invitational,"place 4; hytek tags none; seed from official results; official file publishes final times only for this event, no splits: rows feed PB history and identity links, not shape analysis"
S501,2021_BAC_SPOOKY_FALL,TYR-BAC Spooky Fall Classic C/B/A+,2021-10-23,17.0,M,200 FR,SCY,timed_final,1:50.23,1:48.13,,,,,"Official Hy-Tek results, TYR-BAC Spooky Fall Classic C/B/A+ 10/23-24/2021, Boys 200 Yard Freestyle (13-14 and 15&Over), https://www.pacswim.org/userfiles/meets/documents/2116/bac-results.htm (full official file provided by user as printed PDF, 2026-09-02; pdf sha256 aa85e72378b48f2ce008964425c6df9d4391690e5824e3e06930bbd5351cb6f2)",invitational,"place 5; hytek tags none; seed from official results; official file publishes final times only for this event, no splits: rows feed PB history and identity links, not shape analysis"
S502,2021_BAC_SPOOKY_FALL,TYR-BAC Spooky Fall Classic C/B/A+,2021-10-23,17.0,M,200 FR,SCY,timed_final,1:52.65,1:49.85,,,,,"Official Hy-Tek results, TYR-BAC Spooky Fall Classic C/B/A+ 10/23-24/2021, Boys 200 Yard Freestyle (13-14 and 15&Over), https://www.pacswim.org/userfiles/meets/documents/2116/bac-results.htm (full official file provided by user as printed PDF, 2026-09-02; pdf sha256 aa85e72378b48f2ce008964425c6df9d4391690e5824e3e06930bbd5351cb6f2)",invitational,"place 6; hytek tags none; seed from official results; official file publishes final times only for this event, no splits: rows feed PB history and identity links, not shape analysis"
S503,2021_BAC_SPOOKY_FALL,TYR-BAC Spooky Fall Classic C/B/A+,2021-10-23,18.0,M,200 FR,SCY,timed_final,1:50.00,1:50.10,,,,,"Official Hy-Tek results, TYR-BAC Spooky Fall Classic C/B/A+ 10/23-24/2021, Boys 200 Yard Freestyle (13-14 and 15&Over), https://www.pacswim.org/userfiles/meets/documents/2116/bac-results.htm (full official file provided by user as printed PDF, 2026-09-02; pdf sha256 aa85e72378b48f2ce008964425c6df9d4391690e5824e3e06930bbd5351cb6f2)",invitational,"place 7; hytek tags none; seed from official results; official file publishes final times only for this event, no splits: rows feed PB history and identity links, not shape analysis"
S504,2021_BAC_SPOOKY_FALL,TYR-BAC Spooky Fall Classic C/B/A+,2021-10-23,15.0,M,200 FR,SCY,timed_final,1:56.52,1:50.94,,,,,"Official Hy-Tek results, TYR-BAC Spooky Fall Classic C/B/A+ 10/23-24/2021, Boys 200 Yard Freestyle (13-14 and 15&Over), https://www.pacswim.org/userfiles/meets/documents/2116/bac-results.htm (full official file provided by user as printed PDF, 2026-09-02; pdf sha256 aa85e72378b48f2ce008964425c6df9d4391690e5824e3e06930bbd5351cb6f2)",invitational,"place 8; hytek tags none; seed from official results; official file publishes final times only for this event, no splits: rows feed PB history and identity links, not shape analysis"
S505,2021_BAC_SPOOKY_FALL,TYR-BAC Spooky Fall Classic C/B/A+,2021-10-23,17.0,M,200 FR,SCY,timed_final,1:49.14,1:51.55,,,,,"Official Hy-Tek results, TYR-BAC Spooky Fall Classic C/B/A+ 10/23-24/2021, Boys 200 Yard Freestyle (13-14 and 15&Over), https://www.pacswim.org/userfiles/meets/documents/2116/bac-results.htm (full official file provided by user as printed PDF, 2026-09-02; pdf sha256 aa85e72378b48f2ce008964425c6df9d4391690e5824e3e06930bbd5351cb6f2)",invitational,"place 9; hytek tags none; seed from official results; official file publishes final times only for this event, no splits: rows feed PB history and identity links, not shape analysis"
S506,2021_BAC_SPOOKY_FALL,TYR-BAC Spooky Fall Classic C/B/A+,2021-10-23,17.0,M,200 FR,SCY,timed_final,1:54.60,1:52.60,,,,,"Official Hy-Tek results, TYR-BAC Spooky Fall Classic C/B/A+ 10/23-24/2021, Boys 200 Yard Freestyle (13-14 and 15&Over), https://www.pacswim.org/userfiles/meets/documents/2116/bac-results.htm (full official file provided by user as printed PDF, 2026-09-02; pdf sha256 aa85e72378b48f2ce008964425c6df9d4391690e5824e3e06930bbd5351cb6f2)",invitational,"place 10; hytek tags none; seed from official results; official file publishes final times only for this event, no splits: rows feed PB history and identity links, not shape analysis"
S507,2021_BAC_SPOOKY_FALL,TYR-BAC Spooky Fall Classic C/B/A+,2021-10-23,15.0,M,200 FR,SCY,timed_final,1:51.73,1:52.82,,,,,"Official Hy-Tek results, TYR-BAC Spooky Fall Classic C/B/A+ 10/23-24/2021, Boys 200 Yard Freestyle (13-14 and 15&Over), https://www.pacswim.org/userfiles/meets/documents/2116/bac-results.htm (full official file provided by user as printed PDF, 2026-09-02; pdf sha256 aa85e72378b48f2ce008964425c6df9d4391690e5824e3e06930bbd5351cb6f2)",invitational,"place 11; hytek tags none; seed from official results; official file publishes final times only for this event, no splits: rows feed PB history and identity links, not shape analysis"
S508,2021_BAC_SPOOKY_FALL,TYR-BAC Spooky Fall Classic C/B/A+,2021-10-23,16.0,M,200 FR,SCY,timed_final,1:52.03,1:54.13,,,,,"Official Hy-Tek results, TYR-BAC Spooky Fall Classic C/B/A+ 10/23-24/2021, Boys 200 Yard Freestyle (13-14 and 15&Over), https://www.pacswim.org/userfiles/meets/documents/2116/bac-results.htm (full official file provided by user as printed PDF, 2026-09-02; pdf sha256 aa85e72378b48f2ce008964425c6df9d4391690e5824e3e06930bbd5351cb6f2)",invitational,"place 12; hytek tags none; seed from official results; official file publishes final times only for this event, no splits: rows feed PB history and identity links, not shape analysis"
S509,2021_BAC_SPOOKY_FALL,TYR-BAC Spooky Fall Classic C/B/A+,2021-10-23,16.0,M,200 FR,SCY,timed_final,,1:54.41,,,,,"Official Hy-Tek results, TYR-BAC Spooky Fall Classic C/B/A+ 10/23-24/2021, Boys 200 Yard Freestyle (13-14 and 15&Over), https://www.pacswim.org/userfiles/meets/documents/2116/bac-results.htm (full official file provided by user as printed PDF, 2026-09-02; pdf sha256 aa85e72378b48f2ce008964425c6df9d4391690e5824e3e06930bbd5351cb6f2)",invitational,"place 13; hytek tags none; seed from official results; official file publishes final times only for this event, no splits: rows feed PB history and identity links, not shape analysis"
S510,2021_BAC_SPOOKY_FALL,TYR-BAC Spooky Fall Classic C/B/A+,2021-10-23,15.0,M,200 FR,SCY,timed_final,1:51.96,1:55.01,,,,,"Official Hy-Tek results, TYR-BAC Spooky Fall Classic C/B/A+ 10/23-24/2021, Boys 200 Yard Freestyle (13-14 and 15&Over), https://www.pacswim.org/userfiles/meets/documents/2116/bac-results.htm (full official file provided by user as printed PDF, 2026-09-02; pdf sha256 aa85e72378b48f2ce008964425c6df9d4391690e5824e3e06930bbd5351cb6f2)",invitational,"place 14; hytek tags none; seed from official results; official file publishes final times only for this event, no splits: rows feed PB history and identity links, not shape analysis"
S511,2021_BAC_SPOOKY_FALL,TYR-BAC Spooky Fall Classic C/B/A+,2021-10-23,15.0,M,200 FR,SCY,timed_final,1:49.66,1:55.18,,,,,"Official Hy-Tek results, TYR-BAC Spooky Fall Classic C/B/A+ 10/23-24/2021, Boys 200 Yard Freestyle (13-14 and 15&Over), https://www.pacswim.org/userfiles/meets/documents/2116/bac-results.htm (full official file provided by user as printed PDF, 2026-09-02; pdf sha256 aa85e72378b48f2ce008964425c6df9d4391690e5824e3e06930bbd5351cb6f2)",invitational,"place 15; hytek tags none; seed from official results; official file publishes final times only for this event, no splits: rows feed PB history and identity links, not shape analysis"
S512,2021_BAC_SPOOKY_FALL,TYR-BAC Spooky Fall Classic C/B/A+,2021-10-23,16.0,M,200 FR,SCY,timed_final,2:03.41,1:55.23,,,,,"Official Hy-Tek results, TYR-BAC Spooky Fall Classic C/B/A+ 10/23-24/2021, Boys 200 Yard Freestyle (13-14 and 15&Over), https://www.pacswim.org/userfiles/meets/documents/2116/bac-results.htm (full official file provided by user as printed PDF, 2026-09-02; pdf sha256 aa85e72378b48f2ce008964425c6df9d4391690e5824e3e06930bbd5351cb6f2)",invitational,"place 16; hytek tags none; seed from official results; official file publishes final times only for this event, no splits: rows feed PB history and identity links, not shape analysis"
S513,2021_BAC_SPOOKY_FALL,TYR-BAC Spooky Fall Classic C/B/A+,2021-10-23,16.0,M,200 FR,SCY,timed_final,2:05.61,1:55.95,,,,,"Official Hy-Tek results, TYR-BAC Spooky Fall Classic C/B/A+ 10/23-24/2021, Boys 200 Yard Freestyle (13-14 and 15&Over), https://www.pacswim.org/userfiles/meets/documents/2116/bac-results.htm (full official file provided by user as printed PDF, 2026-09-02; pdf sha256 aa85e72378b48f2ce008964425c6df9d4391690e5824e3e06930bbd5351cb6f2)",invitational,"place 17; hytek tags none; seed from official results; official file publishes final times only for this event, no splits: rows feed PB history and identity links, not shape analysis"
S514,2021_BAC_SPOOKY_FALL,TYR-BAC Spooky Fall Classic C/B/A+,2021-10-23,16.0,M,200 FR,SCY,timed_final,1:55.10,1:56.92,,,,,"Official Hy-Tek results, TYR-BAC Spooky Fall Classic C/B/A+ 10/23-24/2021, Boys 200 Yard Freestyle (13-14 and 15&Over), https://www.pacswim.org/userfiles/meets/documents/2116/bac-results.htm (full official file provided by user as printed PDF, 2026-09-02; pdf sha256 aa85e72378b48f2ce008964425c6df9d4391690e5824e3e06930bbd5351cb6f2)",invitational,"place 18; hytek tags none; seed from official results; official file publishes final times only for this event, no splits: rows feed PB history and identity links, not shape analysis"
S515,2021_BAC_SPOOKY_FALL,TYR-BAC Spooky Fall Classic C/B/A+,2021-10-23,16.0,M,200 FR,SCY,timed_final,1:59.41,1:57.61,,,,,"Official Hy-Tek results, TYR-BAC Spooky Fall Classic C/B/A+ 10/23-24/2021, Boys 200 Yard Freestyle (13-14 and 15&Over), https://www.pacswim.org/userfiles/meets/documents/2116/bac-results.htm (full official file provided by user as printed PDF, 2026-09-02; pdf sha256 aa85e72378b48f2ce008964425c6df9d4391690e5824e3e06930bbd5351cb6f2)",invitational,"place 19; hytek tags none; seed from official results; official file publishes final times only for this event, no splits: rows feed PB history and identity links, not shape analysis"
S516,2021_BAC_SPOOKY_FALL,TYR-BAC Spooky Fall Classic C/B/A+,2021-10-23,16.0,M,200 FR,SCY,timed_final,1:53.90,1:58.38,,,,,"Official Hy-Tek results, TYR-BAC Spooky Fall Classic C/B/A+ 10/23-24/2021, Boys 200 Yard Freestyle (13-14 and 15&Over), https://www.pacswim.org/userfiles/meets/documents/2116/bac-results.htm (full official file provided by user as printed PDF, 2026-09-02; pdf sha256 aa85e72378b48f2ce008964425c6df9d4391690e5824e3e06930bbd5351cb6f2)",invitational,"place 20; hytek tags none; seed from official results; official file publishes final times only for this event, no splits: rows feed PB history and identity links, not shape analysis"
S517,2021_BAC_SPOOKY_FALL,TYR-BAC Spooky Fall Classic C/B/A+,2021-10-23,15.0,M,200 FR,SCY,timed_final,2:01.23,1:58.72,,,,,"Official Hy-Tek results, TYR-BAC Spooky Fall Classic C/B/A+ 10/23-24/2021, Boys 200 Yard Freestyle (13-14 and 15&Over), https://www.pacswim.org/userfiles/meets/documents/2116/bac-results.htm (full official file provided by user as printed PDF, 2026-09-02; pdf sha256 aa85e72378b48f2ce008964425c6df9d4391690e5824e3e06930bbd5351cb6f2)",invitational,"place 21; hytek tags none; seed from official results; official file publishes final times only for this event, no splits: rows feed PB history and identity links, not shape analysis"
S518,2021_BAC_SPOOKY_FALL,TYR-BAC Spooky Fall Classic C/B/A+,2021-10-23,15.0,M,200 FR,SCY,timed_final,1:52.70,1:58.90,,,,,"Official Hy-Tek results, TYR-BAC Spooky Fall Classic C/B/A+ 10/23-24/2021, Boys 200 Yard Freestyle (13-14 and 15&Over), https://www.pacswim.org/userfiles/meets/documents/2116/bac-results.htm (full official file provided by user as printed PDF, 2026-09-02; pdf sha256 aa85e72378b48f2ce008964425c6df9d4391690e5824e3e06930bbd5351cb6f2)",invitational,"place 22; hytek tags none; seed from official results; official file publishes final times only for this event, no splits: rows feed PB history and identity links, not shape analysis"
S519,2021_BAC_SPOOKY_FALL,TYR-BAC Spooky Fall Classic C/B/A+,2021-10-23,15.0,M,200 FR,SCY,timed_final,2:00.01,1:58.97,,,,,"Official Hy-Tek results, TYR-BAC Spooky Fall Classic C/B/A+ 10/23-24/2021, Boys 200 Yard Freestyle (13-14 and 15&Over), https://www.pacswim.org/userfiles/meets/documents/2116/bac-results.htm (full official file provided by user as printed PDF, 2026-09-02; pdf sha256 aa85e72378b48f2ce008964425c6df9d4391690e5824e3e06930bbd5351cb6f2)",invitational,"place 23; hytek tags none; seed from official results; official file publishes final times only for this event, no splits: rows feed PB history and identity links, not shape analysis"
S520,2021_BAC_SPOOKY_FALL,TYR-BAC Spooky Fall Classic C/B/A+,2021-10-23,16.0,M,200 FR,SCY,timed_final,1:54.07,1:59.23,,,,,"Official Hy-Tek results, TYR-BAC Spooky Fall Classic C/B/A+ 10/23-24/2021, Boys 200 Yard Freestyle (13-14 and 15&Over), https://www.pacswim.org/userfiles/meets/documents/2116/bac-results.htm (full official file provided by user as printed PDF, 2026-09-02; pdf sha256 aa85e72378b48f2ce008964425c6df9d4391690e5824e3e06930bbd5351cb6f2)",invitational,"place 24; hytek tags none; seed from official results; official file publishes final times only for this event, no splits: rows feed PB history and identity links, not shape analysis"
S521,2021_BAC_SPOOKY_FALL,TYR-BAC Spooky Fall Classic C/B/A+,2021-10-23,15.0,M,200 FR,SCY,timed_final,1:58.88,1:59.26,,,,,"Official Hy-Tek results, TYR-BAC Spooky Fall Classic C/B/A+ 10/23-24/2021, Boys 200 Yard Freestyle (13-14 and 15&Over), https://www.pacswim.org/userfiles/meets/documents/2116/bac-results.htm (full official file provided by user as printed PDF, 2026-09-02; pdf sha256 aa85e72378b48f2ce008964425c6df9d4391690e5824e3e06930bbd5351cb6f2)",invitational,"place 25; hytek tags none; seed from official results; official file publishes final times only for this event, no splits: rows feed PB history and identity links, not shape analysis"
S522,2021_BAC_SPOOKY_FALL,TYR-BAC Spooky Fall Classic C/B/A+,2021-10-23,16.0,M,200 FR,SCY,timed_final,2:06.25,1:59.74,,,,,"Official Hy-Tek results, TYR-BAC Spooky Fall Classic C/B/A+ 10/23-24/2021, Boys 200 Yard Freestyle (13-14 and 15&Over), https://www.pacswim.org/userfiles/meets/documents/2116/bac-results.htm (full official file provided by user as printed PDF, 2026-09-02; pdf sha256 aa85e72378b48f2ce008964425c6df9d4391690e5824e3e06930bbd5351cb6f2)",invitational,"place 26; hytek tags none; seed from official results; official file publishes final times only for this event, no splits: rows feed PB history and identity links, not shape analysis"
S523,2021_BAC_SPOOKY_FALL,TYR-BAC Spooky Fall Classic C/B/A+,2021-10-23,16.0,M,200 FR,SCY,timed_final,2:07.02,1:59.92,,,,,"Official Hy-Tek results, TYR-BAC Spooky Fall Classic C/B/A+ 10/23-24/2021, Boys 200 Yard Freestyle (13-14 and 15&Over), https://www.pacswim.org/userfiles/meets/documents/2116/bac-results.htm (full official file provided by user as printed PDF, 2026-09-02; pdf sha256 aa85e72378b48f2ce008964425c6df9d4391690e5824e3e06930bbd5351cb6f2)",invitational,"place 27; hytek tags none; seed from official results; official file publishes final times only for this event, no splits: rows feed PB history and identity links, not shape analysis"
S524,2021_BAC_SPOOKY_FALL,TYR-BAC Spooky Fall Classic C/B/A+,2021-10-23,15.0,M,200 FR,SCY,timed_final,2:00.22,1:59.95,,,,,"Official Hy-Tek results, TYR-BAC Spooky Fall Classic C/B/A+ 10/23-24/2021, Boys 200 Yard Freestyle (13-14 and 15&Over), https://www.pacswim.org/userfiles/meets/documents/2116/bac-results.htm (full official file provided by user as printed PDF, 2026-09-02; pdf sha256 aa85e72378b48f2ce008964425c6df9d4391690e5824e3e06930bbd5351cb6f2)",invitational,"place 28; hytek tags none; seed from official results; official file publishes final times only for this event, no splits: rows feed PB history and identity links, not shape analysis"
S525,2021_BAC_SPOOKY_FALL,TYR-BAC Spooky Fall Classic C/B/A+,2021-10-23,16.0,M,200 FR,SCY,timed_final,1:55.13,2:00.45,,,,,"Official Hy-Tek results, TYR-BAC Spooky Fall Classic C/B/A+ 10/23-24/2021, Boys 200 Yard Freestyle (13-14 and 15&Over), https://www.pacswim.org/userfiles/meets/documents/2116/bac-results.htm (full official file provided by user as printed PDF, 2026-09-02; pdf sha256 aa85e72378b48f2ce008964425c6df9d4391690e5824e3e06930bbd5351cb6f2)",invitational,"place 29; hytek tags none; seed from official results; official file publishes final times only for this event, no splits: rows feed PB history and identity links, not shape analysis"
S526,2021_BAC_SPOOKY_FALL,TYR-BAC Spooky Fall Classic C/B/A+,2021-10-23,16.0,M,200 FR,SCY,timed_final,1:57.00,2:00.93,,,,,"Official Hy-Tek results, TYR-BAC Spooky Fall Classic C/B/A+ 10/23-24/2021, Boys 200 Yard Freestyle (13-14 and 15&Over), https://www.pacswim.org/userfiles/meets/documents/2116/bac-results.htm (full official file provided by user as printed PDF, 2026-09-02; pdf sha256 aa85e72378b48f2ce008964425c6df9d4391690e5824e3e06930bbd5351cb6f2)",invitational,"place 30; hytek tags none; seed from official results; official file publishes final times only for this event, no splits: rows feed PB history and identity links, not shape analysis"
S527,2021_BAC_SPOOKY_FALL,TYR-BAC Spooky Fall Classic C/B/A+,2021-10-23,17.0,M,200 FR,SCY,timed_final,2:02.95,2:00.97,,,,,"Official Hy-Tek results, TYR-BAC Spooky Fall Classic C/B/A+ 10/23-24/2021, Boys 200 Yard Freestyle (13-14 and 15&Over), https://www.pacswim.org/userfiles/meets/documents/2116/bac-results.htm (full official file provided by user as printed PDF, 2026-09-02; pdf sha256 aa85e72378b48f2ce008964425c6df9d4391690e5824e3e06930bbd5351cb6f2)",invitational,"place 31; hytek tags none; seed from official results; official file publishes final times only for this event, no splits: rows feed PB history and identity links, not shape analysis"
S528,2021_BAC_SPOOKY_FALL,TYR-BAC Spooky Fall Classic C/B/A+,2021-10-23,17.0,M,200 FR,SCY,timed_final,2:08.01,2:01.33,,,,,"Official Hy-Tek results, TYR-BAC Spooky Fall Classic C/B/A+ 10/23-24/2021, Boys 200 Yard Freestyle (13-14 and 15&Over), https://www.pacswim.org/userfiles/meets/documents/2116/bac-results.htm (full official file provided by user as printed PDF, 2026-09-02; pdf sha256 aa85e72378b48f2ce008964425c6df9d4391690e5824e3e06930bbd5351cb6f2)",invitational,"place 32; hytek tags none; seed from official results; official file publishes final times only for this event, no splits: rows feed PB history and identity links, not shape analysis"
S529,2021_BAC_SPOOKY_FALL,TYR-BAC Spooky Fall Classic C/B/A+,2021-10-23,17.0,M,200 FR,SCY,timed_final,1:57.06,2:01.41,,,,,"Official Hy-Tek results, TYR-BAC Spooky Fall Classic C/B/A+ 10/23-24/2021, Boys 200 Yard Freestyle (13-14 and 15&Over), https://www.pacswim.org/userfiles/meets/documents/2116/bac-results.htm (full official file provided by user as printed PDF, 2026-09-02; pdf sha256 aa85e72378b48f2ce008964425c6df9d4391690e5824e3e06930bbd5351cb6f2)",invitational,"place 33; hytek tags none; seed from official results; official file publishes final times only for this event, no splits: rows feed PB history and identity links, not shape analysis"
S530,2021_BAC_SPOOKY_FALL,TYR-BAC Spooky Fall Classic C/B/A+,2021-10-23,15.0,M,200 FR,SCY,timed_final,2:03.58,2:02.63,,,,,"Official Hy-Tek results, TYR-BAC Spooky Fall Classic C/B/A+ 10/23-24/2021, Boys 200 Yard Freestyle (13-14 and 15&Over), https://www.pacswim.org/userfiles/meets/documents/2116/bac-results.htm (full official file provided by user as printed PDF, 2026-09-02; pdf sha256 aa85e72378b48f2ce008964425c6df9d4391690e5824e3e06930bbd5351cb6f2)",invitational,"place 34; hytek tags none; seed from official results; official file publishes final times only for this event, no splits: rows feed PB history and identity links, not shape analysis"
S531,2021_BAC_SPOOKY_FALL,TYR-BAC Spooky Fall Classic C/B/A+,2021-10-23,15.0,M,200 FR,SCY,timed_final,2:00.61,2:03.89,,,,,"Official Hy-Tek results, TYR-BAC Spooky Fall Classic C/B/A+ 10/23-24/2021, Boys 200 Yard Freestyle (13-14 and 15&Over), https://www.pacswim.org/userfiles/meets/documents/2116/bac-results.htm (full official file provided by user as printed PDF, 2026-09-02; pdf sha256 aa85e72378b48f2ce008964425c6df9d4391690e5824e3e06930bbd5351cb6f2)",invitational,"place 35; hytek tags none; seed from official results; official file publishes final times only for this event, no splits: rows feed PB history and identity links, not shape analysis"
S532,2021_BAC_SPOOKY_FALL,TYR-BAC Spooky Fall Classic C/B/A+,2021-10-23,15.0,M,200 FR,SCY,timed_final,2:06.98,2:06.48,,,,,"Official Hy-Tek results, TYR-BAC Spooky Fall Classic C/B/A+ 10/23-24/2021, Boys 200 Yard Freestyle (13-14 and 15&Over), https://www.pacswim.org/userfiles/meets/documents/2116/bac-results.htm (full official file provided by user as printed PDF, 2026-09-02; pdf sha256 aa85e72378b48f2ce008964425c6df9d4391690e5824e3e06930bbd5351cb6f2)",invitational,"place 36; hytek tags none; seed from official results; official file publishes final times only for this event, no splits: rows feed PB history and identity links, not shape analysis"
S533,2021_BAC_SPOOKY_FALL,TYR-BAC Spooky Fall Classic C/B/A+,2021-10-23,16.0,M,200 FR,SCY,timed_final,2:10.85,2:07.67,,,,,"Official Hy-Tek results, TYR-BAC Spooky Fall Classic C/B/A+ 10/23-24/2021, Boys 200 Yard Freestyle (13-14 and 15&Over), https://www.pacswim.org/userfiles/meets/documents/2116/bac-results.htm (full official file provided by user as printed PDF, 2026-09-02; pdf sha256 aa85e72378b48f2ce008964425c6df9d4391690e5824e3e06930bbd5351cb6f2)",invitational,"place 37; hytek tags none; seed from official results; official file publishes final times only for this event, no splits: rows feed PB history and identity links, not shape analysis"
S534,2021_BAC_SPOOKY_FALL,TYR-BAC Spooky Fall Classic C/B/A+,2021-10-23,16.0,M,200 FR,SCY,timed_final,2:10.61,2:08.30,,,,,"Official Hy-Tek results, TYR-BAC Spooky Fall Classic C/B/A+ 10/23-24/2021, Boys 200 Yard Freestyle (13-14 and 15&Over), https://www.pacswim.org/userfiles/meets/documents/2116/bac-results.htm (full official file provided by user as printed PDF, 2026-09-02; pdf sha256 aa85e72378b48f2ce008964425c6df9d4391690e5824e3e06930bbd5351cb6f2)",invitational,"place 38; hytek tags none; seed from official results; official file publishes final times only for this event, no splits: rows feed PB history and identity links, not shape analysis"
S535,2021_BAC_SPOOKY_FALL,TYR-BAC Spooky Fall Classic C/B/A+,2021-10-23,17.0,M,200 FR,SCY,timed_final,,2:09.98,,,,,"Official Hy-Tek results, TYR-BAC Spooky Fall Classic C/B/A+ 10/23-24/2021, Boys 200 Yard Freestyle (13-14 and 15&Over), https://www.pacswim.org/userfiles/meets/documents/2116/bac-results.htm (full official file provided by user as printed PDF, 2026-09-02; pdf sha256 aa85e72378b48f2ce008964425c6df9d4391690e5824e3e06930bbd5351cb6f2)",invitational,"place 39; hytek tags none; seed from official results; official file publishes final times only for this event, no splits: rows feed PB history and identity links, not shape analysis"
S536,2021_BAC_SPOOKY_FALL,TYR-BAC Spooky Fall Classic C/B/A+,2021-10-23,16.0,M,200 FR,SCY,timed_final,2:13.41,2:14.49,,,,,"Official Hy-Tek results, TYR-BAC Spooky Fall Classic C/B/A+ 10/23-24/2021, Boys 200 Yard Freestyle (13-14 and 15&Over), https://www.pacswim.org/userfiles/meets/documents/2116/bac-results.htm (full official file provided by user as printed PDF, 2026-09-02; pdf sha256 aa85e72378b48f2ce008964425c6df9d4391690e5824e3e06930bbd5351cb6f2)",invitational,"place 40; hytek tags none; seed from official results; official file publishes final times only for this event, no splits: rows feed PB history and identity links, not shape analysis"
S537,2021_BAC_SPOOKY_FALL,TYR-BAC Spooky Fall Classic C/B/A+,2021-10-23,15.0,M,200 FR,SCY,timed_final,,2:35.66,,,,,"Official Hy-Tek results, TYR-BAC Spooky Fall Classic C/B/A+ 10/23-24/2021, Boys 200 Yard Freestyle (13-14 and 15&Over), https://www.pacswim.org/userfiles/meets/documents/2116/bac-results.htm (full official file provided by user as printed PDF, 2026-09-02; pdf sha256 aa85e72378b48f2ce008964425c6df9d4391690e5824e3e06930bbd5351cb6f2)",invitational,"place 41; hytek tags none; seed from official results; official file publishes final times only for this event, no splits: rows feed PB history and identity links, not shape analysis"
S538,2021_BAC_SPOOKY_FALL,TYR-BAC Spooky Fall Classic C/B/A+,2021-10-23,15.0,M,200 FR,SCY,timed_final,2:25.51,2:38.99,,,,,"Official Hy-Tek results, TYR-BAC Spooky Fall Classic C/B/A+ 10/23-24/2021, Boys 200 Yard Freestyle (13-14 and 15&Over), https://www.pacswim.org/userfiles/meets/documents/2116/bac-results.htm (full official file provided by user as printed PDF, 2026-09-02; pdf sha256 aa85e72378b48f2ce008964425c6df9d4391690e5824e3e06930bbd5351cb6f2)",invitational,"place 42; hytek tags none; seed from official results; official file publishes final times only for this event, no splits: rows feed PB history and identity links, not shape analysis"
S369,2025_ORINDA_SC_SENIOR_OPEN_OCT,Orinda Aquatics SCY Senior Open Meet (October),2025-10-18,17.0,M,200 FR,SCY,timed_final,,1:37.71,23.13,47.74,1:12.81,1:37.71,"Official Hy-Tek results, Orinda Aquatics SCY Senior Open 10/18-19/2025, Men 200 Yard Freestyle, https://www.pacswim.org/userfiles/meets/documents/2810/orinda-senior-open-sc.htm (retrieved via browser 2026-09-02, checksum-verified)",invitational,"place 1; hytek tags SCY; seed from official results; meet ran 2025-10-18 to 2025-10-19, event day not stated; senior open field includes ages outside 15-18 by design"
S002,2025_ORINDA_SC_SENIOR_OPEN_OCT,Orinda Aquatics SCY Senior Open Meet (October),2025-10-18,16.0,M,200 FR,SCY,timed_final,,1:39.21,23.36,48.41,1:13.80,1:39.21,"Official Hy-Tek results, Orinda Aquatics SCY Senior Open 10/18-19/2025, Men 200 Yard Freestyle, https://www.pacswim.org/userfiles/meets/documents/2810/orinda-senior-open-sc.htm (retrieved via browser 2026-09-02, checksum-verified)",invitational,"place 2; hytek tags SCY; seed from official results; meet ran 2025-10-18 to 2025-10-19, event day not stated; senior open field includes ages outside 15-18 by design"
S003,2025_ORINDA_SC_SENIOR_OPEN_OCT,Orinda Aquatics SCY Senior Open Meet (October),2025-10-18,17.0,M,200 FR,SCY,timed_final,,1:39.35,23.17,48.35,1:13.86,1:39.35,"Official Hy-Tek results, Orinda Aquatics SCY Senior Open 10/18-19/2025, Men 200 Yard Freestyle, https://www.pacswim.org/userfiles/meets/documents/2810/orinda-senior-open-sc.htm (retrieved via browser 2026-09-02, checksum-verified)",invitational,"place 3; hytek tags SCY; seed from official results; meet ran 2025-10-18 to 2025-10-19, event day not stated; senior open field includes ages outside 15-18 by design"
S004,2025_ORINDA_SC_SENIOR_OPEN_OCT,Orinda Aquatics SCY Senior Open Meet (October),2025-10-18,17.0,M,200 FR,SCY,timed_final,,1:40.77,23.72,49.43,1:15.15,1:40.77,"Official Hy-Tek results, Orinda Aquatics SCY Senior Open 10/18-19/2025, Men 200 Yard Freestyle, https://www.pacswim.org/userfiles/meets/documents/2810/orinda-senior-open-sc.htm (retrieved via browser 2026-09-02, checksum-verified)",invitational,"place 4; hytek tags SCY; seed from official results; meet ran 2025-10-18 to 2025-10-19, event day not stated; senior open field includes ages outside 15-18 by design"
S005,2025_ORINDA_SC_SENIOR_OPEN_OCT,Orinda Aquatics SCY Senior Open Meet (October),2025-10-18,17.0,M,200 FR,SCY,timed_final,,1:40.89,23.45,48.71,1:14.64,1:40.89,"Official Hy-Tek results, Orinda Aquatics SCY Senior Open 10/18-19/2025, Men 200 Yard Freestyle, https://www.pacswim.org/userfiles/meets/documents/2810/orinda-senior-open-sc.htm (retrieved via browser 2026-09-02, checksum-verified)",invitational,"place 5; hytek tags SCY; seed from official results; meet ran 2025-10-18 to 2025-10-19, event day not stated; senior open field includes ages outside 15-18 by design"
S006,2025_ORINDA_SC_SENIOR_OPEN_OCT,Orinda Aquatics SCY Senior Open Meet (October),2025-10-18,17.0,M,200 FR,SCY,timed_final,,1:41.17,24.04,49.95,1:15.81,1:41.17,"Official Hy-Tek results, Orinda Aquatics SCY Senior Open 10/18-19/2025, Men 200 Yard Freestyle, https://www.pacswim.org/userfiles/meets/documents/2810/orinda-senior-open-sc.htm (retrieved via browser 2026-09-02, checksum-verified)",invitational,"place 6; hytek tags SCY; seed from official results; meet ran 2025-10-18 to 2025-10-19, event day not stated; senior open field includes ages outside 15-18 by design"
S007,2025_ORINDA_SC_SENIOR_OPEN_OCT,Orinda Aquatics SCY Senior Open Meet (October),2025-10-18,15.0,M,200 FR,SCY,timed_final,,1:41.49,23.53,48.85,1:15.28,1:41.49,"Official Hy-Tek results, Orinda Aquatics SCY Senior Open 10/18-19/2025, Men 200 Yard Freestyle, https://www.pacswim.org/userfiles/meets/documents/2810/orinda-senior-open-sc.htm (retrieved via browser 2026-09-02, checksum-verified)",invitational,"place 7; hytek tags SCY; seed from official results; meet ran 2025-10-18 to 2025-10-19, event day not stated; senior open field includes ages outside 15-18 by design"
S008,2025_ORINDA_SC_SENIOR_OPEN_OCT,Orinda Aquatics SCY Senior Open Meet (October),2025-10-18,17.0,M,200 FR,SCY,timed_final,,1:41.50,23.94,49.40,1:15.35,1:41.50,"Official Hy-Tek results, Orinda Aquatics SCY Senior Open 10/18-19/2025, Men 200 Yard Freestyle, https://www.pacswim.org/userfiles/meets/documents/2810/orinda-senior-open-sc.htm (retrieved via browser 2026-09-02, checksum-verified)",invitational,"place 8; hytek tags SCY; seed from official results; meet ran 2025-10-18 to 2025-10-19, event day not stated; senior open field includes ages outside 15-18 by design"
S009,2025_ORINDA_SC_SENIOR_OPEN_OCT,Orinda Aquatics SCY Senior Open Meet (October),2025-10-18,18.0,M,200 FR,SCY,timed_final,,1:41.80,23.61,49.51,1:15.40,1:41.80,"Official Hy-Tek results, Orinda Aquatics SCY Senior Open 10/18-19/2025, Men 200 Yard Freestyle, https://www.pacswim.org/userfiles/meets/documents/2810/orinda-senior-open-sc.htm (retrieved via browser 2026-09-02, checksum-verified)",invitational,"place 9; hytek tags SCY; seed from official results; meet ran 2025-10-18 to 2025-10-19, event day not stated; senior open field includes ages outside 15-18 by design"
S010,2025_ORINDA_SC_SENIOR_OPEN_OCT,Orinda Aquatics SCY Senior Open Meet (October),2025-10-18,16.0,M,200 FR,SCY,timed_final,,1:41.93,24.3,50.15,1:16.26,1:41.93,"Official Hy-Tek results, Orinda Aquatics SCY Senior Open 10/18-19/2025, Men 200 Yard Freestyle, https://www.pacswim.org/userfiles/meets/documents/2810/orinda-senior-open-sc.htm (retrieved via browser 2026-09-02, checksum-verified)",invitational,"place 10; hytek tags SCY; seed from official results; meet ran 2025-10-18 to 2025-10-19, event day not stated; senior open field includes ages outside 15-18 by design"
S462,2025_ORINDA_SC_SENIOR_OPEN_OCT,Orinda Aquatics SCY Senior Open Meet (October),2025-10-18,16.0,M,200 FR,SCY,timed_final,,1:42.49,24.23,50.23,1:16.34,1:42.49,"Official Hy-Tek results, Orinda Aquatics SCY Senior Open 10/18-19/2025, Men 200 Yard Freestyle, https://www.pacswim.org/userfiles/meets/documents/2810/orinda-senior-open-sc.htm (retrieved via browser 2026-09-02, checksum-verified)",invitational,"place 11; hytek tags SCY; seed from official results; meet ran 2025-10-18 to 2025-10-19, event day not stated; senior open field includes ages outside 15-18 by design"
S012,2025_ORINDA_SC_SENIOR_OPEN_OCT,Orinda Aquatics SCY Senior Open Meet (October),2025-10-18,16.0,M,200 FR,SCY,timed_final,,1:42.73,23.81,49.74,1:16.38,1:42.73,"Official Hy-Tek results, Orinda Aquatics SCY Senior Open 10/18-19/2025, Men 200 Yard Freestyle, https://www.pacswim.org/userfiles/meets/documents/2810/orinda-senior-open-sc.htm (retrieved via browser 2026-09-02, checksum-verified)",invitational,"place 12; hytek tags SCY; seed from official results; meet ran 2025-10-18 to 2025-10-19, event day not stated; senior open field includes ages outside 15-18 by design"
S013,2025_ORINDA_SC_SENIOR_OPEN_OCT,Orinda Aquatics SCY Senior Open Meet (October),2025-10-18,18.0,M,200 FR,SCY,timed_final,,1:42.94,24.12,50.54,1:17.07,1:42.94,"Official Hy-Tek results, Orinda Aquatics SCY Senior Open 10/18-19/2025, Men 200 Yard Freestyle, https://www.pacswim.org/userfiles/meets/documents/2810/orinda-senior-open-sc.htm (retrieved via browser 2026-09-02, checksum-verified)",invitational,"place 13; hytek tags SCY; seed from official results; meet ran 2025-10-18 to 2025-10-19, event day not stated; senior open field includes ages outside 15-18 by design"
S539,2025_ORINDA_SC_SENIOR_OPEN_OCT,Orinda Aquatics SCY Senior Open Meet (October),2025-10-18,17.0,M,200 FR,SCY,timed_final,,1:42.95,24.63,50.98,1:17.37,1:42.95,"Official Hy-Tek results, Orinda Aquatics SCY Senior Open 10/18-19/2025, Men 200 Yard Freestyle, https://www.pacswim.org/userfiles/meets/documents/2810/orinda-senior-open-sc.htm (retrieved via browser 2026-09-02, checksum-verified)",invitational,"place 14; hytek tags SCY; seed from official results; meet ran 2025-10-18 to 2025-10-19, event day not stated; senior open field includes ages outside 15-18 by design"
S015,2025_ORINDA_SC_SENIOR_OPEN_OCT,Orinda Aquatics SCY Senior Open Meet (October),2025-10-18,16.0,M,200 FR,SCY,timed_final,,1:43.00,23.77,49.70,1:16.01,1:43.00,"Official Hy-Tek results, Orinda Aquatics SCY Senior Open 10/18-19/2025, Men 200 Yard Freestyle, https://www.pacswim.org/userfiles/meets/documents/2810/orinda-senior-open-sc.htm (retrieved via browser 2026-09-02, checksum-verified)",invitational,"place 15; hytek tags SCY; seed from official results; meet ran 2025-10-18 to 2025-10-19, event day not stated; senior open field includes ages outside 15-18 by design"
S016,2025_ORINDA_SC_SENIOR_OPEN_OCT,Orinda Aquatics SCY Senior Open Meet (October),2025-10-18,15.0,M,200 FR,SCY,timed_final,,1:43.51,23.86,49.94,1:16.81,1:43.51,"Official Hy-Tek results, Orinda Aquatics SCY Senior Open 10/18-19/2025, Men 200 Yard Freestyle, https://www.pacswim.org/userfiles/meets/documents/2810/orinda-senior-open-sc.htm (retrieved via browser 2026-09-02, checksum-verified)",invitational,"place 16; hytek tags SCY; seed from official results; meet ran 2025-10-18 to 2025-10-19, event day not stated; senior open field includes ages outside 15-18 by design"
S017,2025_ORINDA_SC_SENIOR_OPEN_OCT,Orinda Aquatics SCY Senior Open Meet (October),2025-10-18,15.0,M,200 FR,SCY,timed_final,,1:43.65,24.32,50.74,1:17.28,1:43.65,"Official Hy-Tek results, Orinda Aquatics SCY Senior Open 10/18-19/2025, Men 200 Yard Freestyle, https://www.pacswim.org/userfiles/meets/documents/2810/orinda-senior-open-sc.htm (retrieved via browser 2026-09-02, checksum-verified)",invitational,"place 17; hytek tags SCY; seed from official results; meet ran 2025-10-18 to 2025-10-19, event day not stated; senior open field includes ages outside 15-18 by design"
S018,2025_ORINDA_SC_SENIOR_OPEN_OCT,Orinda Aquatics SCY Senior Open Meet (October),2025-10-18,16.0,M,200 FR,SCY,timed_final,,1:43.77,24.28,50.61,1:16.89,1:43.77,"Official Hy-Tek results, Orinda Aquatics SCY Senior Open 10/18-19/2025, Men 200 Yard Freestyle, https://www.pacswim.org/userfiles/meets/documents/2810/orinda-senior-open-sc.htm (retrieved via browser 2026-09-02, checksum-verified)",invitational,"place 18; hytek tags SCY; seed from official results; meet ran 2025-10-18 to 2025-10-19, event day not stated; senior open field includes ages outside 15-18 by design"
S019,2025_ORINDA_SC_SENIOR_OPEN_OCT,Orinda Aquatics SCY Senior Open Meet (October),2025-10-18,17.0,M,200 FR,SCY,timed_final,,1:43.85,24.17,50.49,1:17.33,1:43.85,"Official Hy-Tek results, Orinda Aquatics SCY Senior Open 10/18-19/2025, Men 200 Yard Freestyle, https://www.pacswim.org/userfiles/meets/documents/2810/orinda-senior-open-sc.htm (retrieved via browser 2026-09-02, checksum-verified)",invitational,"place 19; hytek tags SCY; seed from official results; meet ran 2025-10-18 to 2025-10-19, event day not stated; senior open field includes ages outside 15-18 by design"
S020,2025_ORINDA_SC_SENIOR_OPEN_OCT,Orinda Aquatics SCY Senior Open Meet (October),2025-10-18,15.0,M,200 FR,SCY,timed_final,,1:43.92,23.82,49.75,1:17.19,1:43.92,"Official Hy-Tek results, Orinda Aquatics SCY Senior Open 10/18-19/2025, Men 200 Yard Freestyle, https://www.pacswim.org/userfiles/meets/documents/2810/orinda-senior-open-sc.htm (retrieved via browser 2026-09-02, checksum-verified)",invitational,"place 20; hytek tags SCY; seed from official results; meet ran 2025-10-18 to 2025-10-19, event day not stated; senior open field includes ages outside 15-18 by design"
S463,2025_ORINDA_SC_SENIOR_OPEN_OCT,Orinda Aquatics SCY Senior Open Meet (October),2025-10-18,17.0,M,200 FR,SCY,timed_final,,1:44.65,24.83,50.97,1:17.95,1:44.65,"Official Hy-Tek results, Orinda Aquatics SCY Senior Open 10/18-19/2025, Men 200 Yard Freestyle, https://www.pacswim.org/userfiles/meets/documents/2810/orinda-senior-open-sc.htm (retrieved via browser 2026-09-02, checksum-verified)",invitational,"place 21; hytek tags SCY; seed from official results; meet ran 2025-10-18 to 2025-10-19, event day not stated; senior open field includes ages outside 15-18 by design"
S021,2025_ORINDA_SC_SENIOR_OPEN_OCT,Orinda Aquatics SCY Senior Open Meet (October),2025-10-18,16.0,M,200 FR,SCY,timed_final,,1:44.80,24.46,50.87,1:17.62,1:44.80,"Official Hy-Tek results, Orinda Aquatics SCY Senior Open 10/18-19/2025, Men 200 Yard Freestyle, https://www.pacswim.org/userfiles/meets/documents/2810/orinda-senior-open-sc.htm (retrieved via browser 2026-09-02, checksum-verified)",invitational,"place 22; hytek tags SCY; seed from official results; meet ran 2025-10-18 to 2025-10-19, event day not stated; senior open field includes ages outside 15-18 by design"
S022,2025_ORINDA_SC_SENIOR_OPEN_OCT,Orinda Aquatics SCY Senior Open Meet (October),2025-10-18,14.0,M,200 FR,SCY,timed_final,,1:44.87,24.52,50.87,1:18.08,1:44.87,"Official Hy-Tek results, Orinda Aquatics SCY Senior Open 10/18-19/2025, Men 200 Yard Freestyle, https://www.pacswim.org/userfiles/meets/documents/2810/orinda-senior-open-sc.htm (retrieved via browser 2026-09-02, checksum-verified)",invitational,"place 23; hytek tags SCY; seed from official results; meet ran 2025-10-18 to 2025-10-19, event day not stated; senior open field includes ages outside 15-18 by design"
S023,2025_ORINDA_SC_SENIOR_OPEN_OCT,Orinda Aquatics SCY Senior Open Meet (October),2025-10-18,16.0,M,200 FR,SCY,timed_final,,1:45.16,24.1,50.40,1:17.55,1:45.16,"Official Hy-Tek results, Orinda Aquatics SCY Senior Open 10/18-19/2025, Men 200 Yard Freestyle, https://www.pacswim.org/userfiles/meets/documents/2810/orinda-senior-open-sc.htm (retrieved via browser 2026-09-02, checksum-verified)",invitational,"place 24; hytek tags SCY; seed from official results; meet ran 2025-10-18 to 2025-10-19, event day not stated; senior open field includes ages outside 15-18 by design"
S540,2025_ORINDA_SC_SENIOR_OPEN_OCT,Orinda Aquatics SCY Senior Open Meet (October),2025-10-18,15.0,M,200 FR,SCY,timed_final,,1:45.34,24.42,51.13,1:18.34,1:45.34,"Official Hy-Tek results, Orinda Aquatics SCY Senior Open 10/18-19/2025, Men 200 Yard Freestyle, https://www.pacswim.org/userfiles/meets/documents/2810/orinda-senior-open-sc.htm (retrieved via browser 2026-09-02, checksum-verified)",invitational,"place 25; hytek tags SCY; seed from official results; meet ran 2025-10-18 to 2025-10-19, event day not stated; senior open field includes ages outside 15-18 by design"
S025,2025_ORINDA_SC_SENIOR_OPEN_OCT,Orinda Aquatics SCY Senior Open Meet (October),2025-10-18,17.0,M,200 FR,SCY,timed_final,,1:45.40,24.26,50.77,1:18.25,1:45.40,"Official Hy-Tek results, Orinda Aquatics SCY Senior Open 10/18-19/2025, Men 200 Yard Freestyle, https://www.pacswim.org/userfiles/meets/documents/2810/orinda-senior-open-sc.htm (retrieved via browser 2026-09-02, checksum-verified)",invitational,"place 26; hytek tags SCY; seed from official results; meet ran 2025-10-18 to 2025-10-19, event day not stated; senior open field includes ages outside 15-18 by design"
S026,2025_ORINDA_SC_SENIOR_OPEN_OCT,Orinda Aquatics SCY Senior Open Meet (October),2025-10-18,17.0,M,200 FR,SCY,timed_final,,1:45.70,23.91,50.50,1:17.78,1:45.70,"Official Hy-Tek results, Orinda Aquatics SCY Senior Open 10/18-19/2025, Men 200 Yard Freestyle, https://www.pacswim.org/userfiles/meets/documents/2810/orinda-senior-open-sc.htm (retrieved via browser 2026-09-02, checksum-verified)",invitational,"place 27; hytek tags SCY; seed from official results; meet ran 2025-10-18 to 2025-10-19, event day not stated; senior open field includes ages outside 15-18 by design"
S027,2025_ORINDA_SC_SENIOR_OPEN_OCT,Orinda Aquatics SCY Senior Open Meet (October),2025-10-18,17.0,M,200 FR,SCY,timed_final,,1:45.79,24.61,51.32,1:18.43,1:45.79,"Official Hy-Tek results, Orinda Aquatics SCY Senior Open 10/18-19/2025, Men 200 Yard Freestyle, https://www.pacswim.org/userfiles/meets/documents/2810/orinda-senior-open-sc.htm (retrieved via browser 2026-09-02, checksum-verified)",invitational,"place 28; hytek tags SCY; seed from official results; meet ran 2025-10-18 to 2025-10-19, event day not stated; senior open field includes ages outside 15-18 by design"
S028,2025_ORINDA_SC_SENIOR_OPEN_OCT,Orinda Aquatics SCY Senior Open Meet (October),2025-10-18,20.0,M,200 FR,SCY,timed_final,,1:45.84,24.36,51.08,1:19.02,1:45.84,"Official Hy-Tek results, Orinda Aquatics SCY Senior Open 10/18-19/2025, Men 200 Yard Freestyle, https://www.pacswim.org/userfiles/meets/documents/2810/orinda-senior-open-sc.htm (retrieved via browser 2026-09-02, checksum-verified)",invitational,"place 29; hytek tags SCY; seed from official results; meet ran 2025-10-18 to 2025-10-19, event day not stated; senior open field includes ages outside 15-18 by design"
S029,2025_ORINDA_SC_SENIOR_OPEN_OCT,Orinda Aquatics SCY Senior Open Meet (October),2025-10-18,15.0,M,200 FR,SCY,timed_final,,1:46.07,23.04,49.22,1:17.35,1:46.07,"Official Hy-Tek results, Orinda Aquatics SCY Senior Open 10/18-19/2025, Men 200 Yard Freestyle, https://www.pacswim.org/userfiles/meets/documents/2810/orinda-senior-open-sc.htm (retrieved via browser 2026-09-02, checksum-verified)",invitational,"place 30; hytek tags SCY; seed from official results; meet ran 2025-10-18 to 2025-10-19, event day not stated; senior open field includes ages outside 15-18 by design"
S030,2025_ORINDA_SC_SENIOR_OPEN_OCT,Orinda Aquatics SCY Senior Open Meet (October),2025-10-18,17.0,M,200 FR,SCY,timed_final,,1:46.21,24.95,51.61,1:18.98,1:46.21,"Official Hy-Tek results, Orinda Aquatics SCY Senior Open 10/18-19/2025, Men 200 Yard Freestyle, https://www.pacswim.org/userfiles/meets/documents/2810/orinda-senior-open-sc.htm (retrieved via browser 2026-09-02, checksum-verified)",invitational,"place 31; hytek tags SCY; seed from official results; meet ran 2025-10-18 to 2025-10-19, event day not stated; senior open field includes ages outside 15-18 by design"
S031,2025_ORINDA_SC_SENIOR_OPEN_OCT,Orinda Aquatics SCY Senior Open Meet (October),2025-10-18,14.0,M,200 FR,SCY,timed_final,,1:46.22,25.01,52.34,1:19.45,1:46.22,"Official Hy-Tek results, Orinda Aquatics SCY Senior Open 10/18-19/2025, Men 200 Yard Freestyle, https://www.pacswim.org/userfiles/meets/documents/2810/orinda-senior-open-sc.htm (retrieved via browser 2026-09-02, checksum-verified)",invitational,"place 32; hytek tags SCY; seed from official results; meet ran 2025-10-18 to 2025-10-19, event day not stated; senior open field includes ages outside 15-18 by design"
S032,2025_ORINDA_SC_SENIOR_OPEN_OCT,Orinda Aquatics SCY Senior Open Meet (October),2025-10-18,17.0,M,200 FR,SCY,timed_final,,1:46.41,24.16,50.61,1:18.09,1:46.41,"Official Hy-Tek results, Orinda Aquatics SCY Senior Open 10/18-19/2025, Men 200 Yard Freestyle, https://www.pacswim.org/userfiles/meets/documents/2810/orinda-senior-open-sc.htm (retrieved via browser 2026-09-02, checksum-verified)",invitational,"place 33; hytek tags SCY; seed from official results; meet ran 2025-10-18 to 2025-10-19, event day not stated; senior open field includes ages outside 15-18 by design"
S033,2025_ORINDA_SC_SENIOR_OPEN_OCT,Orinda Aquatics SCY Senior Open Meet (October),2025-10-18,16.0,M,200 FR,SCY,timed_final,,1:46.56,24.95,51.88,1:19.67,1:46.56,"Official Hy-Tek results, Orinda Aquatics SCY Senior Open 10/18-19/2025, Men 200 Yard Freestyle, https://www.pacswim.org/userfiles/meets/documents/2810/orinda-senior-open-sc.htm (retrieved via browser 2026-09-02, checksum-verified)",invitational,"place 34; hytek tags SCY; seed from official results; meet ran 2025-10-18 to 2025-10-19, event day not stated; senior open field includes ages outside 15-18 by design"
S034,2025_ORINDA_SC_SENIOR_OPEN_OCT,Orinda Aquatics SCY Senior Open Meet (October),2025-10-18,15.0,M,200 FR,SCY,timed_final,,1:46.57,24.24,51.19,1:18.93,1:46.57,"Official Hy-Tek results, Orinda Aquatics SCY Senior Open 10/18-19/2025, Men 200 Yard Freestyle, https://www.pacswim.org/userfiles/meets/documents/2810/orinda-senior-open-sc.htm (retrieved via browser 2026-09-02, checksum-verified)",invitational,"place 35; hytek tags SCY; seed from official results; meet ran 2025-10-18 to 2025-10-19, event day not stated; senior open field includes ages outside 15-18 by design"
S377,2025_ORINDA_SC_SENIOR_OPEN_OCT,Orinda Aquatics SCY Senior Open Meet (October),2025-10-18,17.0,M,200 FR,SCY,timed_final,,1:46.64,24.69,51.63,1:18.83,1:46.64,"Official Hy-Tek results, Orinda Aquatics SCY Senior Open 10/18-19/2025, Men 200 Yard Freestyle, https://www.pacswim.org/userfiles/meets/documents/2810/orinda-senior-open-sc.htm (retrieved via browser 2026-09-02, checksum-verified)",invitational,"place 36; hytek tags SCY; seed from official results; meet ran 2025-10-18 to 2025-10-19, event day not stated; senior open field includes ages outside 15-18 by design"
S036,2025_ORINDA_SC_SENIOR_OPEN_OCT,Orinda Aquatics SCY Senior Open Meet (October),2025-10-18,15.0,M,200 FR,SCY,timed_final,,1:46.71,24.64,51.55,1:19.14,1:46.71,"Official Hy-Tek results, Orinda Aquatics SCY Senior Open 10/18-19/2025, Men 200 Yard Freestyle, https://www.pacswim.org/userfiles/meets/documents/2810/orinda-senior-open-sc.htm (retrieved via browser 2026-09-02, checksum-verified)",invitational,"place 37; hytek tags SCY; seed from official results; meet ran 2025-10-18 to 2025-10-19, event day not stated; senior open field includes ages outside 15-18 by design"
S037,2025_ORINDA_SC_SENIOR_OPEN_OCT,Orinda Aquatics SCY Senior Open Meet (October),2025-10-18,15.0,M,200 FR,SCY,timed_final,,1:47.13,24.68,51.64,1:19.62,1:47.13,"Official Hy-Tek results, Orinda Aquatics SCY Senior Open 10/18-19/2025, Men 200 Yard Freestyle, https://www.pacswim.org/userfiles/meets/documents/2810/orinda-senior-open-sc.htm (retrieved via browser 2026-09-02, checksum-verified)",invitational,"place 38; hytek tags SCY; seed from official results; meet ran 2025-10-18 to 2025-10-19, event day not stated; senior open field includes ages outside 15-18 by design"
S038,2025_ORINDA_SC_SENIOR_OPEN_OCT,Orinda Aquatics SCY Senior Open Meet (October),2025-10-18,17.0,M,200 FR,SCY,timed_final,,1:47.17,25.99,52.75,1:20.08,1:47.17,"Official Hy-Tek results, Orinda Aquatics SCY Senior Open 10/18-19/2025, Men 200 Yard Freestyle, https://www.pacswim.org/userfiles/meets/documents/2810/orinda-senior-open-sc.htm (retrieved via browser 2026-09-02, checksum-verified)",invitational,"place 39; hytek tags SCY; seed from official results; meet ran 2025-10-18 to 2025-10-19, event day not stated; senior open field includes ages outside 15-18 by design"
S039,2025_ORINDA_SC_SENIOR_OPEN_OCT,Orinda Aquatics SCY Senior Open Meet (October),2025-10-18,18.0,M,200 FR,SCY,timed_final,,1:47.38,25.67,52.38,1:19.34,1:47.38,"Official Hy-Tek results, Orinda Aquatics SCY Senior Open 10/18-19/2025, Men 200 Yard Freestyle, https://www.pacswim.org/userfiles/meets/documents/2810/orinda-senior-open-sc.htm (retrieved via browser 2026-09-02, checksum-verified)",invitational,"place 40; hytek tags SCY; seed from official results; meet ran 2025-10-18 to 2025-10-19, event day not stated; senior open field includes ages outside 15-18 by design"
S040,2025_ORINDA_SC_SENIOR_OPEN_OCT,Orinda Aquatics SCY Senior Open Meet (October),2025-10-18,17.0,M,200 FR,SCY,timed_final,,1:47.45,25.16,52.02,1:19.73,1:47.45,"Official Hy-Tek results, Orinda Aquatics SCY Senior Open 10/18-19/2025, Men 200 Yard Freestyle, https://www.pacswim.org/userfiles/meets/documents/2810/orinda-senior-open-sc.htm (retrieved via browser 2026-09-02, checksum-verified)",invitational,"place 41; hytek tags SCY; seed from official results; meet ran 2025-10-18 to 2025-10-19, event day not stated; senior open field includes ages outside 15-18 by design"
S041,2025_ORINDA_SC_SENIOR_OPEN_OCT,Orinda Aquatics SCY Senior Open Meet (October),2025-10-18,14.0,M,200 FR,SCY,timed_final,,1:47.94,25.29,52.88,1:20.61,1:47.94,"Official Hy-Tek results, Orinda Aquatics SCY Senior Open 10/18-19/2025, Men 200 Yard Freestyle, https://www.pacswim.org/userfiles/meets/documents/2810/orinda-senior-open-sc.htm (retrieved via browser 2026-09-02, checksum-verified)",invitational,"place 42; hytek tags SCY; seed from official results; meet ran 2025-10-18 to 2025-10-19, event day not stated; senior open field includes ages outside 15-18 by design"
S042,2025_ORINDA_SC_SENIOR_OPEN_OCT,Orinda Aquatics SCY Senior Open Meet (October),2025-10-18,17.0,M,200 FR,SCY,timed_final,,1:48.10,25.66,52.78,1:20.42,1:48.10,"Official Hy-Tek results, Orinda Aquatics SCY Senior Open 10/18-19/2025, Men 200 Yard Freestyle, https://www.pacswim.org/userfiles/meets/documents/2810/orinda-senior-open-sc.htm (retrieved via browser 2026-09-02, checksum-verified)",invitational,"place 43; hytek tags SCY; seed from official results; meet ran 2025-10-18 to 2025-10-19, event day not stated; senior open field includes ages outside 15-18 by design"
S043,2025_ORINDA_SC_SENIOR_OPEN_OCT,Orinda Aquatics SCY Senior Open Meet (October),2025-10-18,16.0,M,200 FR,SCY,timed_final,,1:48.17,24.89,51.77,1:19.59,1:48.17,"Official Hy-Tek results, Orinda Aquatics SCY Senior Open 10/18-19/2025, Men 200 Yard Freestyle, https://www.pacswim.org/userfiles/meets/documents/2810/orinda-senior-open-sc.htm (retrieved via browser 2026-09-02, checksum-verified)",invitational,"place 44; hytek tags SCY; seed from official results; meet ran 2025-10-18 to 2025-10-19, event day not stated; senior open field includes ages outside 15-18 by design"
S044,2025_ORINDA_SC_SENIOR_OPEN_OCT,Orinda Aquatics SCY Senior Open Meet (October),2025-10-18,14.0,M,200 FR,SCY,timed_final,,1:48.35,25.54,52.45,1:20.04,1:48.35,"Official Hy-Tek results, Orinda Aquatics SCY Senior Open 10/18-19/2025, Men 200 Yard Freestyle, https://www.pacswim.org/userfiles/meets/documents/2810/orinda-senior-open-sc.htm (retrieved via browser 2026-09-02, checksum-verified)",invitational,"place 45; hytek tags SCY; seed from official results; meet ran 2025-10-18 to 2025-10-19, event day not stated; senior open field includes ages outside 15-18 by design"
S045,2025_ORINDA_SC_SENIOR_OPEN_OCT,Orinda Aquatics SCY Senior Open Meet (October),2025-10-18,15.0,M,200 FR,SCY,timed_final,,1:48.39,24.75,52.17,1:20.20,1:48.39,"Official Hy-Tek results, Orinda Aquatics SCY Senior Open 10/18-19/2025, Men 200 Yard Freestyle, https://www.pacswim.org/userfiles/meets/documents/2810/orinda-senior-open-sc.htm (retrieved via browser 2026-09-02, checksum-verified)",invitational,"place 46; hytek tags SCY; seed from official results; meet ran 2025-10-18 to 2025-10-19, event day not stated; senior open field includes ages outside 15-18 by design"
S046,2025_ORINDA_SC_SENIOR_OPEN_OCT,Orinda Aquatics SCY Senior Open Meet (October),2025-10-18,15.0,M,200 FR,SCY,timed_final,,1:48.46,25.84,53.79,1:21.84,1:48.46,"Official Hy-Tek results, Orinda Aquatics SCY Senior Open 10/18-19/2025, Men 200 Yard Freestyle, https://www.pacswim.org/userfiles/meets/documents/2810/orinda-senior-open-sc.htm (retrieved via browser 2026-09-02, checksum-verified)",invitational,"place 47; hytek tags SCY; seed from official results; meet ran 2025-10-18 to 2025-10-19, event day not stated; senior open field includes ages outside 15-18 by design"
S541,2025_ORINDA_SC_SENIOR_OPEN_OCT,Orinda Aquatics SCY Senior Open Meet (October),2025-10-18,16.0,M,200 FR,SCY,timed_final,,1:48.66,25.48,52.83,1:20.89,1:48.66,"Official Hy-Tek results, Orinda Aquatics SCY Senior Open 10/18-19/2025, Men 200 Yard Freestyle, https://www.pacswim.org/userfiles/meets/documents/2810/orinda-senior-open-sc.htm (retrieved via browser 2026-09-02, checksum-verified)",invitational,"place 48; hytek tags SCY; seed from official results; meet ran 2025-10-18 to 2025-10-19, event day not stated; senior open field includes ages outside 15-18 by design"
S048,2025_ORINDA_SC_SENIOR_OPEN_OCT,Orinda Aquatics SCY Senior Open Meet (October),2025-10-18,16.0,M,200 FR,SCY,timed_final,,1:48.94,25.23,52.99,1:21.09,1:48.94,"Official Hy-Tek results, Orinda Aquatics SCY Senior Open 10/18-19/2025, Men 200 Yard Freestyle, https://www.pacswim.org/userfiles/meets/documents/2810/orinda-senior-open-sc.htm (retrieved via browser 2026-09-02, checksum-verified)",invitational,"place 49; hytek tags SCY; seed from official results; meet ran 2025-10-18 to 2025-10-19, event day not stated; senior open field includes ages outside 15-18 by design"
S049,2025_ORINDA_SC_SENIOR_OPEN_OCT,Orinda Aquatics SCY Senior Open Meet (October),2025-10-18,15.0,M,200 FR,SCY,timed_final,,1:49.26,24.9,52.30,1:21.22,1:49.26,"Official Hy-Tek results, Orinda Aquatics SCY Senior Open 10/18-19/2025, Men 200 Yard Freestyle, https://www.pacswim.org/userfiles/meets/documents/2810/orinda-senior-open-sc.htm (retrieved via browser 2026-09-02, checksum-verified)",invitational,"place 50; hytek tags SCY; seed from official results; meet ran 2025-10-18 to 2025-10-19, event day not stated; senior open field includes ages outside 15-18 by design"
S050,2025_ORINDA_SC_SENIOR_OPEN_OCT,Orinda Aquatics SCY Senior Open Meet (October),2025-10-18,16.0,M,200 FR,SCY,timed_final,,1:49.39,24.93,51.97,1:20.87,1:49.39,"Official Hy-Tek results, Orinda Aquatics SCY Senior Open 10/18-19/2025, Men 200 Yard Freestyle, https://www.pacswim.org/userfiles/meets/documents/2810/orinda-senior-open-sc.htm (retrieved via browser 2026-09-02, checksum-verified)",invitational,"place 51; hytek tags SCY; seed from official results; meet ran 2025-10-18 to 2025-10-19, event day not stated; senior open field includes ages outside 15-18 by design"
S542,2025_ORINDA_SC_SENIOR_OPEN_OCT,Orinda Aquatics SCY Senior Open Meet (October),2025-10-18,17.0,M,200 FR,SCY,timed_final,,1:49.55,24.44,51.70,1:19.91,1:49.55,"Official Hy-Tek results, Orinda Aquatics SCY Senior Open 10/18-19/2025, Men 200 Yard Freestyle, https://www.pacswim.org/userfiles/meets/documents/2810/orinda-senior-open-sc.htm (retrieved via browser 2026-09-02, checksum-verified)",invitational,"place 52; hytek tags SCY; seed from official results; meet ran 2025-10-18 to 2025-10-19, event day not stated; senior open field includes ages outside 15-18 by design"
S052,2025_ORINDA_SC_SENIOR_OPEN_OCT,Orinda Aquatics SCY Senior Open Meet (October),2025-10-18,16.0,M,200 FR,SCY,timed_final,,1:49.94,25.47,53.18,1:21.39,1:49.94,"Official Hy-Tek results, Orinda Aquatics SCY Senior Open 10/18-19/2025, Men 200 Yard Freestyle, https://www.pacswim.org/userfiles/meets/documents/2810/orinda-senior-open-sc.htm (retrieved via browser 2026-09-02, checksum-verified)",invitational,"place 53; hytek tags SCY; seed from official results; meet ran 2025-10-18 to 2025-10-19, event day not stated; senior open field includes ages outside 15-18 by design"
S053,2025_ORINDA_SC_SENIOR_OPEN_OCT,Orinda Aquatics SCY Senior Open Meet (October),2025-10-18,16.0,M,200 FR,SCY,timed_final,,1:49.99,25.62,53.78,1:21.84,1:49.99,"Official Hy-Tek results, Orinda Aquatics SCY Senior Open 10/18-19/2025, Men 200 Yard Freestyle, https://www.pacswim.org/userfiles/meets/documents/2810/orinda-senior-open-sc.htm (retrieved via browser 2026-09-02, checksum-verified)",invitational,"place 54; hytek tags SCY; seed from official results; meet ran 2025-10-18 to 2025-10-19, event day not stated; senior open field includes ages outside 15-18 by design"
S054,2025_ORINDA_SC_SENIOR_OPEN_OCT,Orinda Aquatics SCY Senior Open Meet (October),2025-10-18,15.0,M,200 FR,SCY,timed_final,,1:50.08,25.57,53.01,1:21.86,1:50.08,"Official Hy-Tek results, Orinda Aquatics SCY Senior Open 10/18-19/2025, Men 200 Yard Freestyle, https://www.pacswim.org/userfiles/meets/documents/2810/orinda-senior-open-sc.htm (retrieved via browser 2026-09-02, checksum-verified)",invitational,"place 55; hytek tags SCY; seed from official results; meet ran 2025-10-18 to 2025-10-19, event day not stated; senior open field includes ages outside 15-18 by design"
S055,2025_ORINDA_SC_SENIOR_OPEN_OCT,Orinda Aquatics SCY Senior Open Meet (October),2025-10-18,15.0,M,200 FR,SCY,timed_final,,1:50.23,24.8,52.99,1:21.56,1:50.23,"Official Hy-Tek results, Orinda Aquatics SCY Senior Open 10/18-19/2025, Men 200 Yard Freestyle, https://www.pacswim.org/userfiles/meets/documents/2810/orinda-senior-open-sc.htm (retrieved via browser 2026-09-02, checksum-verified)",invitational,"place 56; hytek tags SCY; seed from official results; meet ran 2025-10-18 to 2025-10-19, event day not stated; senior open field includes ages outside 15-18 by design"
S056,2025_ORINDA_SC_SENIOR_OPEN_OCT,Orinda Aquatics SCY Senior Open Meet (October),2025-10-18,15.0,M,200 FR,SCY,timed_final,,1:50.46,25.37,52.94,1:22.12,1:50.46,"Official Hy-Tek results, Orinda Aquatics SCY Senior Open 10/18-19/2025, Men 200 Yard Freestyle, https://www.pacswim.org/userfiles/meets/documents/2810/orinda-senior-open-sc.htm (retrieved via browser 2026-09-02, checksum-verified)",invitational,"place 57; hytek tags SCY; seed from official results; meet ran 2025-10-18 to 2025-10-19, event day not stated; senior open field includes ages outside 15-18 by design"
S404,2025_ORINDA_SC_SENIOR_OPEN_OCT,Orinda Aquatics SCY Senior Open Meet (October),2025-10-18,15.0,M,200 FR,SCY,timed_final,,1:50.89,26.05,54.47,1:23.41,1:50.89,"Official Hy-Tek results, Orinda Aquatics SCY Senior Open 10/18-19/2025, Men 200 Yard Freestyle, https://www.pacswim.org/userfiles/meets/documents/2810/orinda-senior-open-sc.htm (retrieved via browser 2026-09-02, checksum-verified)",invitational,"place 58; hytek tags SCY; seed from official results; meet ran 2025-10-18 to 2025-10-19, event day not stated; senior open field includes ages outside 15-18 by design"
S058,2025_ORINDA_SC_SENIOR_OPEN_OCT,Orinda Aquatics SCY Senior Open Meet (October),2025-10-18,17.0,M,200 FR,SCY,timed_final,,1:50.94,24.75,52.19,1:21.51,1:50.94,"Official Hy-Tek results, Orinda Aquatics SCY Senior Open 10/18-19/2025, Men 200 Yard Freestyle, https://www.pacswim.org/userfiles/meets/documents/2810/orinda-senior-open-sc.htm (retrieved via browser 2026-09-02, checksum-verified)",invitational,"place 59; hytek tags SCY; seed from official results; meet ran 2025-10-18 to 2025-10-19, event day not stated; senior open field includes ages outside 15-18 by design"
S059,2025_ORINDA_SC_SENIOR_OPEN_OCT,Orinda Aquatics SCY Senior Open Meet (October),2025-10-18,16.0,M,200 FR,SCY,timed_final,,1:50.99,25.45,53.57,1:22.93,1:50.99,"Official Hy-Tek results, Orinda Aquatics SCY Senior Open 10/18-19/2025, Men 200 Yard Freestyle, https://www.pacswim.org/userfiles/meets/documents/2810/orinda-senior-open-sc.htm (retrieved via browser 2026-09-02, checksum-verified)",invitational,"place 60; hytek tags SCY; seed from official results; meet ran 2025-10-18 to 2025-10-19, event day not stated; senior open field includes ages outside 15-18 by design"
S060,2025_ORINDA_SC_SENIOR_OPEN_OCT,Orinda Aquatics SCY Senior Open Meet (October),2025-10-18,16.0,M,200 FR,SCY,timed_final,,1:51.10,25.72,53.49,1:22.00,1:51.10,"Official Hy-Tek results, Orinda Aquatics SCY Senior Open 10/18-19/2025, Men 200 Yard Freestyle, https://www.pacswim.org/userfiles/meets/documents/2810/orinda-senior-open-sc.htm (retrieved via browser 2026-09-02, checksum-verified)",invitational,"place 61; hytek tags SCY; seed from official results; meet ran 2025-10-18 to 2025-10-19, event day not stated; senior open field includes ages outside 15-18 by design"
S061,2025_ORINDA_SC_SENIOR_OPEN_OCT,Orinda Aquatics SCY Senior Open Meet (October),2025-10-18,15.0,M,200 FR,SCY,timed_final,,1:51.14,26.22,54.15,1:22.69,1:51.14,"Official Hy-Tek results, Orinda Aquatics SCY Senior Open 10/18-19/2025, Men 200 Yard Freestyle, https://www.pacswim.org/userfiles/meets/documents/2810/orinda-senior-open-sc.htm (retrieved via browser 2026-09-02, checksum-verified)",invitational,"place 62; hytek tags SCY; seed from official results; meet ran 2025-10-18 to 2025-10-19, event day not stated; senior open field includes ages outside 15-18 by design"
S062,2025_ORINDA_SC_SENIOR_OPEN_OCT,Orinda Aquatics SCY Senior Open Meet (October),2025-10-18,18.0,M,200 FR,SCY,timed_final,,1:51.35,26.06,54.49,1:22.77,1:51.35,"Official Hy-Tek results, Orinda Aquatics SCY Senior Open 10/18-19/2025, Men 200 Yard Freestyle, https://www.pacswim.org/userfiles/meets/documents/2810/orinda-senior-open-sc.htm (retrieved via browser 2026-09-02, checksum-verified)",invitational,"place 63; hytek tags SCY; seed from official results; meet ran 2025-10-18 to 2025-10-19, event day not stated; senior open field includes ages outside 15-18 by design"
S063,2025_ORINDA_SC_SENIOR_OPEN_OCT,Orinda Aquatics SCY Senior Open Meet (October),2025-10-18,15.0,M,200 FR,SCY,timed_final,,1:51.38,25.55,53.33,1:22.71,1:51.38,"Official Hy-Tek results, Orinda Aquatics SCY Senior Open 10/18-19/2025, Men 200 Yard Freestyle, https://www.pacswim.org/userfiles/meets/documents/2810/orinda-senior-open-sc.htm (retrieved via browser 2026-09-02, checksum-verified)",invitational,"place 64; hytek tags SCY; seed from official results; meet ran 2025-10-18 to 2025-10-19, event day not stated; senior open field includes ages outside 15-18 by design"
S064,2025_ORINDA_SC_SENIOR_OPEN_OCT,Orinda Aquatics SCY Senior Open Meet (October),2025-10-18,17.0,M,200 FR,SCY,timed_final,,1:51.55,25.15,53.31,1:22.50,1:51.55,"Official Hy-Tek results, Orinda Aquatics SCY Senior Open 10/18-19/2025, Men 200 Yard Freestyle, https://www.pacswim.org/userfiles/meets/documents/2810/orinda-senior-open-sc.htm (retrieved via browser 2026-09-02, checksum-verified)",invitational,"place 65; hytek tags SCY; seed from official results; meet ran 2025-10-18 to 2025-10-19, event day not stated; senior open field includes ages outside 15-18 by design"
S065,2025_ORINDA_SC_SENIOR_OPEN_OCT,Orinda Aquatics SCY Senior Open Meet (October),2025-10-18,16.0,M,200 FR,SCY,timed_final,,1:51.72,25.53,52.98,1:21.97,1:51.72,"Official Hy-Tek results, Orinda Aquatics SCY Senior Open 10/18-19/2025, Men 200 Yard Freestyle, https://www.pacswim.org/userfiles/meets/documents/2810/orinda-senior-open-sc.htm (retrieved via browser 2026-09-02, checksum-verified)",invitational,"place 66; hytek tags SCY; seed from official results; meet ran 2025-10-18 to 2025-10-19, event day not stated; senior open field includes ages outside 15-18 by design"
S066,2025_ORINDA_SC_SENIOR_OPEN_OCT,Orinda Aquatics SCY Senior Open Meet (October),2025-10-18,18.0,M,200 FR,SCY,timed_final,,1:51.77,25.64,53.51,1:22.60,1:51.77,"Official Hy-Tek results, Orinda Aquatics SCY Senior Open 10/18-19/2025, Men 200 Yard Freestyle, https://www.pacswim.org/userfiles/meets/documents/2810/orinda-senior-open-sc.htm (retrieved via browser 2026-09-02, checksum-verified)",invitational,"place 67; hytek tags SCY; seed from official results; meet ran 2025-10-18 to 2025-10-19, event day not stated; senior open field includes ages outside 15-18 by design"
S067,2025_ORINDA_SC_SENIOR_OPEN_OCT,Orinda Aquatics SCY Senior Open Meet (October),2025-10-18,16.0,M,200 FR,SCY,timed_final,,1:51.79,26.33,54.39,1:23.13,1:51.79,"Official Hy-Tek results, Orinda Aquatics SCY Senior Open 10/18-19/2025, Men 200 Yard Freestyle, https://www.pacswim.org/userfiles/meets/documents/2810/orinda-senior-open-sc.htm (retrieved via browser 2026-09-02, checksum-verified)",invitational,"place 68; hytek tags SCY; seed from official results; meet ran 2025-10-18 to 2025-10-19, event day not stated; senior open field includes ages outside 15-18 by design"
S068,2025_ORINDA_SC_SENIOR_OPEN_OCT,Orinda Aquatics SCY Senior Open Meet (October),2025-10-18,22.0,M,200 FR,SCY,timed_final,,1:52.04,25.84,53.72,1:22.79,1:52.04,"Official Hy-Tek results, Orinda Aquatics SCY Senior Open 10/18-19/2025, Men 200 Yard Freestyle, https://www.pacswim.org/userfiles/meets/documents/2810/orinda-senior-open-sc.htm (retrieved via browser 2026-09-02, checksum-verified)",invitational,"place 69; hytek tags SCY; seed from official results; meet ran 2025-10-18 to 2025-10-19, event day not stated; senior open field includes ages outside 15-18 by design"
S069,2025_ORINDA_SC_SENIOR_OPEN_OCT,Orinda Aquatics SCY Senior Open Meet (October),2025-10-18,16.0,M,200 FR,SCY,timed_final,,1:52.07,25.15,53.56,1:22.80,1:52.07,"Official Hy-Tek results, Orinda Aquatics SCY Senior Open 10/18-19/2025, Men 200 Yard Freestyle, https://www.pacswim.org/userfiles/meets/documents/2810/orinda-senior-open-sc.htm (retrieved via browser 2026-09-02, checksum-verified)",invitational,"place 70; hytek tags SCY; seed from official results; meet ran 2025-10-18 to 2025-10-19, event day not stated; senior open field includes ages outside 15-18 by design"
S070,2025_ORINDA_SC_SENIOR_OPEN_OCT,Orinda Aquatics SCY Senior Open Meet (October),2025-10-18,15.0,M,200 FR,SCY,timed_final,,1:52.13,25.5,53.84,1:22.48,1:52.13,"Official Hy-Tek results, Orinda Aquatics SCY Senior Open 10/18-19/2025, Men 200 Yard Freestyle, https://www.pacswim.org/userfiles/meets/documents/2810/orinda-senior-open-sc.htm (retrieved via browser 2026-09-02, checksum-verified)",invitational,"place 71; hytek tags SCY; seed from official results; meet ran 2025-10-18 to 2025-10-19, event day not stated; senior open field includes ages outside 15-18 by design"
S071,2025_ORINDA_SC_SENIOR_OPEN_OCT,Orinda Aquatics SCY Senior Open Meet (October),2025-10-18,20.0,M,200 FR,SCY,timed_final,,1:52.17,26.21,54.71,1:24.02,1:52.17,"Official Hy-Tek results, Orinda Aquatics SCY Senior Open 10/18-19/2025, Men 200 Yard Freestyle, https://www.pacswim.org/userfiles/meets/documents/2810/orinda-senior-open-sc.htm (retrieved via browser 2026-09-02, checksum-verified)",invitational,"place 72; hytek tags SCY; seed from official results; meet ran 2025-10-18 to 2025-10-19, event day not stated; senior open field includes ages outside 15-18 by design"
S424,2025_ORINDA_SC_SENIOR_OPEN_OCT,Orinda Aquatics SCY Senior Open Meet (October),2025-10-18,16.0,M,200 FR,SCY,timed_final,,1:52.43,26.48,55.37,1:24.32,1:52.43,"Official Hy-Tek results, Orinda Aquatics SCY Senior Open 10/18-19/2025, Men 200 Yard Freestyle, https://www.pacswim.org/userfiles/meets/documents/2810/orinda-senior-open-sc.htm (retrieved via browser 2026-09-02, checksum-verified)",invitational,"place 73; hytek tags SCY; seed from official results; meet ran 2025-10-18 to 2025-10-19, event day not stated; senior open field includes ages outside 15-18 by design"
S073,2025_ORINDA_SC_SENIOR_OPEN_OCT,Orinda Aquatics SCY Senior Open Meet (October),2025-10-18,15.0,M,200 FR,SCY,timed_final,,1:52.70,25.75,53.88,1:23.03,1:52.70,"Official Hy-Tek results, Orinda Aquatics SCY Senior Open 10/18-19/2025, Men 200 Yard Freestyle, https://www.pacswim.org/userfiles/meets/documents/2810/orinda-senior-open-sc.htm (retrieved via browser 2026-09-02, checksum-verified)",invitational,"place 74; hytek tags SCY; seed from official results; meet ran 2025-10-18 to 2025-10-19, event day not stated; senior open field includes ages outside 15-18 by design"
S074,2025_ORINDA_SC_SENIOR_OPEN_OCT,Orinda Aquatics SCY Senior Open Meet (October),2025-10-18,16.0,M,200 FR,SCY,timed_final,,1:52.89,26.46,54.50,1:23.58,1:52.89,"Official Hy-Tek results, Orinda Aquatics SCY Senior Open 10/18-19/2025, Men 200 Yard Freestyle, https://www.pacswim.org/userfiles/meets/documents/2810/orinda-senior-open-sc.htm (retrieved via browser 2026-09-02, checksum-verified)",invitational,"place 75; hytek tags SCY; seed from official results; meet ran 2025-10-18 to 2025-10-19, event day not stated; senior open field includes ages outside 15-18 by design"
S075,2025_ORINDA_SC_SENIOR_OPEN_OCT,Orinda Aquatics SCY Senior Open Meet (October),2025-10-18,16.0,M,200 FR,SCY,timed_final,,1:53.04,25.27,53.68,1:23.21,1:53.04,"Official Hy-Tek results, Orinda Aquatics SCY Senior Open 10/18-19/2025, Men 200 Yard Freestyle, https://www.pacswim.org/userfiles/meets/documents/2810/orinda-senior-open-sc.htm (retrieved via browser 2026-09-02, checksum-verified)",invitational,"place 76; hytek tags SCY; seed from official results; meet ran 2025-10-18 to 2025-10-19, event day not stated; senior open field includes ages outside 15-18 by design"
S076,2025_ORINDA_SC_SENIOR_OPEN_OCT,Orinda Aquatics SCY Senior Open Meet (October),2025-10-18,17.0,M,200 FR,SCY,timed_final,,1:53.10,26.72,54.88,1:23.67,1:53.10,"Official Hy-Tek results, Orinda Aquatics SCY Senior Open 10/18-19/2025, Men 200 Yard Freestyle, https://www.pacswim.org/userfiles/meets/documents/2810/orinda-senior-open-sc.htm (retrieved via browser 2026-09-02, checksum-verified)",invitational,"place 77; hytek tags SCY; seed from official results; meet ran 2025-10-18 to 2025-10-19, event day not stated; senior open field includes ages outside 15-18 by design"
S543,2025_ORINDA_SC_SENIOR_OPEN_OCT,Orinda Aquatics SCY Senior Open Meet (October),2025-10-18,16.0,M,200 FR,SCY,timed_final,,1:53.26,26.13,54.29,1:23.45,1:53.26,"Official Hy-Tek results, Orinda Aquatics SCY Senior Open 10/18-19/2025, Men 200 Yard Freestyle, https://www.pacswim.org/userfiles/meets/documents/2810/orinda-senior-open-sc.htm (retrieved via browser 2026-09-02, checksum-verified)",invitational,"place 78; hytek tags SCY; seed from official results; meet ran 2025-10-18 to 2025-10-19, event day not stated; senior open field includes ages outside 15-18 by design"
S078,2025_ORINDA_SC_SENIOR_OPEN_OCT,Orinda Aquatics SCY Senior Open Meet (October),2025-10-18,18.0,M,200 FR,SCY,timed_final,,1:53.43,26.29,54.89,1:24.40,1:53.43,"Official Hy-Tek results, Orinda Aquatics SCY Senior Open 10/18-19/2025, Men 200 Yard Freestyle, https://www.pacswim.org/userfiles/meets/documents/2810/orinda-senior-open-sc.htm (retrieved via browser 2026-09-02, checksum-verified)",invitational,"place 79; hytek tags SCY; seed from official results; meet ran 2025-10-18 to 2025-10-19, event day not stated; senior open field includes ages outside 15-18 by design"
S079,2025_ORINDA_SC_SENIOR_OPEN_OCT,Orinda Aquatics SCY Senior Open Meet (October),2025-10-18,15.0,M,200 FR,SCY,timed_final,,1:53.60,25.81,54.35,1:23.92,1:53.60,"Official Hy-Tek results, Orinda Aquatics SCY Senior Open 10/18-19/2025, Men 200 Yard Freestyle, https://www.pacswim.org/userfiles/meets/documents/2810/orinda-senior-open-sc.htm (retrieved via browser 2026-09-02, checksum-verified)",invitational,"place 80; hytek tags SCY; seed from official results; meet ran 2025-10-18 to 2025-10-19, event day not stated; senior open field includes ages outside 15-18 by design"
S080,2025_ORINDA_SC_SENIOR_OPEN_OCT,Orinda Aquatics SCY Senior Open Meet (October),2025-10-18,15.0,M,200 FR,SCY,timed_final,,1:53.97,26.35,55.67,1:25.35,1:53.97,"Official Hy-Tek results, Orinda Aquatics SCY Senior Open 10/18-19/2025, Men 200 Yard Freestyle, https://www.pacswim.org/userfiles/meets/documents/2810/orinda-senior-open-sc.htm (retrieved via browser 2026-09-02, checksum-verified)",invitational,"place 81; hytek tags SCY; seed from official results; meet ran 2025-10-18 to 2025-10-19, event day not stated; senior open field includes ages outside 15-18 by design"
S081,2025_ORINDA_SC_SENIOR_OPEN_OCT,Orinda Aquatics SCY Senior Open Meet (October),2025-10-18,16.0,M,200 FR,SCY,timed_final,,1:54.04,26.73,55.55,1:24.79,1:54.04,"Official Hy-Tek results, Orinda Aquatics SCY Senior Open 10/18-19/2025, Men 200 Yard Freestyle, https://www.pacswim.org/userfiles/meets/documents/2810/orinda-senior-open-sc.htm (retrieved via browser 2026-09-02, checksum-verified)",invitational,"place 82; hytek tags SCY; seed from official results; meet ran 2025-10-18 to 2025-10-19, event day not stated; senior open field includes ages outside 15-18 by design"
S082,2025_ORINDA_SC_SENIOR_OPEN_OCT,Orinda Aquatics SCY Senior Open Meet (October),2025-10-18,15.0,M,200 FR,SCY,timed_final,,1:54.08,26.47,55.76,1:24.72,1:54.08,"Official Hy-Tek results, Orinda Aquatics SCY Senior Open 10/18-19/2025, Men 200 Yard Freestyle, https://www.pacswim.org/userfiles/meets/documents/2810/orinda-senior-open-sc.htm (retrieved via browser 2026-09-02, checksum-verified)",invitational,"place 83; hytek tags SCY; seed from official results; meet ran 2025-10-18 to 2025-10-19, event day not stated; senior open field includes ages outside 15-18 by design"
S083,2025_ORINDA_SC_SENIOR_OPEN_OCT,Orinda Aquatics SCY Senior Open Meet (October),2025-10-18,16.0,M,200 FR,SCY,timed_final,,1:54.25,26.2,55.15,1:25.21,1:54.25,"Official Hy-Tek results, Orinda Aquatics SCY Senior Open 10/18-19/2025, Men 200 Yard Freestyle, https://www.pacswim.org/userfiles/meets/documents/2810/orinda-senior-open-sc.htm (retrieved via browser 2026-09-02, checksum-verified)",invitational,"place 84; hytek tags SCY; seed from official results; meet ran 2025-10-18 to 2025-10-19, event day not stated; senior open field includes ages outside 15-18 by design"
S084,2025_ORINDA_SC_SENIOR_OPEN_OCT,Orinda Aquatics SCY Senior Open Meet (October),2025-10-18,18.0,M,200 FR,SCY,timed_final,,1:54.30,25.48,53.94,1:24.20,1:54.30,"Official Hy-Tek results, Orinda Aquatics SCY Senior Open 10/18-19/2025, Men 200 Yard Freestyle, https://www.pacswim.org/userfiles/meets/documents/2810/orinda-senior-open-sc.htm (retrieved via browser 2026-09-02, checksum-verified)",invitational,"place 85; hytek tags SCY; seed from official results; meet ran 2025-10-18 to 2025-10-19, event day not stated; senior open field includes ages outside 15-18 by design"
S085,2025_ORINDA_SC_SENIOR_OPEN_OCT,Orinda Aquatics SCY Senior Open Meet (October),2025-10-18,15.0,M,200 FR,SCY,timed_final,,1:54.37,24.43,52.68,1:24.10,1:54.37,"Official Hy-Tek results, Orinda Aquatics SCY Senior Open 10/18-19/2025, Men 200 Yard Freestyle, https://www.pacswim.org/userfiles/meets/documents/2810/orinda-senior-open-sc.htm (retrieved via browser 2026-09-02, checksum-verified)",invitational,"place 86; hytek tags SCY; seed from official results; meet ran 2025-10-18 to 2025-10-19, event day not stated; senior open field includes ages outside 15-18 by design"
S086,2025_ORINDA_SC_SENIOR_OPEN_OCT,Orinda Aquatics SCY Senior Open Meet (October),2025-10-18,17.0,M,200 FR,SCY,timed_final,,1:54.40,25.52,53.28,1:23.46,1:54.40,"Official Hy-Tek results, Orinda Aquatics SCY Senior Open 10/18-19/2025, Men 200 Yard Freestyle, https://www.pacswim.org/userfiles/meets/documents/2810/orinda-senior-open-sc.htm (retrieved via browser 2026-09-02, checksum-verified)",invitational,"place 87; hytek tags SCY; seed from official results; meet ran 2025-10-18 to 2025-10-19, event day not stated; senior open field includes ages outside 15-18 by design"
S087,2025_ORINDA_SC_SENIOR_OPEN_OCT,Orinda Aquatics SCY Senior Open Meet (October),2025-10-18,14.0,M,200 FR,SCY,timed_final,,1:54.46,26.83,56.03,1:25.49,1:54.46,"Official Hy-Tek results, Orinda Aquatics SCY Senior Open 10/18-19/2025, Men 200 Yard Freestyle, https://www.pacswim.org/userfiles/meets/documents/2810/orinda-senior-open-sc.htm (retrieved via browser 2026-09-02, checksum-verified)",invitational,"place 88; hytek tags SCY; seed from official results; meet ran 2025-10-18 to 2025-10-19, event day not stated; senior open field includes ages outside 15-18 by design"
S088,2025_ORINDA_SC_SENIOR_OPEN_OCT,Orinda Aquatics SCY Senior Open Meet (October),2025-10-18,15.0,M,200 FR,SCY,timed_final,,1:54.62,26.49,55.35,1:24.97,1:54.62,"Official Hy-Tek results, Orinda Aquatics SCY Senior Open 10/18-19/2025, Men 200 Yard Freestyle, https://www.pacswim.org/userfiles/meets/documents/2810/orinda-senior-open-sc.htm (retrieved via browser 2026-09-02, checksum-verified)",invitational,"place 89; hytek tags SCY; seed from official results; meet ran 2025-10-18 to 2025-10-19, event day not stated; senior open field includes ages outside 15-18 by design"
S089,2025_ORINDA_SC_SENIOR_OPEN_OCT,Orinda Aquatics SCY Senior Open Meet (October),2025-10-18,18.0,M,200 FR,SCY,timed_final,,1:54.71,25.69,54.35,1:24.60,1:54.71,"Official Hy-Tek results, Orinda Aquatics SCY Senior Open 10/18-19/2025, Men 200 Yard Freestyle, https://www.pacswim.org/userfiles/meets/documents/2810/orinda-senior-open-sc.htm (retrieved via browser 2026-09-02, checksum-verified)",invitational,"place 90; hytek tags SCY; seed from official results; meet ran 2025-10-18 to 2025-10-19, event day not stated; senior open field includes ages outside 15-18 by design"
S090,2025_ORINDA_SC_SENIOR_OPEN_OCT,Orinda Aquatics SCY Senior Open Meet (October),2025-10-18,16.0,M,200 FR,SCY,timed_final,,1:54.93,26.21,54.81,1:24.81,1:54.93,"Official Hy-Tek results, Orinda Aquatics SCY Senior Open 10/18-19/2025, Men 200 Yard Freestyle, https://www.pacswim.org/userfiles/meets/documents/2810/orinda-senior-open-sc.htm (retrieved via browser 2026-09-02, checksum-verified)",invitational,"place 91; hytek tags SCY; seed from official results; meet ran 2025-10-18 to 2025-10-19, event day not stated; senior open field includes ages outside 15-18 by design"
S091,2025_ORINDA_SC_SENIOR_OPEN_OCT,Orinda Aquatics SCY Senior Open Meet (October),2025-10-18,18.0,M,200 FR,SCY,timed_final,,1:55.02,26.09,55.08,1:25.51,1:55.02,"Official Hy-Tek results, Orinda Aquatics SCY Senior Open 10/18-19/2025, Men 200 Yard Freestyle, https://www.pacswim.org/userfiles/meets/documents/2810/orinda-senior-open-sc.htm (retrieved via browser 2026-09-02, checksum-verified)",invitational,"place 92; hytek tags SCY; seed from official results; meet ran 2025-10-18 to 2025-10-19, event day not stated; senior open field includes ages outside 15-18 by design"
S092,2025_ORINDA_SC_SENIOR_OPEN_OCT,Orinda Aquatics SCY Senior Open Meet (October),2025-10-18,16.0,M,200 FR,SCY,timed_final,,1:55.17,25.92,54.45,1:24.41,1:55.17,"Official Hy-Tek results, Orinda Aquatics SCY Senior Open 10/18-19/2025, Men 200 Yard Freestyle, https://www.pacswim.org/userfiles/meets/documents/2810/orinda-senior-open-sc.htm (retrieved via browser 2026-09-02, checksum-verified)",invitational,"place 93; hytek tags SCY; seed from official results; meet ran 2025-10-18 to 2025-10-19, event day not stated; senior open field includes ages outside 15-18 by design"
S544,2025_ORINDA_SC_SENIOR_OPEN_OCT,Orinda Aquatics SCY Senior Open Meet (October),2025-10-18,14.0,M,200 FR,SCY,timed_final,,1:55.22,25.82,54.90,1:24.95,1:55.22,"Official Hy-Tek results, Orinda Aquatics SCY Senior Open 10/18-19/2025, Men 200 Yard Freestyle, https://www.pacswim.org/userfiles/meets/documents/2810/orinda-senior-open-sc.htm (retrieved via browser 2026-09-02, checksum-verified)",invitational,"place 94; hytek tags SCY; seed from official results; meet ran 2025-10-18 to 2025-10-19, event day not stated; senior open field includes ages outside 15-18 by design"
S094,2025_ORINDA_SC_SENIOR_OPEN_OCT,Orinda Aquatics SCY Senior Open Meet (October),2025-10-18,16.0,M,200 FR,SCY,timed_final,,1:55.28,26.73,55.44,1:25.87,1:55.28,"Official Hy-Tek results, Orinda Aquatics SCY Senior Open 10/18-19/2025, Men 200 Yard Freestyle, https://www.pacswim.org/userfiles/meets/documents/2810/orinda-senior-open-sc.htm (retrieved via browser 2026-09-02, checksum-verified)",invitational,"place 95; hytek tags SCY; seed from official results; meet ran 2025-10-18 to 2025-10-19, event day not stated; senior open field includes ages outside 15-18 by design"
S095,2025_ORINDA_SC_SENIOR_OPEN_OCT,Orinda Aquatics SCY Senior Open Meet (October),2025-10-18,15.0,M,200 FR,SCY,timed_final,,1:55.37,26.54,56.09,1:26.17,1:55.37,"Official Hy-Tek results, Orinda Aquatics SCY Senior Open 10/18-19/2025, Men 200 Yard Freestyle, https://www.pacswim.org/userfiles/meets/documents/2810/orinda-senior-open-sc.htm (retrieved via browser 2026-09-02, checksum-verified)",invitational,"place 96; hytek tags SCY; seed from official results; meet ran 2025-10-18 to 2025-10-19, event day not stated; senior open field includes ages outside 15-18 by design"
S096,2025_ORINDA_SC_SENIOR_OPEN_OCT,Orinda Aquatics SCY Senior Open Meet (October),2025-10-18,16.0,M,200 FR,SCY,timed_final,,1:55.41,25.69,55.21,1:25.95,1:55.41,"Official Hy-Tek results, Orinda Aquatics SCY Senior Open 10/18-19/2025, Men 200 Yard Freestyle, https://www.pacswim.org/userfiles/meets/documents/2810/orinda-senior-open-sc.htm (retrieved via browser 2026-09-02, checksum-verified)",invitational,"place 97; hytek tags SCY; seed from official results; meet ran 2025-10-18 to 2025-10-19, event day not stated; senior open field includes ages outside 15-18 by design"
S097,2025_ORINDA_SC_SENIOR_OPEN_OCT,Orinda Aquatics SCY Senior Open Meet (October),2025-10-18,15.0,M,200 FR,SCY,timed_final,,1:55.72,26.82,56.26,1:26.13,1:55.72,"Official Hy-Tek results, Orinda Aquatics SCY Senior Open 10/18-19/2025, Men 200 Yard Freestyle, https://www.pacswim.org/userfiles/meets/documents/2810/orinda-senior-open-sc.htm (retrieved via browser 2026-09-02, checksum-verified)",invitational,"place 98; hytek tags SCY; seed from official results; meet ran 2025-10-18 to 2025-10-19, event day not stated; senior open field includes ages outside 15-18 by design"
S098,2025_ORINDA_SC_SENIOR_OPEN_OCT,Orinda Aquatics SCY Senior Open Meet (October),2025-10-18,14.0,M,200 FR,SCY,timed_final,,1:55.80,26.94,56.50,1:26.48,1:55.80,"Official Hy-Tek results, Orinda Aquatics SCY Senior Open 10/18-19/2025, Men 200 Yard Freestyle, https://www.pacswim.org/userfiles/meets/documents/2810/orinda-senior-open-sc.htm (retrieved via browser 2026-09-02, checksum-verified)",invitational,"place 99; hytek tags SCY; seed from official results; meet ran 2025-10-18 to 2025-10-19, event day not stated; senior open field includes ages outside 15-18 by design"
S099,2025_ORINDA_SC_SENIOR_OPEN_OCT,Orinda Aquatics SCY Senior Open Meet (October),2025-10-18,15.0,M,200 FR,SCY,timed_final,,1:55.82,27.2,56.81,1:26.41,1:55.82,"Official Hy-Tek results, Orinda Aquatics SCY Senior Open 10/18-19/2025, Men 200 Yard Freestyle, https://www.pacswim.org/userfiles/meets/documents/2810/orinda-senior-open-sc.htm (retrieved via browser 2026-09-02, checksum-verified)",invitational,"place 100; hytek tags SCY; seed from official results; meet ran 2025-10-18 to 2025-10-19, event day not stated; senior open field includes ages outside 15-18 by design"
S100,2025_ORINDA_SC_SENIOR_OPEN_OCT,Orinda Aquatics SCY Senior Open Meet (October),2025-10-18,16.0,M,200 FR,SCY,timed_final,,1:55.83,26.62,56.32,1:26.51,1:55.83,"Official Hy-Tek results, Orinda Aquatics SCY Senior Open 10/18-19/2025, Men 200 Yard Freestyle, https://www.pacswim.org/userfiles/meets/documents/2810/orinda-senior-open-sc.htm (retrieved via browser 2026-09-02, checksum-verified)",invitational,"place 101; hytek tags SCY; seed from official results; meet ran 2025-10-18 to 2025-10-19, event day not stated; senior open field includes ages outside 15-18 by design"
S101,2025_ORINDA_SC_SENIOR_OPEN_OCT,Orinda Aquatics SCY Senior Open Meet (October),2025-10-18,14.0,M,200 FR,SCY,timed_final,,1:55.98,26.75,56.37,1:26.05,1:55.98,"Official Hy-Tek results, Orinda Aquatics SCY Senior Open 10/18-19/2025, Men 200 Yard Freestyle, https://www.pacswim.org/userfiles/meets/documents/2810/orinda-senior-open-sc.htm (retrieved via browser 2026-09-02, checksum-verified)",invitational,"place 102; hytek tags SCY; seed from official results; meet ran 2025-10-18 to 2025-10-19, event day not stated; senior open field includes ages outside 15-18 by design"
S410,2025_ORINDA_SC_SENIOR_OPEN_OCT,Orinda Aquatics SCY Senior Open Meet (October),2025-10-18,17.0,M,200 FR,SCY,timed_final,,1:55.99,25.89,55.11,1:25.60,1:55.99,"Official Hy-Tek results, Orinda Aquatics SCY Senior Open 10/18-19/2025, Men 200 Yard Freestyle, https://www.pacswim.org/userfiles/meets/documents/2810/orinda-senior-open-sc.htm (retrieved via browser 2026-09-02, checksum-verified)",invitational,"place 103; hytek tags SCY; seed from official results; meet ran 2025-10-18 to 2025-10-19, event day not stated; senior open field includes ages outside 15-18 by design"
S103,2025_ORINDA_SC_SENIOR_OPEN_OCT,Orinda Aquatics SCY Senior Open Meet (October),2025-10-18,16.0,M,200 FR,SCY,timed_final,,1:56.04,27.22,56.88,1:25.99,1:56.04,"Official Hy-Tek results, Orinda Aquatics SCY Senior Open 10/18-19/2025, Men 200 Yard Freestyle, https://www.pacswim.org/userfiles/meets/documents/2810/orinda-senior-open-sc.htm (retrieved via browser 2026-09-02, checksum-verified)",invitational,"place 104; hytek tags SCY; seed from official results; meet ran 2025-10-18 to 2025-10-19, event day not stated; senior open field includes ages outside 15-18 by design"
S104,2025_ORINDA_SC_SENIOR_OPEN_OCT,Orinda Aquatics SCY Senior Open Meet (October),2025-10-18,14.0,M,200 FR,SCY,timed_final,,1:56.23,26.82,55.93,1:26.14,1:56.23,"Official Hy-Tek results, Orinda Aquatics SCY Senior Open 10/18-19/2025, Men 200 Yard Freestyle, https://www.pacswim.org/userfiles/meets/documents/2810/orinda-senior-open-sc.htm (retrieved via browser 2026-09-02, checksum-verified)",invitational,"place 105; hytek tags SCY; seed from official results; meet ran 2025-10-18 to 2025-10-19, event day not stated; senior open field includes ages outside 15-18 by design"
S105,2025_ORINDA_SC_SENIOR_OPEN_OCT,Orinda Aquatics SCY Senior Open Meet (October),2025-10-18,13.0,M,200 FR,SCY,timed_final,,1:56.47,27.02,55.89,1:26.25,1:56.47,"Official Hy-Tek results, Orinda Aquatics SCY Senior Open 10/18-19/2025, Men 200 Yard Freestyle, https://www.pacswim.org/userfiles/meets/documents/2810/orinda-senior-open-sc.htm (retrieved via browser 2026-09-02, checksum-verified)",invitational,"place 106; hytek tags SCY; seed from official results; meet ran 2025-10-18 to 2025-10-19, event day not stated; senior open field includes ages outside 15-18 by design"
S106,2025_ORINDA_SC_SENIOR_OPEN_OCT,Orinda Aquatics SCY Senior Open Meet (October),2025-10-18,15.0,M,200 FR,SCY,timed_final,,1:56.52,26.4,55.73,1:26.58,1:56.52,"Official Hy-Tek results, Orinda Aquatics SCY Senior Open 10/18-19/2025, Men 200 Yard Freestyle, https://www.pacswim.org/userfiles/meets/documents/2810/orinda-senior-open-sc.htm (retrieved via browser 2026-09-02, checksum-verified)",invitational,"place 107; hytek tags SCY; seed from official results; meet ran 2025-10-18 to 2025-10-19, event day not stated; senior open field includes ages outside 15-18 by design"
S107,2025_ORINDA_SC_SENIOR_OPEN_OCT,Orinda Aquatics SCY Senior Open Meet (October),2025-10-18,17.0,M,200 FR,SCY,timed_final,,1:56.87,26.46,55.19,1:25.75,1:56.87,"Official Hy-Tek results, Orinda Aquatics SCY Senior Open 10/18-19/2025, Men 200 Yard Freestyle, https://www.pacswim.org/userfiles/meets/documents/2810/orinda-senior-open-sc.htm (retrieved via browser 2026-09-02, checksum-verified)",invitational,"place 108; hytek tags SCY; seed from official results; meet ran 2025-10-18 to 2025-10-19, event day not stated; senior open field includes ages outside 15-18 by design"
S108,2025_ORINDA_SC_SENIOR_OPEN_OCT,Orinda Aquatics SCY Senior Open Meet (October),2025-10-18,14.0,M,200 FR,SCY,timed_final,,1:56.94,27.11,56.59,1:27.21,1:56.94,"Official Hy-Tek results, Orinda Aquatics SCY Senior Open 10/18-19/2025, Men 200 Yard Freestyle, https://www.pacswim.org/userfiles/meets/documents/2810/orinda-senior-open-sc.htm (retrieved via browser 2026-09-02, checksum-verified)",invitational,"place 109; hytek tags SCY; seed from official results; meet ran 2025-10-18 to 2025-10-19, event day not stated; senior open field includes ages outside 15-18 by design"
S109,2025_ORINDA_SC_SENIOR_OPEN_OCT,Orinda Aquatics SCY Senior Open Meet (October),2025-10-18,13.0,M,200 FR,SCY,timed_final,,1:57.12,27.0,56.81,1:27.24,1:57.12,"Official Hy-Tek results, Orinda Aquatics SCY Senior Open 10/18-19/2025, Men 200 Yard Freestyle, https://www.pacswim.org/userfiles/meets/documents/2810/orinda-senior-open-sc.htm (retrieved via browser 2026-09-02, checksum-verified)",invitational,"place 110; hytek tags SCY; seed from official results; meet ran 2025-10-18 to 2025-10-19, event day not stated; senior open field includes ages outside 15-18 by design"
S545,2025_ORINDA_SC_SENIOR_OPEN_OCT,Orinda Aquatics SCY Senior Open Meet (October),2025-10-18,14.0,M,200 FR,SCY,timed_final,,1:57.33,27.48,57.18,1:27.86,1:57.33,"Official Hy-Tek results, Orinda Aquatics SCY Senior Open 10/18-19/2025, Men 200 Yard Freestyle, https://www.pacswim.org/userfiles/meets/documents/2810/orinda-senior-open-sc.htm (retrieved via browser 2026-09-02, checksum-verified)",invitational,"place 111; hytek tags SCY; seed from official results; meet ran 2025-10-18 to 2025-10-19, event day not stated; senior open field includes ages outside 15-18 by design"
S111,2025_ORINDA_SC_SENIOR_OPEN_OCT,Orinda Aquatics SCY Senior Open Meet (October),2025-10-18,16.0,M,200 FR,SCY,timed_final,,1:57.35,26.98,56.64,1:27.09,1:57.35,"Official Hy-Tek results, Orinda Aquatics SCY Senior Open 10/18-19/2025, Men 200 Yard Freestyle, https://www.pacswim.org/userfiles/meets/documents/2810/orinda-senior-open-sc.htm (retrieved via browser 2026-09-02, checksum-verified)",invitational,"place 112; hytek tags SCY; seed from official results; meet ran 2025-10-18 to 2025-10-19, event day not stated; senior open field includes ages outside 15-18 by design"
S546,2025_ORINDA_SC_SENIOR_OPEN_OCT,Orinda Aquatics SCY Senior Open Meet (October),2025-10-18,15.0,M,200 FR,SCY,timed_final,,1:57.42,26.88,55.88,1:26.35,1:57.42,"Official Hy-Tek results, Orinda Aquatics SCY Senior Open 10/18-19/2025, Men 200 Yard Freestyle, https://www.pacswim.org/userfiles/meets/documents/2810/orinda-senior-open-sc.htm (retrieved via browser 2026-09-02, checksum-verified)",invitational,"place 113; hytek tags SCY; seed from official results; meet ran 2025-10-18 to 2025-10-19, event day not stated; senior open field includes ages outside 15-18 by design"
S420,2025_ORINDA_SC_SENIOR_OPEN_OCT,Orinda Aquatics SCY Senior Open Meet (October),2025-10-18,15.0,M,200 FR,SCY,timed_final,,1:57.46,27.35,56.99,1:27.14,1:57.46,"Official Hy-Tek results, Orinda Aquatics SCY Senior Open 10/18-19/2025, Men 200 Yard Freestyle, https://www.pacswim.org/userfiles/meets/documents/2810/orinda-senior-open-sc.htm (retrieved via browser 2026-09-02, checksum-verified)",invitational,"place 114; hytek tags SCY; seed from official results; meet ran 2025-10-18 to 2025-10-19, event day not stated; senior open field includes ages outside 15-18 by design"
S114,2025_ORINDA_SC_SENIOR_OPEN_OCT,Orinda Aquatics SCY Senior Open Meet (October),2025-10-18,17.0,M,200 FR,SCY,timed_final,,1:57.63,26.77,56.71,1:27.29,1:57.63,"Official Hy-Tek results, Orinda Aquatics SCY Senior Open 10/18-19/2025, Men 200 Yard Freestyle, https://www.pacswim.org/userfiles/meets/documents/2810/orinda-senior-open-sc.htm (retrieved via browser 2026-09-02, checksum-verified)",invitational,"place 115; hytek tags SCY; seed from official results; meet ran 2025-10-18 to 2025-10-19, event day not stated; senior open field includes ages outside 15-18 by design"
S115,2025_ORINDA_SC_SENIOR_OPEN_OCT,Orinda Aquatics SCY Senior Open Meet (October),2025-10-18,16.0,M,200 FR,SCY,timed_final,,1:57.92,26.84,56.64,1:27.24,1:57.92,"Official Hy-Tek results, Orinda Aquatics SCY Senior Open 10/18-19/2025, Men 200 Yard Freestyle, https://www.pacswim.org/userfiles/meets/documents/2810/orinda-senior-open-sc.htm (retrieved via browser 2026-09-02, checksum-verified)",invitational,"place 116; hytek tags SCY; seed from official results; meet ran 2025-10-18 to 2025-10-19, event day not stated; senior open field includes ages outside 15-18 by design"
S116,2025_ORINDA_SC_SENIOR_OPEN_OCT,Orinda Aquatics SCY Senior Open Meet (October),2025-10-18,16.0,M,200 FR,SCY,timed_final,,1:58.23,26.07,55.50,1:26.71,1:58.23,"Official Hy-Tek results, Orinda Aquatics SCY Senior Open 10/18-19/2025, Men 200 Yard Freestyle, https://www.pacswim.org/userfiles/meets/documents/2810/orinda-senior-open-sc.htm (retrieved via browser 2026-09-02, checksum-verified)",invitational,"place 117; hytek tags SCY; seed from official results; meet ran 2025-10-18 to 2025-10-19, event day not stated; senior open field includes ages outside 15-18 by design"
S117,2025_ORINDA_SC_SENIOR_OPEN_OCT,Orinda Aquatics SCY Senior Open Meet (October),2025-10-18,17.0,M,200 FR,SCY,timed_final,,1:58.25,27.03,56.85,1:27.52,1:58.25,"Official Hy-Tek results, Orinda Aquatics SCY Senior Open 10/18-19/2025, Men 200 Yard Freestyle, https://www.pacswim.org/userfiles/meets/documents/2810/orinda-senior-open-sc.htm (retrieved via browser 2026-09-02, checksum-verified)",invitational,"place 118; hytek tags SCY; seed from official results; meet ran 2025-10-18 to 2025-10-19, event day not stated; senior open field includes ages outside 15-18 by design"
S118,2025_ORINDA_SC_SENIOR_OPEN_OCT,Orinda Aquatics SCY Senior Open Meet (October),2025-10-18,17.0,M,200 FR,SCY,timed_final,,1:58.27,27.27,57.49,1:28.43,1:58.27,"Official Hy-Tek results, Orinda Aquatics SCY Senior Open 10/18-19/2025, Men 200 Yard Freestyle, https://www.pacswim.org/userfiles/meets/documents/2810/orinda-senior-open-sc.htm (retrieved via browser 2026-09-02, checksum-verified)",invitational,"place 119; hytek tags SCY; seed from official results; meet ran 2025-10-18 to 2025-10-19, event day not stated; senior open field includes ages outside 15-18 by design"
S119,2025_ORINDA_SC_SENIOR_OPEN_OCT,Orinda Aquatics SCY Senior Open Meet (October),2025-10-18,14.0,M,200 FR,SCY,timed_final,,1:58.42,27.33,57.13,1:27.78,1:58.42,"Official Hy-Tek results, Orinda Aquatics SCY Senior Open 10/18-19/2025, Men 200 Yard Freestyle, https://www.pacswim.org/userfiles/meets/documents/2810/orinda-senior-open-sc.htm (retrieved via browser 2026-09-02, checksum-verified)",invitational,"place 120; hytek tags SCY; seed from official results; meet ran 2025-10-18 to 2025-10-19, event day not stated; senior open field includes ages outside 15-18 by design"
S120,2025_ORINDA_SC_SENIOR_OPEN_OCT,Orinda Aquatics SCY Senior Open Meet (October),2025-10-18,16.0,M,200 FR,SCY,timed_final,,1:58.45,27.69,57.37,1:27.74,1:58.45,"Official Hy-Tek results, Orinda Aquatics SCY Senior Open 10/18-19/2025, Men 200 Yard Freestyle, https://www.pacswim.org/userfiles/meets/documents/2810/orinda-senior-open-sc.htm (retrieved via browser 2026-09-02, checksum-verified)",invitational,"place 121; hytek tags SCY; seed from official results; meet ran 2025-10-18 to 2025-10-19, event day not stated; senior open field includes ages outside 15-18 by design"
S121,2025_ORINDA_SC_SENIOR_OPEN_OCT,Orinda Aquatics SCY Senior Open Meet (October),2025-10-18,17.0,M,200 FR,SCY,timed_final,,1:58.60,26.96,56.88,1:28.10,1:58.60,"Official Hy-Tek results, Orinda Aquatics SCY Senior Open 10/18-19/2025, Men 200 Yard Freestyle, https://www.pacswim.org/userfiles/meets/documents/2810/orinda-senior-open-sc.htm (retrieved via browser 2026-09-02, checksum-verified)",invitational,"place 122; hytek tags SCY; seed from official results; meet ran 2025-10-18 to 2025-10-19, event day not stated; senior open field includes ages outside 15-18 by design"
S122,2025_ORINDA_SC_SENIOR_OPEN_OCT,Orinda Aquatics SCY Senior Open Meet (October),2025-10-18,16.0,M,200 FR,SCY,timed_final,,1:58.87,26.11,57.24,1:28.34,1:58.87,"Official Hy-Tek results, Orinda Aquatics SCY Senior Open 10/18-19/2025, Men 200 Yard Freestyle, https://www.pacswim.org/userfiles/meets/documents/2810/orinda-senior-open-sc.htm (retrieved via browser 2026-09-02, checksum-verified)",invitational,"place 123; hytek tags SCY; seed from official results; meet ran 2025-10-18 to 2025-10-19, event day not stated; senior open field includes ages outside 15-18 by design"
S547,2025_ORINDA_SC_SENIOR_OPEN_OCT,Orinda Aquatics SCY Senior Open Meet (October),2025-10-18,14.0,M,200 FR,SCY,timed_final,,1:59.04,27.76,57.50,1:28.22,1:59.04,"Official Hy-Tek results, Orinda Aquatics SCY Senior Open 10/18-19/2025, Men 200 Yard Freestyle, https://www.pacswim.org/userfiles/meets/documents/2810/orinda-senior-open-sc.htm (retrieved via browser 2026-09-02, checksum-verified)",invitational,"place 124; hytek tags SCY; seed from official results; meet ran 2025-10-18 to 2025-10-19, event day not stated; senior open field includes ages outside 15-18 by design"
S124,2025_ORINDA_SC_SENIOR_OPEN_OCT,Orinda Aquatics SCY Senior Open Meet (October),2025-10-18,14.0,M,200 FR,SCY,timed_final,,1:59.09,27.64,57.76,1:28.92,1:59.09,"Official Hy-Tek results, Orinda Aquatics SCY Senior Open 10/18-19/2025, Men 200 Yard Freestyle, https://www.pacswim.org/userfiles/meets/documents/2810/orinda-senior-open-sc.htm (retrieved via browser 2026-09-02, checksum-verified)",invitational,"place 125; hytek tags SCY; seed from official results; meet ran 2025-10-18 to 2025-10-19, event day not stated; senior open field includes ages outside 15-18 by design"
S125,2025_ORINDA_SC_SENIOR_OPEN_OCT,Orinda Aquatics SCY Senior Open Meet (October),2025-10-18,16.0,M,200 FR,SCY,timed_final,,1:59.30,27.12,57.61,1:28.95,1:59.30,"Official Hy-Tek results, Orinda Aquatics SCY Senior Open 10/18-19/2025, Men 200 Yard Freestyle, https://www.pacswim.org/userfiles/meets/documents/2810/orinda-senior-open-sc.htm (retrieved via browser 2026-09-02, checksum-verified)",invitational,"place 126; hytek tags SCY; seed from official results; meet ran 2025-10-18 to 2025-10-19, event day not stated; senior open field includes ages outside 15-18 by design"
S126,2025_ORINDA_SC_SENIOR_OPEN_OCT,Orinda Aquatics SCY Senior Open Meet (October),2025-10-18,16.0,M,200 FR,SCY,timed_final,,1:59.42,27.02,57.07,1:27.82,1:59.42,"Official Hy-Tek results, Orinda Aquatics SCY Senior Open 10/18-19/2025, Men 200 Yard Freestyle, https://www.pacswim.org/userfiles/meets/documents/2810/orinda-senior-open-sc.htm (retrieved via browser 2026-09-02, checksum-verified)",invitational,"place 127; hytek tags SCY; seed from official results; meet ran 2025-10-18 to 2025-10-19, event day not stated; senior open field includes ages outside 15-18 by design"
S127,2025_ORINDA_SC_SENIOR_OPEN_OCT,Orinda Aquatics SCY Senior Open Meet (October),2025-10-18,13.0,M,200 FR,SCY,timed_final,,1:59.50,27.51,57.51,1:28.96,1:59.50,"Official Hy-Tek results, Orinda Aquatics SCY Senior Open 10/18-19/2025, Men 200 Yard Freestyle, https://www.pacswim.org/userfiles/meets/documents/2810/orinda-senior-open-sc.htm (retrieved via browser 2026-09-02, checksum-verified)",invitational,"place 128; hytek tags SCY; seed from official results; meet ran 2025-10-18 to 2025-10-19, event day not stated; senior open field includes ages outside 15-18 by design"
S548,2025_ORINDA_SC_SENIOR_OPEN_OCT,Orinda Aquatics SCY Senior Open Meet (October),2025-10-18,14.0,M,200 FR,SCY,timed_final,,1:59.68,27.33,57.40,1:28.72,1:59.68,"Official Hy-Tek results, Orinda Aquatics SCY Senior Open 10/18-19/2025, Men 200 Yard Freestyle, https://www.pacswim.org/userfiles/meets/documents/2810/orinda-senior-open-sc.htm (retrieved via browser 2026-09-02, checksum-verified)",invitational,"place 129; hytek tags SCY; seed from official results; meet ran 2025-10-18 to 2025-10-19, event day not stated; senior open field includes ages outside 15-18 by design"
S549,2025_ORINDA_SC_SENIOR_OPEN_OCT,Orinda Aquatics SCY Senior Open Meet (October),2025-10-18,16.0,M,200 FR,SCY,timed_final,,1:59.71,26.68,56.64,1:28.04,1:59.71,"Official Hy-Tek results, Orinda Aquatics SCY Senior Open 10/18-19/2025, Men 200 Yard Freestyle, https://www.pacswim.org/userfiles/meets/documents/2810/orinda-senior-open-sc.htm (retrieved via browser 2026-09-02, checksum-verified)",invitational,"place 130; hytek tags SCY; seed from official results; meet ran 2025-10-18 to 2025-10-19, event day not stated; senior open field includes ages outside 15-18 by design"
S130,2025_ORINDA_SC_SENIOR_OPEN_OCT,Orinda Aquatics SCY Senior Open Meet (October),2025-10-18,18.0,M,200 FR,SCY,timed_final,,1:59.77,26.99,57.32,1:28.64,1:59.77,"Official Hy-Tek results, Orinda Aquatics SCY Senior Open 10/18-19/2025, Men 200 Yard Freestyle, https://www.pacswim.org/userfiles/meets/documents/2810/orinda-senior-open-sc.htm (retrieved via browser 2026-09-02, checksum-verified)",invitational,"place 131; hytek tags SCY; seed from official results; meet ran 2025-10-18 to 2025-10-19, event day not stated; senior open field includes ages outside 15-18 by design"
S550,2025_ORINDA_SC_SENIOR_OPEN_OCT,Orinda Aquatics SCY Senior Open Meet (October),2025-10-18,16.0,M,200 FR,SCY,timed_final,,1:59.96,27.65,58.22,1:29.21,1:59.96,"Official Hy-Tek results, Orinda Aquatics SCY Senior Open 10/18-19/2025, Men 200 Yard Freestyle, https://www.pacswim.org/userfiles/meets/documents/2810/orinda-senior-open-sc.htm (retrieved via browser 2026-09-02, checksum-verified)",invitational,"place 132; hytek tags SCY; seed from official results; meet ran 2025-10-18 to 2025-10-19, event day not stated; senior open field includes ages outside 15-18 by design"
S132,2025_ORINDA_SC_SENIOR_OPEN_OCT,Orinda Aquatics SCY Senior Open Meet (October),2025-10-18,16.0,M,200 FR,SCY,timed_final,,2:00.13,27.21,57.65,1:28.56,2:00.13,"Official Hy-Tek results, Orinda Aquatics SCY Senior Open 10/18-19/2025, Men 200 Yard Freestyle, https://www.pacswim.org/userfiles/meets/documents/2810/orinda-senior-open-sc.htm (retrieved via browser 2026-09-02, checksum-verified)",invitational,"place 133; hytek tags SCY; seed from official results; meet ran 2025-10-18 to 2025-10-19, event day not stated; senior open field includes ages outside 15-18 by design"
S133,2025_ORINDA_SC_SENIOR_OPEN_OCT,Orinda Aquatics SCY Senior Open Meet (October),2025-10-18,13.0,M,200 FR,SCY,timed_final,,2:00.15,27.27,57.17,1:28.88,2:00.15,"Official Hy-Tek results, Orinda Aquatics SCY Senior Open 10/18-19/2025, Men 200 Yard Freestyle, https://www.pacswim.org/userfiles/meets/documents/2810/orinda-senior-open-sc.htm (retrieved via browser 2026-09-02, checksum-verified)",invitational,"place 134; hytek tags SCY; seed from official results; meet ran 2025-10-18 to 2025-10-19, event day not stated; senior open field includes ages outside 15-18 by design"
S134,2025_ORINDA_SC_SENIOR_OPEN_OCT,Orinda Aquatics SCY Senior Open Meet (October),2025-10-18,15.0,M,200 FR,SCY,timed_final,,2:00.26,28.35,58.54,1:29.78,2:00.26,"Official Hy-Tek results, Orinda Aquatics SCY Senior Open 10/18-19/2025, Men 200 Yard Freestyle, https://www.pacswim.org/userfiles/meets/documents/2810/orinda-senior-open-sc.htm (retrieved via browser 2026-09-02, checksum-verified)",invitational,"place 135; hytek tags SCY; seed from official results; meet ran 2025-10-18 to 2025-10-19, event day not stated; senior open field includes ages outside 15-18 by design"
S135,2025_ORINDA_SC_SENIOR_OPEN_OCT,Orinda Aquatics SCY Senior Open Meet (October),2025-10-18,16.0,M,200 FR,SCY,timed_final,,2:01.00,27.76,58.97,1:30.71,2:01.00,"Official Hy-Tek results, Orinda Aquatics SCY Senior Open 10/18-19/2025, Men 200 Yard Freestyle, https://www.pacswim.org/userfiles/meets/documents/2810/orinda-senior-open-sc.htm (retrieved via browser 2026-09-02, checksum-verified)",invitational,"place 136; hytek tags SCY; seed from official results; meet ran 2025-10-18 to 2025-10-19, event day not stated; senior open field includes ages outside 15-18 by design"
S136,2025_ORINDA_SC_SENIOR_OPEN_OCT,Orinda Aquatics SCY Senior Open Meet (October),2025-10-18,17.0,M,200 FR,SCY,timed_final,,2:01.21,27.69,58.33,1:29.78,2:01.21,"Official Hy-Tek results, Orinda Aquatics SCY Senior Open 10/18-19/2025, Men 200 Yard Freestyle, https://www.pacswim.org/userfiles/meets/documents/2810/orinda-senior-open-sc.htm (retrieved via browser 2026-09-02, checksum-verified)",invitational,"place 137; hytek tags SCY; seed from official results; meet ran 2025-10-18 to 2025-10-19, event day not stated; senior open field includes ages outside 15-18 by design"
S137,2025_ORINDA_SC_SENIOR_OPEN_OCT,Orinda Aquatics SCY Senior Open Meet (October),2025-10-18,13.0,M,200 FR,SCY,timed_final,,2:01.52,27.94,58.54,1:30.43,2:01.52,"Official Hy-Tek results, Orinda Aquatics SCY Senior Open 10/18-19/2025, Men 200 Yard Freestyle, https://www.pacswim.org/userfiles/meets/documents/2810/orinda-senior-open-sc.htm (retrieved via browser 2026-09-02, checksum-verified)",invitational,"place 138; hytek tags SCY; seed from official results; meet ran 2025-10-18 to 2025-10-19, event day not stated; senior open field includes ages outside 15-18 by design"
S138,2025_ORINDA_SC_SENIOR_OPEN_OCT,Orinda Aquatics SCY Senior Open Meet (October),2025-10-18,15.0,M,200 FR,SCY,timed_final,,2:01.62,27.38,58.09,1:30.10,2:01.62,"Official Hy-Tek results, Orinda Aquatics SCY Senior Open 10/18-19/2025, Men 200 Yard Freestyle, https://www.pacswim.org/userfiles/meets/documents/2810/orinda-senior-open-sc.htm (retrieved via browser 2026-09-02, checksum-verified)",invitational,"place 139; hytek tags SCY; seed from official results; meet ran 2025-10-18 to 2025-10-19, event day not stated; senior open field includes ages outside 15-18 by design"
S139,2025_ORINDA_SC_SENIOR_OPEN_OCT,Orinda Aquatics SCY Senior Open Meet (October),2025-10-18,16.0,M,200 FR,SCY,timed_final,,2:02.14,27.62,57.47,1:29.63,2:02.14,"Official Hy-Tek results, Orinda Aquatics SCY Senior Open 10/18-19/2025, Men 200 Yard Freestyle, https://www.pacswim.org/userfiles/meets/documents/2810/orinda-senior-open-sc.htm (retrieved via browser 2026-09-02, checksum-verified)",invitational,"place 140; hytek tags SCY; seed from official results; meet ran 2025-10-18 to 2025-10-19, event day not stated; senior open field includes ages outside 15-18 by design"
S140,2025_ORINDA_SC_SENIOR_OPEN_OCT,Orinda Aquatics SCY Senior Open Meet (October),2025-10-18,13.0,M,200 FR,SCY,timed_final,,2:02.18,28.46,59.59,1:31.39,2:02.18,"Official Hy-Tek results, Orinda Aquatics SCY Senior Open 10/18-19/2025, Men 200 Yard Freestyle, https://www.pacswim.org/userfiles/meets/documents/2810/orinda-senior-open-sc.htm (retrieved via browser 2026-09-02, checksum-verified)",invitational,"place 141; hytek tags SCY; seed from official results; meet ran 2025-10-18 to 2025-10-19, event day not stated; senior open field includes ages outside 15-18 by design"
S141,2025_ORINDA_SC_SENIOR_OPEN_OCT,Orinda Aquatics SCY Senior Open Meet (October),2025-10-18,16.0,M,200 FR,SCY,timed_final,,2:02.30,26.83,57.39,1:29.54,2:02.30,"Official Hy-Tek results, Orinda Aquatics SCY Senior Open 10/18-19/2025, Men 200 Yard Freestyle, https://www.pacswim.org/userfiles/meets/documents/2810/orinda-senior-open-sc.htm (retrieved via browser 2026-09-02, checksum-verified)",invitational,"place 142; hytek tags SCY; seed from official results; meet ran 2025-10-18 to 2025-10-19, event day not stated; senior open field includes ages outside 15-18 by design"
S142,2025_ORINDA_SC_SENIOR_OPEN_OCT,Orinda Aquatics SCY Senior Open Meet (October),2025-10-18,17.0,M,200 FR,SCY,timed_final,,2:03.14,27.78,58.56,1:30.73,2:03.14,"Official Hy-Tek results, Orinda Aquatics SCY Senior Open 10/18-19/2025, Men 200 Yard Freestyle, https://www.pacswim.org/userfiles/meets/documents/2810/orinda-senior-open-sc.htm (retrieved via browser 2026-09-02, checksum-verified)",invitational,"place 143; hytek tags SCY; seed from official results; meet ran 2025-10-18 to 2025-10-19, event day not stated; senior open field includes ages outside 15-18 by design"
S143,2025_ORINDA_SC_SENIOR_OPEN_OCT,Orinda Aquatics SCY Senior Open Meet (October),2025-10-18,17.0,M,200 FR,SCY,timed_final,,2:03.15,27.87,58.74,1:30.74,2:03.15,"Official Hy-Tek results, Orinda Aquatics SCY Senior Open 10/18-19/2025, Men 200 Yard Freestyle, https://www.pacswim.org/userfiles/meets/documents/2810/orinda-senior-open-sc.htm (retrieved via browser 2026-09-02, checksum-verified)",invitational,"place 144; hytek tags SCY; seed from official results; meet ran 2025-10-18 to 2025-10-19, event day not stated; senior open field includes ages outside 15-18 by design"
S144,2025_ORINDA_SC_SENIOR_OPEN_OCT,Orinda Aquatics SCY Senior Open Meet (October),2025-10-18,14.0,M,200 FR,SCY,timed_final,,2:03.51,27.27,59.20,1:31.66,2:03.51,"Official Hy-Tek results, Orinda Aquatics SCY Senior Open 10/18-19/2025, Men 200 Yard Freestyle, https://www.pacswim.org/userfiles/meets/documents/2810/orinda-senior-open-sc.htm (retrieved via browser 2026-09-02, checksum-verified)",invitational,"place 145; hytek tags SCY; seed from official results; meet ran 2025-10-18 to 2025-10-19, event day not stated; senior open field includes ages outside 15-18 by design"
S145,2025_ORINDA_SC_SENIOR_OPEN_OCT,Orinda Aquatics SCY Senior Open Meet (October),2025-10-18,13.0,M,200 FR,SCY,timed_final,,2:03.74,28.14,59.79,1:32.08,2:03.74,"Official Hy-Tek results, Orinda Aquatics SCY Senior Open 10/18-19/2025, Men 200 Yard Freestyle, https://www.pacswim.org/userfiles/meets/documents/2810/orinda-senior-open-sc.htm (retrieved via browser 2026-09-02, checksum-verified)",invitational,"place 146; hytek tags SCY; seed from official results; meet ran 2025-10-18 to 2025-10-19, event day not stated; senior open field includes ages outside 15-18 by design"
S440,2025_ORINDA_SC_SENIOR_OPEN_OCT,Orinda Aquatics SCY Senior Open Meet (October),2025-10-18,16.0,M,200 FR,SCY,timed_final,,2:03.81,26.8,58.40,1:30.83,2:03.81,"Official Hy-Tek results, Orinda Aquatics SCY Senior Open 10/18-19/2025, Men 200 Yard Freestyle, https://www.pacswim.org/userfiles/meets/documents/2810/orinda-senior-open-sc.htm (retrieved via browser 2026-09-02, checksum-verified)",invitational,"place 147; hytek tags SCY; seed from official results; meet ran 2025-10-18 to 2025-10-19, event day not stated; senior open field includes ages outside 15-18 by design"
S147,2025_ORINDA_SC_SENIOR_OPEN_OCT,Orinda Aquatics SCY Senior Open Meet (October),2025-10-18,13.0,M,200 FR,SCY,timed_final,,2:03.95,28.43,59.90,1:32.10,2:03.95,"Official Hy-Tek results, Orinda Aquatics SCY Senior Open 10/18-19/2025, Men 200 Yard Freestyle, https://www.pacswim.org/userfiles/meets/documents/2810/orinda-senior-open-sc.htm (retrieved via browser 2026-09-02, checksum-verified)",invitational,"place 148; hytek tags SCY; seed from official results; meet ran 2025-10-18 to 2025-10-19, event day not stated; senior open field includes ages outside 15-18 by design"
S551,2025_ORINDA_SC_SENIOR_OPEN_OCT,Orinda Aquatics SCY Senior Open Meet (October),2025-10-18,16.0,M,200 FR,SCY,timed_final,,2:04.18,26.71,56.89,1:29.86,2:04.18,"Official Hy-Tek results, Orinda Aquatics SCY Senior Open 10/18-19/2025, Men 200 Yard Freestyle, https://www.pacswim.org/userfiles/meets/documents/2810/orinda-senior-open-sc.htm (retrieved via browser 2026-09-02, checksum-verified)",invitational,"place 149; hytek tags SCY; seed from official results; meet ran 2025-10-18 to 2025-10-19, event day not stated; senior open field includes ages outside 15-18 by design"
S149,2025_ORINDA_SC_SENIOR_OPEN_OCT,Orinda Aquatics SCY Senior Open Meet (October),2025-10-18,14.0,M,200 FR,SCY,timed_final,,2:04.33,28.56,59.26,1:31.20,2:04.33,"Official Hy-Tek results, Orinda Aquatics SCY Senior Open 10/18-19/2025, Men 200 Yard Freestyle, https://www.pacswim.org/userfiles/meets/documents/2810/orinda-senior-open-sc.htm (retrieved via browser 2026-09-02, checksum-verified)",invitational,"place 150; hytek tags SCY; seed from official results; meet ran 2025-10-18 to 2025-10-19, event day not stated; senior open field includes ages outside 15-18 by design"
S150,2025_ORINDA_SC_SENIOR_OPEN_OCT,Orinda Aquatics SCY Senior Open Meet (October),2025-10-18,16.0,M,200 FR,SCY,timed_final,,2:04.58,28.66,1:00.72,1:32.58,2:04.58,"Official Hy-Tek results, Orinda Aquatics SCY Senior Open 10/18-19/2025, Men 200 Yard Freestyle, https://www.pacswim.org/userfiles/meets/documents/2810/orinda-senior-open-sc.htm (retrieved via browser 2026-09-02, checksum-verified)",invitational,"place 151; hytek tags SCY; seed from official results; meet ran 2025-10-18 to 2025-10-19, event day not stated; senior open field includes ages outside 15-18 by design"
S151,2025_ORINDA_SC_SENIOR_OPEN_OCT,Orinda Aquatics SCY Senior Open Meet (October),2025-10-18,15.0,M,200 FR,SCY,timed_final,,2:04.66,27.75,59.20,1:31.52,2:04.66,"Official Hy-Tek results, Orinda Aquatics SCY Senior Open 10/18-19/2025, Men 200 Yard Freestyle, https://www.pacswim.org/userfiles/meets/documents/2810/orinda-senior-open-sc.htm (retrieved via browser 2026-09-02, checksum-verified)",invitational,"place 152; hytek tags SCY; seed from official results; meet ran 2025-10-18 to 2025-10-19, event day not stated; senior open field includes ages outside 15-18 by design"
S152,2025_ORINDA_SC_SENIOR_OPEN_OCT,Orinda Aquatics SCY Senior Open Meet (October),2025-10-18,16.0,M,200 FR,SCY,timed_final,,2:04.68,28.28,59.82,1:32.30,2:04.68,"Official Hy-Tek results, Orinda Aquatics SCY Senior Open 10/18-19/2025, Men 200 Yard Freestyle, https://www.pacswim.org/userfiles/meets/documents/2810/orinda-senior-open-sc.htm (retrieved via browser 2026-09-02, checksum-verified)",invitational,"place 153; hytek tags SCY; seed from official results; meet ran 2025-10-18 to 2025-10-19, event day not stated; senior open field includes ages outside 15-18 by design"
S153,2025_ORINDA_SC_SENIOR_OPEN_OCT,Orinda Aquatics SCY Senior Open Meet (October),2025-10-18,15.0,M,200 FR,SCY,timed_final,,2:04.92,27.11,57.64,1:30.54,2:04.92,"Official Hy-Tek results, Orinda Aquatics SCY Senior Open 10/18-19/2025, Men 200 Yard Freestyle, https://www.pacswim.org/userfiles/meets/documents/2810/orinda-senior-open-sc.htm (retrieved via browser 2026-09-02, checksum-verified)",invitational,"place 154; hytek tags SCY; seed from official results; meet ran 2025-10-18 to 2025-10-19, event day not stated; senior open field includes ages outside 15-18 by design"
S154,2025_ORINDA_SC_SENIOR_OPEN_OCT,Orinda Aquatics SCY Senior Open Meet (October),2025-10-18,17.0,M,200 FR,SCY,timed_final,,2:04.93,28.71,59.93,1:32.34,2:04.93,"Official Hy-Tek results, Orinda Aquatics SCY Senior Open 10/18-19/2025, Men 200 Yard Freestyle, https://www.pacswim.org/userfiles/meets/documents/2810/orinda-senior-open-sc.htm (retrieved via browser 2026-09-02, checksum-verified)",invitational,"place 155; hytek tags SCY; seed from official results; meet ran 2025-10-18 to 2025-10-19, event day not stated; senior open field includes ages outside 15-18 by design"
S155,2025_ORINDA_SC_SENIOR_OPEN_OCT,Orinda Aquatics SCY Senior Open Meet (October),2025-10-18,13.0,M,200 FR,SCY,timed_final,,2:05.44,29.24,1:00.87,1:33.28,2:05.44,"Official Hy-Tek results, Orinda Aquatics SCY Senior Open 10/18-19/2025, Men 200 Yard Freestyle, https://www.pacswim.org/userfiles/meets/documents/2810/orinda-senior-open-sc.htm (retrieved via browser 2026-09-02, checksum-verified)",invitational,"place 156; hytek tags SCY; seed from official results; meet ran 2025-10-18 to 2025-10-19, event day not stated; senior open field includes ages outside 15-18 by design"
S156,2025_ORINDA_SC_SENIOR_OPEN_OCT,Orinda Aquatics SCY Senior Open Meet (October),2025-10-18,15.0,M,200 FR,SCY,timed_final,,2:06.00,28.99,1:01.05,1:33.57,2:06.00,"Official Hy-Tek results, Orinda Aquatics SCY Senior Open 10/18-19/2025, Men 200 Yard Freestyle, https://www.pacswim.org/userfiles/meets/documents/2810/orinda-senior-open-sc.htm (retrieved via browser 2026-09-02, checksum-verified)",invitational,"place 157; hytek tags SCY; seed from official results; meet ran 2025-10-18 to 2025-10-19, event day not stated; senior open field includes ages outside 15-18 by design"
S552,2025_ORINDA_SC_SENIOR_OPEN_OCT,Orinda Aquatics SCY Senior Open Meet (October),2025-10-18,13.0,M,200 FR,SCY,timed_final,,2:06.81,28.04,59.71,1:33.58,2:06.81,"Official Hy-Tek results, Orinda Aquatics SCY Senior Open 10/18-19/2025, Men 200 Yard Freestyle, https://www.pacswim.org/userfiles/meets/documents/2810/orinda-senior-open-sc.htm (retrieved via browser 2026-09-02, checksum-verified)",invitational,"place 158; hytek tags LCM; seed from official results; meet ran 2025-10-18 to 2025-10-19, event day not stated; senior open field includes ages outside 15-18 by design"
S158,2025_ORINDA_SC_SENIOR_OPEN_OCT,Orinda Aquatics SCY Senior Open Meet (October),2025-10-18,14.0,M,200 FR,SCY,timed_final,,2:07.02,28.07,1:00.20,1:33.89,2:07.02,"Official Hy-Tek results, Orinda Aquatics SCY Senior Open 10/18-19/2025, Men 200 Yard Freestyle, https://www.pacswim.org/userfiles/meets/documents/2810/orinda-senior-open-sc.htm (retrieved via browser 2026-09-02, checksum-verified)",invitational,"place 159; hytek tags LCM; seed from official results; meet ran 2025-10-18 to 2025-10-19, event day not stated; senior open field includes ages outside 15-18 by design"
S159,2025_ORINDA_SC_SENIOR_OPEN_OCT,Orinda Aquatics SCY Senior Open Meet (October),2025-10-18,15.0,M,200 FR,SCY,timed_final,,2:07.66,28.34,59.93,1:33.64,2:07.66,"Official Hy-Tek results, Orinda Aquatics SCY Senior Open 10/18-19/2025, Men 200 Yard Freestyle, https://www.pacswim.org/userfiles/meets/documents/2810/orinda-senior-open-sc.htm (retrieved via browser 2026-09-02, checksum-verified)",invitational,"place 160; hytek tags LCM; seed from official results; meet ran 2025-10-18 to 2025-10-19, event day not stated; senior open field includes ages outside 15-18 by design"
S160,2025_ORINDA_SC_SENIOR_OPEN_OCT,Orinda Aquatics SCY Senior Open Meet (October),2025-10-18,19.0,M,200 FR,SCY,timed_final,,2:08.50,20.69,1:02.36,1:36.89,2:08.50,"Official Hy-Tek results, Orinda Aquatics SCY Senior Open 10/18-19/2025, Men 200 Yard Freestyle, https://www.pacswim.org/userfiles/meets/documents/2810/orinda-senior-open-sc.htm (retrieved via browser 2026-09-02, checksum-verified)",invitational,"place 161; hytek tags LCM; seed from official results; meet ran 2025-10-18 to 2025-10-19, event day not stated; senior open field includes ages outside 15-18 by design"
S161,2025_ORINDA_SC_SENIOR_OPEN_OCT,Orinda Aquatics SCY Senior Open Meet (October),2025-10-18,13.0,M,200 FR,SCY,timed_final,,2:08.82,29.01,1:01.25,1:34.83,2:08.82,"Official Hy-Tek results, Orinda Aquatics SCY Senior Open 10/18-19/2025, Men 200 Yard Freestyle, https://www.pacswim.org/userfiles/meets/documents/2810/orinda-senior-open-sc.htm (retrieved via browser 2026-09-02, checksum-verified)",invitational,"place 162; hytek tags LCM; seed from official results; meet ran 2025-10-18 to 2025-10-19, event day not stated; senior open field includes ages outside 15-18 by design"
S162,2025_ORINDA_SC_SENIOR_OPEN_OCT,Orinda Aquatics SCY Senior Open Meet (October),2025-10-18,16.0,M,200 FR,SCY,timed_final,,2:10.86,28.32,1:01.07,1:35.38,2:10.86,"Official Hy-Tek results, Orinda Aquatics SCY Senior Open 10/18-19/2025, Men 200 Yard Freestyle, https://www.pacswim.org/userfiles/meets/documents/2810/orinda-senior-open-sc.htm (retrieved via browser 2026-09-02, checksum-verified)",invitational,"place 163; hytek tags LCM; seed from official results; meet ran 2025-10-18 to 2025-10-19, event day not stated; senior open field includes ages outside 15-18 by design"
S553,2025_BAC_SPOOKY_FALL,TYR-BAC Spooky Fall Classic,2025-10-25,16.0,M,200 FR,SCY,timed_final,,1:40.81,23.8,48.92,1:14.90,1:40.81,"Official Hy-Tek results, TYR-BAC Spooky Fall Classic 10/25-26/2025, Boys 11 & Over 200 Yard Freestyle, https://www.pacswim.org/userfiles/meets/documents/2945/bac-results.htm (retrieved via browser 2026-09-02, checksum-verified)",invitational,"place 1; hytek tags none; seed from official results; meet ran 2025-10-25 to 2025-10-26, event day not stated; 11 & Over age-group event, ages 11-19 present; one entry has a broken split line in the official file and enters final-time only"
S454,2025_BAC_SPOOKY_FALL,TYR-BAC Spooky Fall Classic,2025-10-25,18.0,M,200 FR,SCY,timed_final,,1:41.41,23.82,49.50,1:15.20,1:41.41,"Official Hy-Tek results, TYR-BAC Spooky Fall Classic 10/25-26/2025, Boys 11 & Over 200 Yard Freestyle, https://www.pacswim.org/userfiles/meets/documents/2945/bac-results.htm (retrieved via browser 2026-09-02, checksum-verified)",invitational,"place 2; hytek tags none; seed from official results; meet ran 2025-10-25 to 2025-10-26, event day not stated; 11 & Over age-group event, ages 11-19 present; one entry has a broken split line in the official file and enters final-time only"
S554,2025_BAC_SPOOKY_FALL,TYR-BAC Spooky Fall Classic,2025-10-25,16.0,M,200 FR,SCY,timed_final,,1:44.80,23.8,50.02,1:17.04,1:44.80,"Official Hy-Tek results, TYR-BAC Spooky Fall Classic 10/25-26/2025, Boys 11 & Over 200 Yard Freestyle, https://www.pacswim.org/userfiles/meets/documents/2945/bac-results.htm (retrieved via browser 2026-09-02, checksum-verified)",invitational,"place 3; hytek tags none; seed from official results; meet ran 2025-10-25 to 2025-10-26, event day not stated; 11 & Over age-group event, ages 11-19 present; one entry has a broken split line in the official file and enters final-time only"
S179,2025_BAC_SPOOKY_FALL,TYR-BAC Spooky Fall Classic,2025-10-25,16.0,M,200 FR,SCY,timed_final,,1:47.88,25.17,52.23,1:20.20,1:47.88,"Official Hy-Tek results, TYR-BAC Spooky Fall Classic 10/25-26/2025, Boys 11 & Over 200 Yard Freestyle, https://www.pacswim.org/userfiles/meets/documents/2945/bac-results.htm (retrieved via browser 2026-09-02, checksum-verified)",invitational,"place 4; hytek tags none; seed from official results; meet ran 2025-10-25 to 2025-10-26, event day not stated; 11 & Over age-group event, ages 11-19 present; one entry has a broken split line in the official file and enters final-time only"
S555,2025_BAC_SPOOKY_FALL,TYR-BAC Spooky Fall Classic,2025-10-25,17.0,M,200 FR,SCY,timed_final,,1:48.34,24.2,51.11,1:19.54,1:48.34,"Official Hy-Tek results, TYR-BAC Spooky Fall Classic 10/25-26/2025, Boys 11 & Over 200 Yard Freestyle, https://www.pacswim.org/userfiles/meets/documents/2945/bac-results.htm (retrieved via browser 2026-09-02, checksum-verified)",invitational,"place 5; hytek tags none; seed from official results; meet ran 2025-10-25 to 2025-10-26, event day not stated; 11 & Over age-group event, ages 11-19 present; one entry has a broken split line in the official file and enters final-time only"
S178,2025_BAC_SPOOKY_FALL,TYR-BAC Spooky Fall Classic,2025-10-25,17.0,M,200 FR,SCY,timed_final,,1:49.14,24.85,52.55,1:21.18,1:49.14,"Official Hy-Tek results, TYR-BAC Spooky Fall Classic 10/25-26/2025, Boys 11 & Over 200 Yard Freestyle, https://www.pacswim.org/userfiles/meets/documents/2945/bac-results.htm (retrieved via browser 2026-09-02, checksum-verified)",invitational,"place 6; hytek tags none; seed from official results; meet ran 2025-10-25 to 2025-10-26, event day not stated; 11 & Over age-group event, ages 11-19 present; one entry has a broken split line in the official file and enters final-time only"
S556,2025_BAC_SPOOKY_FALL,TYR-BAC Spooky Fall Classic,2025-10-25,17.0,M,200 FR,SCY,timed_final,,1:49.48,25.08,52.67,1:21.33,1:49.48,"Official Hy-Tek results, TYR-BAC Spooky Fall Classic 10/25-26/2025, Boys 11 & Over 200 Yard Freestyle, https://www.pacswim.org/userfiles/meets/documents/2945/bac-results.htm (retrieved via browser 2026-09-02, checksum-verified)",invitational,"place 7; hytek tags none; seed from official results; meet ran 2025-10-25 to 2025-10-26, event day not stated; 11 & Over age-group event, ages 11-19 present; one entry has a broken split line in the official file and enters final-time only"
S196,2025_BAC_SPOOKY_FALL,TYR-BAC Spooky Fall Classic,2025-10-25,14.0,M,200 FR,SCY,timed_final,,1:50.96,25.94,53.61,1:22.07,1:50.96,"Official Hy-Tek results, TYR-BAC Spooky Fall Classic 10/25-26/2025, Boys 11 & Over 200 Yard Freestyle, https://www.pacswim.org/userfiles/meets/documents/2945/bac-results.htm (retrieved via browser 2026-09-02, checksum-verified)",invitational,"place 8; hytek tags none; seed from official results; meet ran 2025-10-25 to 2025-10-26, event day not stated; 11 & Over age-group event, ages 11-19 present; one entry has a broken split line in the official file and enters final-time only"
S284,2025_BAC_SPOOKY_FALL,TYR-BAC Spooky Fall Classic,2025-10-25,14.0,M,200 FR,SCY,timed_final,,1:51.53,25.28,53.12,1:22.45,1:51.53,"Official Hy-Tek results, TYR-BAC Spooky Fall Classic 10/25-26/2025, Boys 11 & Over 200 Yard Freestyle, https://www.pacswim.org/userfiles/meets/documents/2945/bac-results.htm (retrieved via browser 2026-09-02, checksum-verified)",invitational,"place 9; hytek tags none; seed from official results; meet ran 2025-10-25 to 2025-10-26, event day not stated; 11 & Over age-group event, ages 11-19 present; one entry has a broken split line in the official file and enters final-time only"
S194,2025_BAC_SPOOKY_FALL,TYR-BAC Spooky Fall Classic,2025-10-25,17.0,M,200 FR,SCY,timed_final,,1:51.70,25.79,53.67,1:22.74,1:51.70,"Official Hy-Tek results, TYR-BAC Spooky Fall Classic 10/25-26/2025, Boys 11 & Over 200 Yard Freestyle, https://www.pacswim.org/userfiles/meets/documents/2945/bac-results.htm (retrieved via browser 2026-09-02, checksum-verified)",invitational,"place 10; hytek tags none; seed from official results; meet ran 2025-10-25 to 2025-10-26, event day not stated; 11 & Over age-group event, ages 11-19 present; one entry has a broken split line in the official file and enters final-time only"
S174,2025_BAC_SPOOKY_FALL,TYR-BAC Spooky Fall Classic,2025-10-25,17.0,M,200 FR,SCY,timed_final,,1:51.91,25.36,53.27,1:22.31,1:51.91,"Official Hy-Tek results, TYR-BAC Spooky Fall Classic 10/25-26/2025, Boys 11 & Over 200 Yard Freestyle, https://www.pacswim.org/userfiles/meets/documents/2945/bac-results.htm (retrieved via browser 2026-09-02, checksum-verified)",invitational,"place 11; hytek tags none; seed from official results; meet ran 2025-10-25 to 2025-10-26, event day not stated; 11 & Over age-group event, ages 11-19 present; one entry has a broken split line in the official file and enters final-time only"
S233,2025_BAC_SPOOKY_FALL,TYR-BAC Spooky Fall Classic,2025-10-25,14.0,M,200 FR,SCY,timed_final,,1:53.18,25.89,54.23,1:23.46,1:53.18,"Official Hy-Tek results, TYR-BAC Spooky Fall Classic 10/25-26/2025, Boys 11 & Over 200 Yard Freestyle, https://www.pacswim.org/userfiles/meets/documents/2945/bac-results.htm (retrieved via browser 2026-09-02, checksum-verified)",invitational,"place 12; hytek tags none; seed from official results; meet ran 2025-10-25 to 2025-10-26, event day not stated; 11 & Over age-group event, ages 11-19 present; one entry has a broken split line in the official file and enters final-time only"
S218,2025_BAC_SPOOKY_FALL,TYR-BAC Spooky Fall Classic,2025-10-25,16.0,M,200 FR,SCY,timed_final,,1:54.21,26.38,55.25,1:25.14,1:54.21,"Official Hy-Tek results, TYR-BAC Spooky Fall Classic 10/25-26/2025, Boys 11 & Over 200 Yard Freestyle, https://www.pacswim.org/userfiles/meets/documents/2945/bac-results.htm (retrieved via browser 2026-09-02, checksum-verified)",invitational,"place 13; hytek tags none; seed from official results; meet ran 2025-10-25 to 2025-10-26, event day not stated; 11 & Over age-group event, ages 11-19 present; one entry has a broken split line in the official file and enters final-time only"
S557,2025_BAC_SPOOKY_FALL,TYR-BAC Spooky Fall Classic,2025-10-25,16.0,M,200 FR,SCY,timed_final,,1:54.21,26.03,54.46,1:24.22,1:54.21,"Official Hy-Tek results, TYR-BAC Spooky Fall Classic 10/25-26/2025, Boys 11 & Over 200 Yard Freestyle, https://www.pacswim.org/userfiles/meets/documents/2945/bac-results.htm (retrieved via browser 2026-09-02, checksum-verified)",invitational,"place 13; hytek tags none; seed from official results; meet ran 2025-10-25 to 2025-10-26, event day not stated; 11 & Over age-group event, ages 11-19 present; one entry has a broken split line in the official file and enters final-time only"
S190,2025_BAC_SPOOKY_FALL,TYR-BAC Spooky Fall Classic,2025-10-25,14.0,M,200 FR,SCY,timed_final,,1:55.54,26.08,55.71,1:26.18,1:55.54,"Official Hy-Tek results, TYR-BAC Spooky Fall Classic 10/25-26/2025, Boys 11 & Over 200 Yard Freestyle, https://www.pacswim.org/userfiles/meets/documents/2945/bac-results.htm (retrieved via browser 2026-09-02, checksum-verified)",invitational,"place 15; hytek tags none; seed from official results; meet ran 2025-10-25 to 2025-10-26, event day not stated; 11 & Over age-group event, ages 11-19 present; one entry has a broken split line in the official file and enters final-time only"
S457,2025_BAC_SPOOKY_FALL,TYR-BAC Spooky Fall Classic,2025-10-25,15.0,M,200 FR,SCY,timed_final,,1:55.59,26.19,55.10,1:25.30,1:55.59,"Official Hy-Tek results, TYR-BAC Spooky Fall Classic 10/25-26/2025, Boys 11 & Over 200 Yard Freestyle, https://www.pacswim.org/userfiles/meets/documents/2945/bac-results.htm (retrieved via browser 2026-09-02, checksum-verified)",invitational,"place 16; hytek tags none; seed from official results; meet ran 2025-10-25 to 2025-10-26, event day not stated; 11 & Over age-group event, ages 11-19 present; one entry has a broken split line in the official file and enters final-time only"
S558,2025_BAC_SPOOKY_FALL,TYR-BAC Spooky Fall Classic,2025-10-25,16.0,M,200 FR,SCY,timed_final,,1:55.81,26.55,55.81,1:26.05,1:55.81,"Official Hy-Tek results, TYR-BAC Spooky Fall Classic 10/25-26/2025, Boys 11 & Over 200 Yard Freestyle, https://www.pacswim.org/userfiles/meets/documents/2945/bac-results.htm (retrieved via browser 2026-09-02, checksum-verified)",invitational,"place 17; hytek tags none; seed from official results; meet ran 2025-10-25 to 2025-10-26, event day not stated; 11 & Over age-group event, ages 11-19 present; one entry has a broken split line in the official file and enters final-time only"
S559,2025_BAC_SPOOKY_FALL,TYR-BAC Spooky Fall Classic,2025-10-25,16.0,M,200 FR,SCY,timed_final,,1:55.87,26.43,56.14,1:26.31,1:55.87,"Official Hy-Tek results, TYR-BAC Spooky Fall Classic 10/25-26/2025, Boys 11 & Over 200 Yard Freestyle, https://www.pacswim.org/userfiles/meets/documents/2945/bac-results.htm (retrieved via browser 2026-09-02, checksum-verified)",invitational,"place 18; hytek tags none; seed from official results; meet ran 2025-10-25 to 2025-10-26, event day not stated; 11 & Over age-group event, ages 11-19 present; one entry has a broken split line in the official file and enters final-time only"
S560,2025_BAC_SPOOKY_FALL,TYR-BAC Spooky Fall Classic,2025-10-25,15.0,M,200 FR,SCY,timed_final,,1:56.65,26.16,55.02,1:25.44,1:56.65,"Official Hy-Tek results, TYR-BAC Spooky Fall Classic 10/25-26/2025, Boys 11 & Over 200 Yard Freestyle, https://www.pacswim.org/userfiles/meets/documents/2945/bac-results.htm (retrieved via browser 2026-09-02, checksum-verified)",invitational,"place 19; hytek tags none; seed from official results; meet ran 2025-10-25 to 2025-10-26, event day not stated; 11 & Over age-group event, ages 11-19 present; one entry has a broken split line in the official file and enters final-time only"
S234,2025_BAC_SPOOKY_FALL,TYR-BAC Spooky Fall Classic,2025-10-25,14.0,M,200 FR,SCY,timed_final,,1:56.97,27.17,57.01,1:27.68,1:56.97,"Official Hy-Tek results, TYR-BAC Spooky Fall Classic 10/25-26/2025, Boys 11 & Over 200 Yard Freestyle, https://www.pacswim.org/userfiles/meets/documents/2945/bac-results.htm (retrieved via browser 2026-09-02, checksum-verified)",invitational,"place 20; hytek tags none; seed from official results; meet ran 2025-10-25 to 2025-10-26, event day not stated; 11 & Over age-group event, ages 11-19 present; one entry has a broken split line in the official file and enters final-time only"
S561,2025_BAC_SPOOKY_FALL,TYR-BAC Spooky Fall Classic,2025-10-25,16.0,M,200 FR,SCY,timed_final,,1:58.34,27.35,57.29,1:27.70,1:58.34,"Official Hy-Tek results, TYR-BAC Spooky Fall Classic 10/25-26/2025, Boys 11 & Over 200 Yard Freestyle, https://www.pacswim.org/userfiles/meets/documents/2945/bac-results.htm (retrieved via browser 2026-09-02, checksum-verified)",invitational,"place 21; hytek tags none; seed from official results; meet ran 2025-10-25 to 2025-10-26, event day not stated; 11 & Over age-group event, ages 11-19 present; one entry has a broken split line in the official file and enters final-time only"
S562,2025_BAC_SPOOKY_FALL,TYR-BAC Spooky Fall Classic,2025-10-25,13.0,M,200 FR,SCY,timed_final,,1:58.73,27.38,57.27,1:28.03,1:58.73,"Official Hy-Tek results, TYR-BAC Spooky Fall Classic 10/25-26/2025, Boys 11 & Over 200 Yard Freestyle, https://www.pacswim.org/userfiles/meets/documents/2945/bac-results.htm (retrieved via browser 2026-09-02, checksum-verified)",invitational,"place 22; hytek tags none; seed from official results; meet ran 2025-10-25 to 2025-10-26, event day not stated; 11 & Over age-group event, ages 11-19 present; one entry has a broken split line in the official file and enters final-time only"
S268,2025_BAC_SPOOKY_FALL,TYR-BAC Spooky Fall Classic,2025-10-25,14.0,M,200 FR,SCY,timed_final,,1:59.67,27.26,57.56,1:28.56,1:59.67,"Official Hy-Tek results, TYR-BAC Spooky Fall Classic 10/25-26/2025, Boys 11 & Over 200 Yard Freestyle, https://www.pacswim.org/userfiles/meets/documents/2945/bac-results.htm (retrieved via browser 2026-09-02, checksum-verified)",invitational,"place 23; hytek tags none; seed from official results; meet ran 2025-10-25 to 2025-10-26, event day not stated; 11 & Over age-group event, ages 11-19 present; one entry has a broken split line in the official file and enters final-time only"
S563,2025_BAC_SPOOKY_FALL,TYR-BAC Spooky Fall Classic,2025-10-25,13.0,M,200 FR,SCY,timed_final,,1:59.97,28.04,58.52,1:29.81,1:59.97,"Official Hy-Tek results, TYR-BAC Spooky Fall Classic 10/25-26/2025, Boys 11 & Over 200 Yard Freestyle, https://www.pacswim.org/userfiles/meets/documents/2945/bac-results.htm (retrieved via browser 2026-09-02, checksum-verified)",invitational,"place 24; hytek tags none; seed from official results; meet ran 2025-10-25 to 2025-10-26, event day not stated; 11 & Over age-group event, ages 11-19 present; one entry has a broken split line in the official file and enters final-time only"
S564,2025_BAC_SPOOKY_FALL,TYR-BAC Spooky Fall Classic,2025-10-25,14.0,M,200 FR,SCY,timed_final,,2:00.04,27.94,58.68,1:29.86,2:00.04,"Official Hy-Tek results, TYR-BAC Spooky Fall Classic 10/25-26/2025, Boys 11 & Over 200 Yard Freestyle, https://www.pacswim.org/userfiles/meets/documents/2945/bac-results.htm (retrieved via browser 2026-09-02, checksum-verified)",invitational,"place 25; hytek tags none; seed from official results; meet ran 2025-10-25 to 2025-10-26, event day not stated; 11 & Over age-group event, ages 11-19 present; one entry has a broken split line in the official file and enters final-time only"
S565,2025_BAC_SPOOKY_FALL,TYR-BAC Spooky Fall Classic,2025-10-25,14.0,M,200 FR,SCY,timed_final,,2:00.29,27.3,57.73,1:29.33,2:00.29,"Official Hy-Tek results, TYR-BAC Spooky Fall Classic 10/25-26/2025, Boys 11 & Over 200 Yard Freestyle, https://www.pacswim.org/userfiles/meets/documents/2945/bac-results.htm (retrieved via browser 2026-09-02, checksum-verified)",invitational,"place 26; hytek tags none; seed from official results; meet ran 2025-10-25 to 2025-10-26, event day not stated; 11 & Over age-group event, ages 11-19 present; one entry has a broken split line in the official file and enters final-time only"
S566,2025_BAC_SPOOKY_FALL,TYR-BAC Spooky Fall Classic,2025-10-25,16.0,M,200 FR,SCY,timed_final,,2:00.55,26.62,57.71,1:29.32,2:00.55,"Official Hy-Tek results, TYR-BAC Spooky Fall Classic 10/25-26/2025, Boys 11 & Over 200 Yard Freestyle, https://www.pacswim.org/userfiles/meets/documents/2945/bac-results.htm (retrieved via browser 2026-09-02, checksum-verified)",invitational,"place 27; hytek tags none; seed from official results; meet ran 2025-10-25 to 2025-10-26, event day not stated; 11 & Over age-group event, ages 11-19 present; one entry has a broken split line in the official file and enters final-time only"
S263,2025_BAC_SPOOKY_FALL,TYR-BAC Spooky Fall Classic,2025-10-25,14.0,M,200 FR,SCY,timed_final,,2:00.92,27.85,58.40,1:29.63,2:00.92,"Official Hy-Tek results, TYR-BAC Spooky Fall Classic 10/25-26/2025, Boys 11 & Over 200 Yard Freestyle, https://www.pacswim.org/userfiles/meets/documents/2945/bac-results.htm (retrieved via browser 2026-09-02, checksum-verified)",invitational,"place 28; hytek tags none; seed from official results; meet ran 2025-10-25 to 2025-10-26, event day not stated; 11 & Over age-group event, ages 11-19 present; one entry has a broken split line in the official file and enters final-time only"
S567,2025_BAC_SPOOKY_FALL,TYR-BAC Spooky Fall Classic,2025-10-25,15.0,M,200 FR,SCY,timed_final,,2:01.05,27.11,57.42,1:29.00,2:01.05,"Official Hy-Tek results, TYR-BAC Spooky Fall Classic 10/25-26/2025, Boys 11 & Over 200 Yard Freestyle, https://www.pacswim.org/userfiles/meets/documents/2945/bac-results.htm (retrieved via browser 2026-09-02, checksum-verified)",invitational,"place 29; hytek tags none; seed from official results; meet ran 2025-10-25 to 2025-10-26, event day not stated; 11 & Over age-group event, ages 11-19 present; one entry has a broken split line in the official file and enters final-time only"
S255,2025_BAC_SPOOKY_FALL,TYR-BAC Spooky Fall Classic,2025-10-25,13.0,M,200 FR,SCY,timed_final,,2:01.10,27.17,58.20,1:30.77,2:01.10,"Official Hy-Tek results, TYR-BAC Spooky Fall Classic 10/25-26/2025, Boys 11 & Over 200 Yard Freestyle, https://www.pacswim.org/userfiles/meets/documents/2945/bac-results.htm (retrieved via browser 2026-09-02, checksum-verified)",invitational,"place 30; hytek tags none; seed from official results; meet ran 2025-10-25 to 2025-10-26, event day not stated; 11 & Over age-group event, ages 11-19 present; one entry has a broken split line in the official file and enters final-time only"
S264,2025_BAC_SPOOKY_FALL,TYR-BAC Spooky Fall Classic,2025-10-25,14.0,M,200 FR,SCY,timed_final,,2:01.19,28.13,58.54,1:29.90,2:01.19,"Official Hy-Tek results, TYR-BAC Spooky Fall Classic 10/25-26/2025, Boys 11 & Over 200 Yard Freestyle, https://www.pacswim.org/userfiles/meets/documents/2945/bac-results.htm (retrieved via browser 2026-09-02, checksum-verified)",invitational,"place 31; hytek tags none; seed from official results; meet ran 2025-10-25 to 2025-10-26, event day not stated; 11 & Over age-group event, ages 11-19 present; one entry has a broken split line in the official file and enters final-time only"
S458,2025_BAC_SPOOKY_FALL,TYR-BAC Spooky Fall Classic,2025-10-25,14.0,M,200 FR,SCY,timed_final,,2:01.44,27.38,58.23,1:30.29,2:01.44,"Official Hy-Tek results, TYR-BAC Spooky Fall Classic 10/25-26/2025, Boys 11 & Over 200 Yard Freestyle, https://www.pacswim.org/userfiles/meets/documents/2945/bac-results.htm (retrieved via browser 2026-09-02, checksum-verified)",invitational,"place 32; hytek tags none; seed from official results; meet ran 2025-10-25 to 2025-10-26, event day not stated; 11 & Over age-group event, ages 11-19 present; one entry has a broken split line in the official file and enters final-time only"
S144,2025_BAC_SPOOKY_FALL,TYR-BAC Spooky Fall Classic,2025-10-25,14.0,M,200 FR,SCY,timed_final,,2:01.63,26.98,58.51,1:30.32,2:01.63,"Official Hy-Tek results, TYR-BAC Spooky Fall Classic 10/25-26/2025, Boys 11 & Over 200 Yard Freestyle, https://www.pacswim.org/userfiles/meets/documents/2945/bac-results.htm (retrieved via browser 2026-09-02, checksum-verified)",invitational,"place 33; hytek tags none; seed from official results; meet ran 2025-10-25 to 2025-10-26, event day not stated; 11 & Over age-group event, ages 11-19 present; one entry has a broken split line in the official file and enters final-time only"
S235,2025_BAC_SPOOKY_FALL,TYR-BAC Spooky Fall Classic,2025-10-25,16.0,M,200 FR,SCY,timed_final,,2:01.73,27.47,58.24,1:30.31,2:01.73,"Official Hy-Tek results, TYR-BAC Spooky Fall Classic 10/25-26/2025, Boys 11 & Over 200 Yard Freestyle, https://www.pacswim.org/userfiles/meets/documents/2945/bac-results.htm (retrieved via browser 2026-09-02, checksum-verified)",invitational,"place 34; hytek tags none; seed from official results; meet ran 2025-10-25 to 2025-10-26, event day not stated; 11 & Over age-group event, ages 11-19 present; one entry has a broken split line in the official file and enters final-time only"
S260,2025_BAC_SPOOKY_FALL,TYR-BAC Spooky Fall Classic,2025-10-25,17.0,M,200 FR,SCY,timed_final,,2:01.96,27.49,58.36,1:30.13,2:01.96,"Official Hy-Tek results, TYR-BAC Spooky Fall Classic 10/25-26/2025, Boys 11 & Over 200 Yard Freestyle, https://www.pacswim.org/userfiles/meets/documents/2945/bac-results.htm (retrieved via browser 2026-09-02, checksum-verified)",invitational,"place 35; hytek tags none; seed from official results; meet ran 2025-10-25 to 2025-10-26, event day not stated; 11 & Over age-group event, ages 11-19 present; one entry has a broken split line in the official file and enters final-time only"
S568,2025_BAC_SPOOKY_FALL,TYR-BAC Spooky Fall Classic,2025-10-25,17.0,M,200 FR,SCY,timed_final,,2:02.05,28.41,58.79,1:30.09,2:02.05,"Official Hy-Tek results, TYR-BAC Spooky Fall Classic 10/25-26/2025, Boys 11 & Over 200 Yard Freestyle, https://www.pacswim.org/userfiles/meets/documents/2945/bac-results.htm (retrieved via browser 2026-09-02, checksum-verified)",invitational,"place 36; hytek tags none; seed from official results; meet ran 2025-10-25 to 2025-10-26, event day not stated; 11 & Over age-group event, ages 11-19 present; one entry has a broken split line in the official file and enters final-time only"
S569,2025_BAC_SPOOKY_FALL,TYR-BAC Spooky Fall Classic,2025-10-25,14.0,M,200 FR,SCY,timed_final,,2:02.29,28.01,59.48,1:31.65,2:02.29,"Official Hy-Tek results, TYR-BAC Spooky Fall Classic 10/25-26/2025, Boys 11 & Over 200 Yard Freestyle, https://www.pacswim.org/userfiles/meets/documents/2945/bac-results.htm (retrieved via browser 2026-09-02, checksum-verified)",invitational,"place 37; hytek tags none; seed from official results; meet ran 2025-10-25 to 2025-10-26, event day not stated; 11 & Over age-group event, ages 11-19 present; one entry has a broken split line in the official file and enters final-time only"
S570,2025_BAC_SPOOKY_FALL,TYR-BAC Spooky Fall Classic,2025-10-25,16.0,M,200 FR,SCY,timed_final,,2:02.56,26.17,56.53,1:29.09,2:02.56,"Official Hy-Tek results, TYR-BAC Spooky Fall Classic 10/25-26/2025, Boys 11 & Over 200 Yard Freestyle, https://www.pacswim.org/userfiles/meets/documents/2945/bac-results.htm (retrieved via browser 2026-09-02, checksum-verified)",invitational,"place 38; hytek tags none; seed from official results; meet ran 2025-10-25 to 2025-10-26, event day not stated; 11 & Over age-group event, ages 11-19 present; one entry has a broken split line in the official file and enters final-time only"
S571,2025_BAC_SPOOKY_FALL,TYR-BAC Spooky Fall Classic,2025-10-25,13.0,M,200 FR,SCY,timed_final,,2:03.05,28.56,1:00.10,1:31.97,2:03.05,"Official Hy-Tek results, TYR-BAC Spooky Fall Classic 10/25-26/2025, Boys 11 & Over 200 Yard Freestyle, https://www.pacswim.org/userfiles/meets/documents/2945/bac-results.htm (retrieved via browser 2026-09-02, checksum-verified)",invitational,"place 39; hytek tags none; seed from official results; meet ran 2025-10-25 to 2025-10-26, event day not stated; 11 & Over age-group event, ages 11-19 present; one entry has a broken split line in the official file and enters final-time only"
S572,2025_BAC_SPOOKY_FALL,TYR-BAC Spooky Fall Classic,2025-10-25,13.0,M,200 FR,SCY,timed_final,,2:03.06,27.65,59.49,1:32.14,2:03.06,"Official Hy-Tek results, TYR-BAC Spooky Fall Classic 10/25-26/2025, Boys 11 & Over 200 Yard Freestyle, https://www.pacswim.org/userfiles/meets/documents/2945/bac-results.htm (retrieved via browser 2026-09-02, checksum-verified)",invitational,"place 40; hytek tags none; seed from official results; meet ran 2025-10-25 to 2025-10-26, event day not stated; 11 & Over age-group event, ages 11-19 present; one entry has a broken split line in the official file and enters final-time only"
S573,2025_BAC_SPOOKY_FALL,TYR-BAC Spooky Fall Classic,2025-10-25,14.0,M,200 FR,SCY,timed_final,,2:03.21,27.3,58.93,1:31.88,2:03.21,"Official Hy-Tek results, TYR-BAC Spooky Fall Classic 10/25-26/2025, Boys 11 & Over 200 Yard Freestyle, https://www.pacswim.org/userfiles/meets/documents/2945/bac-results.htm (retrieved via browser 2026-09-02, checksum-verified)",invitational,"place 41; hytek tags none; seed from official results; meet ran 2025-10-25 to 2025-10-26, event day not stated; 11 & Over age-group event, ages 11-19 present; one entry has a broken split line in the official file and enters final-time only"
S574,2025_BAC_SPOOKY_FALL,TYR-BAC Spooky Fall Classic,2025-10-25,13.0,M,200 FR,SCY,timed_final,,2:03.31,27.85,59.25,1:31.78,2:03.31,"Official Hy-Tek results, TYR-BAC Spooky Fall Classic 10/25-26/2025, Boys 11 & Over 200 Yard Freestyle, https://www.pacswim.org/userfiles/meets/documents/2945/bac-results.htm (retrieved via browser 2026-09-02, checksum-verified)",invitational,"place 42; hytek tags none; seed from official results; meet ran 2025-10-25 to 2025-10-26, event day not stated; 11 & Over age-group event, ages 11-19 present; one entry has a broken split line in the official file and enters final-time only"
S575,2025_BAC_SPOOKY_FALL,TYR-BAC Spooky Fall Classic,2025-10-25,13.0,M,200 FR,SCY,timed_final,,2:03.63,27.07,58.14,1:31.62,2:03.63,"Official Hy-Tek results, TYR-BAC Spooky Fall Classic 10/25-26/2025, Boys 11 & Over 200 Yard Freestyle, https://www.pacswim.org/userfiles/meets/documents/2945/bac-results.htm (retrieved via browser 2026-09-02, checksum-verified)",invitational,"place 43; hytek tags none; seed from official results; meet ran 2025-10-25 to 2025-10-26, event day not stated; 11 & Over age-group event, ages 11-19 present; one entry has a broken split line in the official file and enters final-time only"
S576,2025_BAC_SPOOKY_FALL,TYR-BAC Spooky Fall Classic,2025-10-25,15.0,M,200 FR,SCY,timed_final,,2:03.71,27.78,59.12,1:31.93,2:03.71,"Official Hy-Tek results, TYR-BAC Spooky Fall Classic 10/25-26/2025, Boys 11 & Over 200 Yard Freestyle, https://www.pacswim.org/userfiles/meets/documents/2945/bac-results.htm (retrieved via browser 2026-09-02, checksum-verified)",invitational,"place 44; hytek tags none; seed from official results; meet ran 2025-10-25 to 2025-10-26, event day not stated; 11 & Over age-group event, ages 11-19 present; one entry has a broken split line in the official file and enters final-time only"
S577,2025_BAC_SPOOKY_FALL,TYR-BAC Spooky Fall Classic,2025-10-25,15.0,M,200 FR,SCY,timed_final,,2:04.19,27.84,58.78,1:31.37,2:04.19,"Official Hy-Tek results, TYR-BAC Spooky Fall Classic 10/25-26/2025, Boys 11 & Over 200 Yard Freestyle, https://www.pacswim.org/userfiles/meets/documents/2945/bac-results.htm (retrieved via browser 2026-09-02, checksum-verified)",invitational,"place 45; hytek tags none; seed from official results; meet ran 2025-10-25 to 2025-10-26, event day not stated; 11 & Over age-group event, ages 11-19 present; one entry has a broken split line in the official file and enters final-time only"
S578,2025_BAC_SPOOKY_FALL,TYR-BAC Spooky Fall Classic,2025-10-25,15.0,M,200 FR,SCY,timed_final,,2:04.44,28.89,1:00.77,1:33.41,2:04.44,"Official Hy-Tek results, TYR-BAC Spooky Fall Classic 10/25-26/2025, Boys 11 & Over 200 Yard Freestyle, https://www.pacswim.org/userfiles/meets/documents/2945/bac-results.htm (retrieved via browser 2026-09-02, checksum-verified)",invitational,"place 46; hytek tags none; seed from official results; meet ran 2025-10-25 to 2025-10-26, event day not stated; 11 & Over age-group event, ages 11-19 present; one entry has a broken split line in the official file and enters final-time only"
S579,2025_BAC_SPOOKY_FALL,TYR-BAC Spooky Fall Classic,2025-10-25,14.0,M,200 FR,SCY,timed_final,,2:05.52,27.95,58.91,1:32.55,2:05.52,"Official Hy-Tek results, TYR-BAC Spooky Fall Classic 10/25-26/2025, Boys 11 & Over 200 Yard Freestyle, https://www.pacswim.org/userfiles/meets/documents/2945/bac-results.htm (retrieved via browser 2026-09-02, checksum-verified)",invitational,"place 47; hytek tags none; seed from official results; meet ran 2025-10-25 to 2025-10-26, event day not stated; 11 & Over age-group event, ages 11-19 present; one entry has a broken split line in the official file and enters final-time only"
S580,2025_BAC_SPOOKY_FALL,TYR-BAC Spooky Fall Classic,2025-10-25,17.0,M,200 FR,SCY,timed_final,,2:05.85,28.75,1:00.60,1:33.22,2:05.85,"Official Hy-Tek results, TYR-BAC Spooky Fall Classic 10/25-26/2025, Boys 11 & Over 200 Yard Freestyle, https://www.pacswim.org/userfiles/meets/documents/2945/bac-results.htm (retrieved via browser 2026-09-02, checksum-verified)",invitational,"place 48; hytek tags none; seed from official results; meet ran 2025-10-25 to 2025-10-26, event day not stated; 11 & Over age-group event, ages 11-19 present; one entry has a broken split line in the official file and enters final-time only"
S581,2025_BAC_SPOOKY_FALL,TYR-BAC Spooky Fall Classic,2025-10-25,13.0,M,200 FR,SCY,timed_final,,2:06.09,28.79,1:00.59,1:33.97,2:06.09,"Official Hy-Tek results, TYR-BAC Spooky Fall Classic 10/25-26/2025, Boys 11 & Over 200 Yard Freestyle, https://www.pacswim.org/userfiles/meets/documents/2945/bac-results.htm (retrieved via browser 2026-09-02, checksum-verified)",invitational,"place 49; hytek tags none; seed from official results; meet ran 2025-10-25 to 2025-10-26, event day not stated; 11 & Over age-group event, ages 11-19 present; one entry has a broken split line in the official file and enters final-time only"
S582,2025_BAC_SPOOKY_FALL,TYR-BAC Spooky Fall Classic,2025-10-25,13.0,M,200 FR,SCY,timed_final,,2:06.29,28.57,59.92,1:33.39,2:06.29,"Official Hy-Tek results, TYR-BAC Spooky Fall Classic 10/25-26/2025, Boys 11 & Over 200 Yard Freestyle, https://www.pacswim.org/userfiles/meets/documents/2945/bac-results.htm (retrieved via browser 2026-09-02, checksum-verified)",invitational,"place 50; hytek tags none; seed from official results; meet ran 2025-10-25 to 2025-10-26, event day not stated; 11 & Over age-group event, ages 11-19 present; one entry has a broken split line in the official file and enters final-time only"
S583,2025_BAC_SPOOKY_FALL,TYR-BAC Spooky Fall Classic,2025-10-25,13.0,M,200 FR,SCY,timed_final,,2:07.48,28.72,1:00.61,1:34.33,2:07.48,"Official Hy-Tek results, TYR-BAC Spooky Fall Classic 10/25-26/2025, Boys 11 & Over 200 Yard Freestyle, https://www.pacswim.org/userfiles/meets/documents/2945/bac-results.htm (retrieved via browser 2026-09-02, checksum-verified)",invitational,"place 51; hytek tags none; seed from official results; meet ran 2025-10-25 to 2025-10-26, event day not stated; 11 & Over age-group event, ages 11-19 present; one entry has a broken split line in the official file and enters final-time only"
S584,2025_BAC_SPOOKY_FALL,TYR-BAC Spooky Fall Classic,2025-10-25,14.0,M,200 FR,SCY,timed_final,,2:08.98,29.42,1:01.94,1:35.94,2:08.98,"Official Hy-Tek results, TYR-BAC Spooky Fall Classic 10/25-26/2025, Boys 11 & Over 200 Yard Freestyle, https://www.pacswim.org/userfiles/meets/documents/2945/bac-results.htm (retrieved via browser 2026-09-02, checksum-verified)",invitational,"place 52; hytek tags none; seed from official results; meet ran 2025-10-25 to 2025-10-26, event day not stated; 11 & Over age-group event, ages 11-19 present; one entry has a broken split line in the official file and enters final-time only"
S585,2025_BAC_SPOOKY_FALL,TYR-BAC Spooky Fall Classic,2025-10-25,13.0,M,200 FR,SCY,timed_final,,2:08.99,29.07,1:01.85,1:35.30,2:08.99,"Official Hy-Tek results, TYR-BAC Spooky Fall Classic 10/25-26/2025, Boys 11 & Over 200 Yard Freestyle, https://www.pacswim.org/userfiles/meets/documents/2945/bac-results.htm (retrieved via browser 2026-09-02, checksum-verified)",invitational,"place 53; hytek tags none; seed from official results; meet ran 2025-10-25 to 2025-10-26, event day not stated; 11 & Over age-group event, ages 11-19 present; one entry has a broken split line in the official file and enters final-time only"
S586,2025_BAC_SPOOKY_FALL,TYR-BAC Spooky Fall Classic,2025-10-25,12.0,M,200 FR,SCY,timed_final,,2:10.10,29.08,1:01.82,1:36.00,2:10.10,"Official Hy-Tek results, TYR-BAC Spooky Fall Classic 10/25-26/2025, Boys 11 & Over 200 Yard Freestyle, https://www.pacswim.org/userfiles/meets/documents/2945/bac-results.htm (retrieved via browser 2026-09-02, checksum-verified)",invitational,"place 54; hytek tags none; seed from official results; meet ran 2025-10-25 to 2025-10-26, event day not stated; 11 & Over age-group event, ages 11-19 present; one entry has a broken split line in the official file and enters final-time only"
S587,2025_BAC_SPOOKY_FALL,TYR-BAC Spooky Fall Classic,2025-10-25,15.0,M,200 FR,SCY,timed_final,,2:10.17,29.99,1:03.28,1:37.95,2:10.17,"Official Hy-Tek results, TYR-BAC Spooky Fall Classic 10/25-26/2025, Boys 11 & Over 200 Yard Freestyle, https://www.pacswim.org/userfiles/meets/documents/2945/bac-results.htm (retrieved via browser 2026-09-02, checksum-verified)",invitational,"place 55; hytek tags none; seed from official results; meet ran 2025-10-25 to 2025-10-26, event day not stated; 11 & Over age-group event, ages 11-19 present; one entry has a broken split line in the official file and enters final-time only"
S588,2025_BAC_SPOOKY_FALL,TYR-BAC Spooky Fall Classic,2025-10-25,14.0,M,200 FR,SCY,timed_final,,2:10.42,29.76,1:03.23,1:37.48,2:10.42,"Official Hy-Tek results, TYR-BAC Spooky Fall Classic 10/25-26/2025, Boys 11 & Over 200 Yard Freestyle, https://www.pacswim.org/userfiles/meets/documents/2945/bac-results.htm (retrieved via browser 2026-09-02, checksum-verified)",invitational,"place 56; hytek tags none; seed from official results; meet ran 2025-10-25 to 2025-10-26, event day not stated; 11 & Over age-group event, ages 11-19 present; one entry has a broken split line in the official file and enters final-time only"
S589,2025_BAC_SPOOKY_FALL,TYR-BAC Spooky Fall Classic,2025-10-25,13.0,M,200 FR,SCY,timed_final,,2:10.87,29.51,1:03.24,1:38.05,2:10.87,"Official Hy-Tek results, TYR-BAC Spooky Fall Classic 10/25-26/2025, Boys 11 & Over 200 Yard Freestyle, https://www.pacswim.org/userfiles/meets/documents/2945/bac-results.htm (retrieved via browser 2026-09-02, checksum-verified)",invitational,"place 57; hytek tags none; seed from official results; meet ran 2025-10-25 to 2025-10-26, event day not stated; 11 & Over age-group event, ages 11-19 present; one entry has a broken split line in the official file and enters final-time only"
S590,2025_BAC_SPOOKY_FALL,TYR-BAC Spooky Fall Classic,2025-10-25,14.0,M,200 FR,SCY,timed_final,,2:11.14,29.16,1:02.03,1:36.84,2:11.14,"Official Hy-Tek results, TYR-BAC Spooky Fall Classic 10/25-26/2025, Boys 11 & Over 200 Yard Freestyle, https://www.pacswim.org/userfiles/meets/documents/2945/bac-results.htm (retrieved via browser 2026-09-02, checksum-verified)",invitational,"place 58; hytek tags none; seed from official results; meet ran 2025-10-25 to 2025-10-26, event day not stated; 11 & Over age-group event, ages 11-19 present; one entry has a broken split line in the official file and enters final-time only"
S591,2025_BAC_SPOOKY_FALL,TYR-BAC Spooky Fall Classic,2025-10-25,12.0,M,200 FR,SCY,timed_final,,2:11.20,29.66,1:03.02,1:37.32,2:11.20,"Official Hy-Tek results, TYR-BAC Spooky Fall Classic 10/25-26/2025, Boys 11 & Over 200 Yard Freestyle, https://www.pacswim.org/userfiles/meets/documents/2945/bac-results.htm (retrieved via browser 2026-09-02, checksum-verified)",invitational,"place 59; hytek tags none; seed from official results; meet ran 2025-10-25 to 2025-10-26, event day not stated; 11 & Over age-group event, ages 11-19 present; one entry has a broken split line in the official file and enters final-time only"
S592,2025_BAC_SPOOKY_FALL,TYR-BAC Spooky Fall Classic,2025-10-25,15.0,M,200 FR,SCY,timed_final,,2:11.25,29.97,1:03.05,1:37.38,2:11.25,"Official Hy-Tek results, TYR-BAC Spooky Fall Classic 10/25-26/2025, Boys 11 & Over 200 Yard Freestyle, https://www.pacswim.org/userfiles/meets/documents/2945/bac-results.htm (retrieved via browser 2026-09-02, checksum-verified)",invitational,"place 60; hytek tags none; seed from official results; meet ran 2025-10-25 to 2025-10-26, event day not stated; 11 & Over age-group event, ages 11-19 present; one entry has a broken split line in the official file and enters final-time only"
S593,2025_BAC_SPOOKY_FALL,TYR-BAC Spooky Fall Classic,2025-10-25,15.0,M,200 FR,SCY,timed_final,,2:11.65,30.38,1:03.48,1:37.35,2:11.65,"Official Hy-Tek results, TYR-BAC Spooky Fall Classic 10/25-26/2025, Boys 11 & Over 200 Yard Freestyle, https://www.pacswim.org/userfiles/meets/documents/2945/bac-results.htm (retrieved via browser 2026-09-02, checksum-verified)",invitational,"place 61; hytek tags none; seed from official results; meet ran 2025-10-25 to 2025-10-26, event day not stated; 11 & Over age-group event, ages 11-19 present; one entry has a broken split line in the official file and enters final-time only"
S594,2025_BAC_SPOOKY_FALL,TYR-BAC Spooky Fall Classic,2025-10-25,15.0,M,200 FR,SCY,timed_final,,2:11.80,29.0,1:02.88,1:37.73,2:11.80,"Official Hy-Tek results, TYR-BAC Spooky Fall Classic 10/25-26/2025, Boys 11 & Over 200 Yard Freestyle, https://www.pacswim.org/userfiles/meets/documents/2945/bac-results.htm (retrieved via browser 2026-09-02, checksum-verified)",invitational,"place 62; hytek tags none; seed from official results; meet ran 2025-10-25 to 2025-10-26, event day not stated; 11 & Over age-group event, ages 11-19 present; one entry has a broken split line in the official file and enters final-time only"
S595,2025_BAC_SPOOKY_FALL,TYR-BAC Spooky Fall Classic,2025-10-25,13.0,M,200 FR,SCY,timed_final,,2:12.73,29.4,1:03.41,1:38.99,2:12.73,"Official Hy-Tek results, TYR-BAC Spooky Fall Classic 10/25-26/2025, Boys 11 & Over 200 Yard Freestyle, https://www.pacswim.org/userfiles/meets/documents/2945/bac-results.htm (retrieved via browser 2026-09-02, checksum-verified)",invitational,"place 63; hytek tags none; seed from official results; meet ran 2025-10-25 to 2025-10-26, event day not stated; 11 & Over age-group event, ages 11-19 present; one entry has a broken split line in the official file and enters final-time only"
S596,2025_BAC_SPOOKY_FALL,TYR-BAC Spooky Fall Classic,2025-10-25,14.0,M,200 FR,SCY,timed_final,,2:13.06,28.24,59.81,1:32.55,2:13.06,"Official Hy-Tek results, TYR-BAC Spooky Fall Classic 10/25-26/2025, Boys 11 & Over 200 Yard Freestyle, https://www.pacswim.org/userfiles/meets/documents/2945/bac-results.htm (retrieved via browser 2026-09-02, checksum-verified)",invitational,"place 64; hytek tags none; seed from official results; meet ran 2025-10-25 to 2025-10-26, event day not stated; 11 & Over age-group event, ages 11-19 present; one entry has a broken split line in the official file and enters final-time only"
S597,2025_BAC_SPOOKY_FALL,TYR-BAC Spooky Fall Classic,2025-10-25,13.0,M,200 FR,SCY,timed_final,,2:13.88,29.31,1:04.16,1:39.79,2:13.88,"Official Hy-Tek results, TYR-BAC Spooky Fall Classic 10/25-26/2025, Boys 11 & Over 200 Yard Freestyle, https://www.pacswim.org/userfiles/meets/documents/2945/bac-results.htm (retrieved via browser 2026-09-02, checksum-verified)",invitational,"place 65; hytek tags none; seed from official results; meet ran 2025-10-25 to 2025-10-26, event day not stated; 11 & Over age-group event, ages 11-19 present; one entry has a broken split line in the official file and enters final-time only"
S329,2025_BAC_SPOOKY_FALL,TYR-BAC Spooky Fall Classic,2025-10-25,11.0,M,200 FR,SCY,timed_final,,2:14.63,32.38,1:07.24,1:41.56,2:14.63,"Official Hy-Tek results, TYR-BAC Spooky Fall Classic 10/25-26/2025, Boys 11 & Over 200 Yard Freestyle, https://www.pacswim.org/userfiles/meets/documents/2945/bac-results.htm (retrieved via browser 2026-09-02, checksum-verified)",invitational,"place 66; hytek tags none; seed from official results; meet ran 2025-10-25 to 2025-10-26, event day not stated; 11 & Over age-group event, ages 11-19 present; one entry has a broken split line in the official file and enters final-time only"
S598,2025_BAC_SPOOKY_FALL,TYR-BAC Spooky Fall Classic,2025-10-25,12.0,M,200 FR,SCY,timed_final,,2:14.89,30.93,1:05.19,1:40.35,2:14.89,"Official Hy-Tek results, TYR-BAC Spooky Fall Classic 10/25-26/2025, Boys 11 & Over 200 Yard Freestyle, https://www.pacswim.org/userfiles/meets/documents/2945/bac-results.htm (retrieved via browser 2026-09-02, checksum-verified)",invitational,"place 67; hytek tags none; seed from official results; meet ran 2025-10-25 to 2025-10-26, event day not stated; 11 & Over age-group event, ages 11-19 present; one entry has a broken split line in the official file and enters final-time only"
S599,2025_BAC_SPOOKY_FALL,TYR-BAC Spooky Fall Classic,2025-10-25,13.0,M,200 FR,SCY,timed_final,,2:15.25,31.74,1:06.05,1:40.74,2:15.25,"Official Hy-Tek results, TYR-BAC Spooky Fall Classic 10/25-26/2025, Boys 11 & Over 200 Yard Freestyle, https://www.pacswim.org/userfiles/meets/documents/2945/bac-results.htm (retrieved via browser 2026-09-02, checksum-verified)",invitational,"place 68; hytek tags none; seed from official results; meet ran 2025-10-25 to 2025-10-26, event day not stated; 11 & Over age-group event, ages 11-19 present; one entry has a broken split line in the official file and enters final-time only"
S600,2025_BAC_SPOOKY_FALL,TYR-BAC Spooky Fall Classic,2025-10-25,13.0,M,200 FR,SCY,timed_final,,2:16.06,30.3,1:04.31,1:40.27,2:16.06,"Official Hy-Tek results, TYR-BAC Spooky Fall Classic 10/25-26/2025, Boys 11 & Over 200 Yard Freestyle, https://www.pacswim.org/userfiles/meets/documents/2945/bac-results.htm (retrieved via browser 2026-09-02, checksum-verified)",invitational,"place 69; hytek tags none; seed from official results; meet ran 2025-10-25 to 2025-10-26, event day not stated; 11 & Over age-group event, ages 11-19 present; one entry has a broken split line in the official file and enters final-time only"
S601,2025_BAC_SPOOKY_FALL,TYR-BAC Spooky Fall Classic,2025-10-25,14.0,M,200 FR,SCY,timed_final,,2:18.09,29.87,1:04.23,1:40.70,2:18.09,"Official Hy-Tek results, TYR-BAC Spooky Fall Classic 10/25-26/2025, Boys 11 & Over 200 Yard Freestyle, https://www.pacswim.org/userfiles/meets/documents/2945/bac-results.htm (retrieved via browser 2026-09-02, checksum-verified)",invitational,"place 70; hytek tags none; seed from official results; meet ran 2025-10-25 to 2025-10-26, event day not stated; 11 & Over age-group event, ages 11-19 present; one entry has a broken split line in the official file and enters final-time only"
S602,2025_BAC_SPOOKY_FALL,TYR-BAC Spooky Fall Classic,2025-10-25,12.0,M,200 FR,SCY,timed_final,,2:18.83,31.07,1:05.97,1:42.79,2:18.83,"Official Hy-Tek results, TYR-BAC Spooky Fall Classic 10/25-26/2025, Boys 11 & Over 200 Yard Freestyle, https://www.pacswim.org/userfiles/meets/documents/2945/bac-results.htm (retrieved via browser 2026-09-02, checksum-verified)",invitational,"place 71; hytek tags none; seed from official results; meet ran 2025-10-25 to 2025-10-26, event day not stated; 11 & Over age-group event, ages 11-19 present; one entry has a broken split line in the official file and enters final-time only"
S603,2025_BAC_SPOOKY_FALL,TYR-BAC Spooky Fall Classic,2025-10-25,16.0,M,200 FR,SCY,timed_final,,2:18.90,32.21,1:07.98,1:45.58,2:18.90,"Official Hy-Tek results, TYR-BAC Spooky Fall Classic 10/25-26/2025, Boys 11 & Over 200 Yard Freestyle, https://www.pacswim.org/userfiles/meets/documents/2945/bac-results.htm (retrieved via browser 2026-09-02, checksum-verified)",invitational,"place 72; hytek tags none; seed from official results; meet ran 2025-10-25 to 2025-10-26, event day not stated; 11 & Over age-group event, ages 11-19 present; one entry has a broken split line in the official file and enters final-time only"
S604,2025_BAC_SPOOKY_FALL,TYR-BAC Spooky Fall Classic,2025-10-25,13.0,M,200 FR,SCY,timed_final,,2:20.31,31.05,1:06.36,1:43.83,2:20.31,"Official Hy-Tek results, TYR-BAC Spooky Fall Classic 10/25-26/2025, Boys 11 & Over 200 Yard Freestyle, https://www.pacswim.org/userfiles/meets/documents/2945/bac-results.htm (retrieved via browser 2026-09-02, checksum-verified)",invitational,"place 73; hytek tags none; seed from official results; meet ran 2025-10-25 to 2025-10-26, event day not stated; 11 & Over age-group event, ages 11-19 present; one entry has a broken split line in the official file and enters final-time only"
S605,2025_BAC_SPOOKY_FALL,TYR-BAC Spooky Fall Classic,2025-10-25,14.0,M,200 FR,SCY,timed_final,,2:20.48,30.47,1:05.94,1:43.30,2:20.48,"Official Hy-Tek results, TYR-BAC Spooky Fall Classic 10/25-26/2025, Boys 11 & Over 200 Yard Freestyle, https://www.pacswim.org/userfiles/meets/documents/2945/bac-results.htm (retrieved via browser 2026-09-02, checksum-verified)",invitational,"place 74; hytek tags none; seed from official results; meet ran 2025-10-25 to 2025-10-26, event day not stated; 11 & Over age-group event, ages 11-19 present; one entry has a broken split line in the official file and enters final-time only"
S606,2025_BAC_SPOOKY_FALL,TYR-BAC Spooky Fall Classic,2025-10-25,13.0,M,200 FR,SCY,timed_final,,2:20.56,30.98,1:07.11,1:44.26,2:20.56,"Official Hy-Tek results, TYR-BAC Spooky Fall Classic 10/25-26/2025, Boys 11 & Over 200 Yard Freestyle, https://www.pacswim.org/userfiles/meets/documents/2945/bac-results.htm (retrieved via browser 2026-09-02, checksum-verified)",invitational,"place 75; hytek tags none; seed from official results; meet ran 2025-10-25 to 2025-10-26, event day not stated; 11 & Over age-group event, ages 11-19 present; one entry has a broken split line in the official file and enters final-time only"
S607,2025_BAC_SPOOKY_FALL,TYR-BAC Spooky Fall Classic,2025-10-25,14.0,M,200 FR,SCY,timed_final,,2:20.68,31.35,1:06.55,1:43.98,2:20.68,"Official Hy-Tek results, TYR-BAC Spooky Fall Classic 10/25-26/2025, Boys 11 & Over 200 Yard Freestyle, https://www.pacswim.org/userfiles/meets/documents/2945/bac-results.htm (retrieved via browser 2026-09-02, checksum-verified)",invitational,"place 76; hytek tags none; seed from official results; meet ran 2025-10-25 to 2025-10-26, event day not stated; 11 & Over age-group event, ages 11-19 present; one entry has a broken split line in the official file and enters final-time only"
S608,2025_BAC_SPOOKY_FALL,TYR-BAC Spooky Fall Classic,2025-10-25,15.0,M,200 FR,SCY,timed_final,,2:21.84,32.98,1:09.05,1:46.45,2:21.84,"Official Hy-Tek results, TYR-BAC Spooky Fall Classic 10/25-26/2025, Boys 11 & Over 200 Yard Freestyle, https://www.pacswim.org/userfiles/meets/documents/2945/bac-results.htm (retrieved via browser 2026-09-02, checksum-verified)",invitational,"place 77; hytek tags none; seed from official results; meet ran 2025-10-25 to 2025-10-26, event day not stated; 11 & Over age-group event, ages 11-19 present; one entry has a broken split line in the official file and enters final-time only"
S609,2025_BAC_SPOOKY_FALL,TYR-BAC Spooky Fall Classic,2025-10-25,13.0,M,200 FR,SCY,timed_final,,2:22.11,31.52,1:08.50,1:46.27,2:22.11,"Official Hy-Tek results, TYR-BAC Spooky Fall Classic 10/25-26/2025, Boys 11 & Over 200 Yard Freestyle, https://www.pacswim.org/userfiles/meets/documents/2945/bac-results.htm (retrieved via browser 2026-09-02, checksum-verified)",invitational,"place 78; hytek tags none; seed from official results; meet ran 2025-10-25 to 2025-10-26, event day not stated; 11 & Over age-group event, ages 11-19 present; one entry has a broken split line in the official file and enters final-time only"
S610,2025_BAC_SPOOKY_FALL,TYR-BAC Spooky Fall Classic,2025-10-25,13.0,M,200 FR,SCY,timed_final,,2:24.13,31.84,1:08.29,1:46.21,2:24.13,"Official Hy-Tek results, TYR-BAC Spooky Fall Classic 10/25-26/2025, Boys 11 & Over 200 Yard Freestyle, https://www.pacswim.org/userfiles/meets/documents/2945/bac-results.htm (retrieved via browser 2026-09-02, checksum-verified)",invitational,"place 79; hytek tags none; seed from official results; meet ran 2025-10-25 to 2025-10-26, event day not stated; 11 & Over age-group event, ages 11-19 present; one entry has a broken split line in the official file and enters final-time only"
S611,2025_BAC_SPOOKY_FALL,TYR-BAC Spooky Fall Classic,2025-10-25,16.0,M,200 FR,SCY,timed_final,,2:24.70,30.7,1:06.70,1:46.60,2:24.70,"Official Hy-Tek results, TYR-BAC Spooky Fall Classic 10/25-26/2025, Boys 11 & Over 200 Yard Freestyle, https://www.pacswim.org/userfiles/meets/documents/2945/bac-results.htm (retrieved via browser 2026-09-02, checksum-verified)",invitational,"place 80; hytek tags none; seed from official results; meet ran 2025-10-25 to 2025-10-26, event day not stated; 11 & Over age-group event, ages 11-19 present; one entry has a broken split line in the official file and enters final-time only"
S612,2025_BAC_SPOOKY_FALL,TYR-BAC Spooky Fall Classic,2025-10-25,13.0,M,200 FR,SCY,timed_final,,2:26.32,32.0,1:10.99,1:51.63,2:26.32,"Official Hy-Tek results, TYR-BAC Spooky Fall Classic 10/25-26/2025, Boys 11 & Over 200 Yard Freestyle, https://www.pacswim.org/userfiles/meets/documents/2945/bac-results.htm (retrieved via browser 2026-09-02, checksum-verified)",invitational,"place 81; hytek tags none; seed from official results; meet ran 2025-10-25 to 2025-10-26, event day not stated; 11 & Over age-group event, ages 11-19 present; one entry has a broken split line in the official file and enters final-time only"
S613,2025_BAC_SPOOKY_FALL,TYR-BAC Spooky Fall Classic,2025-10-25,12.0,M,200 FR,SCY,timed_final,,2:27.26,32.3,1:10.25,1:49.81,2:27.26,"Official Hy-Tek results, TYR-BAC Spooky Fall Classic 10/25-26/2025, Boys 11 & Over 200 Yard Freestyle, https://www.pacswim.org/userfiles/meets/documents/2945/bac-results.htm (retrieved via browser 2026-09-02, checksum-verified)",invitational,"place 82; hytek tags none; seed from official results; meet ran 2025-10-25 to 2025-10-26, event day not stated; 11 & Over age-group event, ages 11-19 present; one entry has a broken split line in the official file and enters final-time only"
S614,2025_BAC_SPOOKY_FALL,TYR-BAC Spooky Fall Classic,2025-10-25,14.0,M,200 FR,SCY,timed_final,,2:27.48,33.52,1:11.08,1:49.89,2:27.48,"Official Hy-Tek results, TYR-BAC Spooky Fall Classic 10/25-26/2025, Boys 11 & Over 200 Yard Freestyle, https://www.pacswim.org/userfiles/meets/documents/2945/bac-results.htm (retrieved via browser 2026-09-02, checksum-verified)",invitational,"place 83; hytek tags none; seed from official results; meet ran 2025-10-25 to 2025-10-26, event day not stated; 11 & Over age-group event, ages 11-19 present; one entry has a broken split line in the official file and enters final-time only"
S615,2025_BAC_SPOOKY_FALL,TYR-BAC Spooky Fall Classic,2025-10-25,12.0,M,200 FR,SCY,timed_final,,2:30.30,33.82,1:13.03,1:53.23,2:30.30,"Official Hy-Tek results, TYR-BAC Spooky Fall Classic 10/25-26/2025, Boys 11 & Over 200 Yard Freestyle, https://www.pacswim.org/userfiles/meets/documents/2945/bac-results.htm (retrieved via browser 2026-09-02, checksum-verified)",invitational,"place 84; hytek tags none; seed from official results; meet ran 2025-10-25 to 2025-10-26, event day not stated; 11 & Over age-group event, ages 11-19 present; one entry has a broken split line in the official file and enters final-time only"
S616,2025_BAC_SPOOKY_FALL,TYR-BAC Spooky Fall Classic,2025-10-25,15.0,M,200 FR,SCY,timed_final,,2:31.09,,,,,"Official Hy-Tek results, TYR-BAC Spooky Fall Classic 10/25-26/2025, Boys 11 & Over 200 Yard Freestyle, https://www.pacswim.org/userfiles/meets/documents/2945/bac-results.htm (retrieved via browser 2026-09-02, checksum-verified)",invitational,"place 85; hytek tags no split line published; seed from official results; meet ran 2025-10-25 to 2025-10-26, event day not stated; 11 & Over age-group event, ages 11-19 present; one entry has a broken split line in the official file and enters final-time only"
S617,2025_BAC_SPOOKY_FALL,TYR-BAC Spooky Fall Classic,2025-10-25,15.0,M,200 FR,SCY,timed_final,,2:31.79,32.55,1:10.54,1:53.25,2:31.79,"Official Hy-Tek results, TYR-BAC Spooky Fall Classic 10/25-26/2025, Boys 11 & Over 200 Yard Freestyle, https://www.pacswim.org/userfiles/meets/documents/2945/bac-results.htm (retrieved via browser 2026-09-02, checksum-verified)",invitational,"place 86; hytek tags none; seed from official results; meet ran 2025-10-25 to 2025-10-26, event day not stated; 11 & Over age-group event, ages 11-19 present; one entry has a broken split line in the official file and enters final-time only"
S618,2025_BAC_SPOOKY_FALL,TYR-BAC Spooky Fall Classic,2025-10-25,13.0,M,200 FR,SCY,timed_final,,2:32.89,31.2,1:09.75,1:51.22,2:32.89,"Official Hy-Tek results, TYR-BAC Spooky Fall Classic 10/25-26/2025, Boys 11 & Over 200 Yard Freestyle, https://www.pacswim.org/userfiles/meets/documents/2945/bac-results.htm (retrieved via browser 2026-09-02, checksum-verified)",invitational,"place 87; hytek tags none; seed from official results; meet ran 2025-10-25 to 2025-10-26, event day not stated; 11 & Over age-group event, ages 11-19 present; one entry has a broken split line in the official file and enters final-time only"
S619,2025_BAC_SPOOKY_FALL,TYR-BAC Spooky Fall Classic,2025-10-25,13.0,M,200 FR,SCY,timed_final,,2:33.72,35.44,1:14.14,1:54.71,2:33.72,"Official Hy-Tek results, TYR-BAC Spooky Fall Classic 10/25-26/2025, Boys 11 & Over 200 Yard Freestyle, https://www.pacswim.org/userfiles/meets/documents/2945/bac-results.htm (retrieved via browser 2026-09-02, checksum-verified)",invitational,"place 88; hytek tags none; seed from official results; meet ran 2025-10-25 to 2025-10-26, event day not stated; 11 & Over age-group event, ages 11-19 present; one entry has a broken split line in the official file and enters final-time only"
S620,2025_BAC_SPOOKY_FALL,TYR-BAC Spooky Fall Classic,2025-10-25,13.0,M,200 FR,SCY,timed_final,,2:34.02,32.33,1:10.94,1:52.66,2:34.02,"Official Hy-Tek results, TYR-BAC Spooky Fall Classic 10/25-26/2025, Boys 11 & Over 200 Yard Freestyle, https://www.pacswim.org/userfiles/meets/documents/2945/bac-results.htm (retrieved via browser 2026-09-02, checksum-verified)",invitational,"place 89; hytek tags none; seed from official results; meet ran 2025-10-25 to 2025-10-26, event day not stated; 11 & Over age-group event, ages 11-19 present; one entry has a broken split line in the official file and enters final-time only"
S621,2025_BAC_SPOOKY_FALL,TYR-BAC Spooky Fall Classic,2025-10-25,13.0,M,200 FR,SCY,timed_final,,2:34.11,33.1,1:11.52,1:52.00,2:34.11,"Official Hy-Tek results, TYR-BAC Spooky Fall Classic 10/25-26/2025, Boys 11 & Over 200 Yard Freestyle, https://www.pacswim.org/userfiles/meets/documents/2945/bac-results.htm (retrieved via browser 2026-09-02, checksum-verified)",invitational,"place 90; hytek tags none; seed from official results; meet ran 2025-10-25 to 2025-10-26, event day not stated; 11 & Over age-group event, ages 11-19 present; one entry has a broken split line in the official file and enters final-time only"
S622,2025_BAC_SPOOKY_FALL,TYR-BAC Spooky Fall Classic,2025-10-25,13.0,M,200 FR,SCY,timed_final,,2:34.33,33.25,1:11.26,1:52.68,2:34.33,"Official Hy-Tek results, TYR-BAC Spooky Fall Classic 10/25-26/2025, Boys 11 & Over 200 Yard Freestyle, https://www.pacswim.org/userfiles/meets/documents/2945/bac-results.htm (retrieved via browser 2026-09-02, checksum-verified)",invitational,"place 91; hytek tags none; seed from official results; meet ran 2025-10-25 to 2025-10-26, event day not stated; 11 & Over age-group event, ages 11-19 present; one entry has a broken split line in the official file and enters final-time only"
S623,2025_BAC_SPOOKY_FALL,TYR-BAC Spooky Fall Classic,2025-10-25,11.0,M,200 FR,SCY,timed_final,,2:35.43,35.53,1:15.36,1:56.27,2:35.43,"Official Hy-Tek results, TYR-BAC Spooky Fall Classic 10/25-26/2025, Boys 11 & Over 200 Yard Freestyle, https://www.pacswim.org/userfiles/meets/documents/2945/bac-results.htm (retrieved via browser 2026-09-02, checksum-verified)",invitational,"place 92; hytek tags none; seed from official results; meet ran 2025-10-25 to 2025-10-26, event day not stated; 11 & Over age-group event, ages 11-19 present; one entry has a broken split line in the official file and enters final-time only"
S624,2025_BAC_SPOOKY_FALL,TYR-BAC Spooky Fall Classic,2025-10-25,12.0,M,200 FR,SCY,timed_final,,2:38.05,35.52,1:15.36,1:57.27,2:38.05,"Official Hy-Tek results, TYR-BAC Spooky Fall Classic 10/25-26/2025, Boys 11 & Over 200 Yard Freestyle, https://www.pacswim.org/userfiles/meets/documents/2945/bac-results.htm (retrieved via browser 2026-09-02, checksum-verified)",invitational,"place 93; hytek tags none; seed from official results; meet ran 2025-10-25 to 2025-10-26, event day not stated; 11 & Over age-group event, ages 11-19 present; one entry has a broken split line in the official file and enters final-time only"
S625,2025_BAC_SPOOKY_FALL,TYR-BAC Spooky Fall Classic,2025-10-25,12.0,M,200 FR,SCY,timed_final,,2:39.54,36.05,1:16.72,1:58.85,2:39.54,"Official Hy-Tek results, TYR-BAC Spooky Fall Classic 10/25-26/2025, Boys 11 & Over 200 Yard Freestyle, https://www.pacswim.org/userfiles/meets/documents/2945/bac-results.htm (retrieved via browser 2026-09-02, checksum-verified)",invitational,"place 94; hytek tags none; seed from official results; meet ran 2025-10-25 to 2025-10-26, event day not stated; 11 & Over age-group event, ages 11-19 present; one entry has a broken split line in the official file and enters final-time only"
S626,2025_BAC_SPOOKY_FALL,TYR-BAC Spooky Fall Classic,2025-10-25,14.0,M,200 FR,SCY,timed_final,,2:41.34,35.16,1:14.93,1:58.27,2:41.34,"Official Hy-Tek results, TYR-BAC Spooky Fall Classic 10/25-26/2025, Boys 11 & Over 200 Yard Freestyle, https://www.pacswim.org/userfiles/meets/documents/2945/bac-results.htm (retrieved via browser 2026-09-02, checksum-verified)",invitational,"place 95; hytek tags none; seed from official results; meet ran 2025-10-25 to 2025-10-26, event day not stated; 11 & Over age-group event, ages 11-19 present; one entry has a broken split line in the official file and enters final-time only"
S627,2025_BAC_SPOOKY_FALL,TYR-BAC Spooky Fall Classic,2025-10-25,13.0,M,200 FR,SCY,timed_final,,2:42.75,35.99,1:17.42,2:00.88,2:42.75,"Official Hy-Tek results, TYR-BAC Spooky Fall Classic 10/25-26/2025, Boys 11 & Over 200 Yard Freestyle, https://www.pacswim.org/userfiles/meets/documents/2945/bac-results.htm (retrieved via browser 2026-09-02, checksum-verified)",invitational,"place 96; hytek tags none; seed from official results; meet ran 2025-10-25 to 2025-10-26, event day not stated; 11 & Over age-group event, ages 11-19 present; one entry has a broken split line in the official file and enters final-time only"
S628,2025_BAC_SPOOKY_FALL,TYR-BAC Spooky Fall Classic,2025-10-25,13.0,M,200 FR,SCY,timed_final,,2:44.55,35.16,1:17.63,2:01.89,2:44.55,"Official Hy-Tek results, TYR-BAC Spooky Fall Classic 10/25-26/2025, Boys 11 & Over 200 Yard Freestyle, https://www.pacswim.org/userfiles/meets/documents/2945/bac-results.htm (retrieved via browser 2026-09-02, checksum-verified)",invitational,"place 97; hytek tags none; seed from official results; meet ran 2025-10-25 to 2025-10-26, event day not stated; 11 & Over age-group event, ages 11-19 present; one entry has a broken split line in the official file and enters final-time only"
S629,2025_BAC_SPOOKY_FALL,TYR-BAC Spooky Fall Classic,2025-10-25,12.0,M,200 FR,SCY,timed_final,,2:52.19,35.7,1:20.16,2:06.98,2:52.19,"Official Hy-Tek results, TYR-BAC Spooky Fall Classic 10/25-26/2025, Boys 11 & Over 200 Yard Freestyle, https://www.pacswim.org/userfiles/meets/documents/2945/bac-results.htm (retrieved via browser 2026-09-02, checksum-verified)",invitational,"place 98; hytek tags none; seed from official results; meet ran 2025-10-25 to 2025-10-26, event day not stated; 11 & Over age-group event, ages 11-19 present; one entry has a broken split line in the official file and enters final-time only"
S630,2025_BAC_SPOOKY_FALL,TYR-BAC Spooky Fall Classic,2025-10-25,12.0,M,200 FR,SCY,timed_final,,2:52.91,37.81,1:21.94,2:08.58,2:52.91,"Official Hy-Tek results, TYR-BAC Spooky Fall Classic 10/25-26/2025, Boys 11 & Over 200 Yard Freestyle, https://www.pacswim.org/userfiles/meets/documents/2945/bac-results.htm (retrieved via browser 2026-09-02, checksum-verified)",invitational,"place 99; hytek tags none; seed from official results; meet ran 2025-10-25 to 2025-10-26, event day not stated; 11 & Over age-group event, ages 11-19 present; one entry has a broken split line in the official file and enters final-time only"
S631,2025_BAC_SPOOKY_FALL,TYR-BAC Spooky Fall Classic,2025-10-25,13.0,M,200 FR,SCY,timed_final,,2:56.48,38.78,1:22.34,2:08.48,2:56.48,"Official Hy-Tek results, TYR-BAC Spooky Fall Classic 10/25-26/2025, Boys 11 & Over 200 Yard Freestyle, https://www.pacswim.org/userfiles/meets/documents/2945/bac-results.htm (retrieved via browser 2026-09-02, checksum-verified)",invitational,"place 100; hytek tags none; seed from official results; meet ran 2025-10-25 to 2025-10-26, event day not stated; 11 & Over age-group event, ages 11-19 present; one entry has a broken split line in the official file and enters final-time only"
S632,2025_BAC_SPOOKY_FALL,TYR-BAC Spooky Fall Classic,2025-10-25,11.0,M,200 FR,SCY,timed_final,,3:00.98,41.11,1:29.11,2:16.81,3:00.98,"Official Hy-Tek results, TYR-BAC Spooky Fall Classic 10/25-26/2025, Boys 11 & Over 200 Yard Freestyle, https://www.pacswim.org/userfiles/meets/documents/2945/bac-results.htm (retrieved via browser 2026-09-02, checksum-verified)",invitational,"place 101; hytek tags none; seed from official results; meet ran 2025-10-25 to 2025-10-26, event day not stated; 11 & Over age-group event, ages 11-19 present; one entry has a broken split line in the official file and enters final-time only"
S633,2025_BAC_SPOOKY_FALL,TYR-BAC Spooky Fall Classic,2025-10-25,13.0,M,200 FR,SCY,timed_final,,3:14.78,44.28,1:35.60,2:27.47,3:14.78,"Official Hy-Tek results, TYR-BAC Spooky Fall Classic 10/25-26/2025, Boys 11 & Over 200 Yard Freestyle, https://www.pacswim.org/userfiles/meets/documents/2945/bac-results.htm (retrieved via browser 2026-09-02, checksum-verified)",invitational,"place 102; hytek tags none; seed from official results; meet ran 2025-10-25 to 2025-10-26, event day not stated; 11 & Over age-group event, ages 11-19 present; one entry has a broken split line in the official file and enters final-time only"
S634,2025_BAC_SPOOKY_FALL,TYR-BAC Spooky Fall Classic,2025-10-25,13.0,M,200 FR,SCY,timed_final,,4:11.11,49.2,1:55.99,3:05.16,4:11.11,"Official Hy-Tek results, TYR-BAC Spooky Fall Classic 10/25-26/2025, Boys 11 & Over 200 Yard Freestyle, https://www.pacswim.org/userfiles/meets/documents/2945/bac-results.htm (retrieved via browser 2026-09-02, checksum-verified)",invitational,"place 103; hytek tags none; seed from official results; meet ran 2025-10-25 to 2025-10-26, event day not stated; 11 & Over age-group event, ages 11-19 present; one entry has a broken split line in the official file and enters final-time only"
S635,2025_ALTO_FALL_FROLIC,ALTO Fall Frolic,2025-11-15,17.0,M,200 FR,SCY,timed_final,,1:42.87,24.06,50.01,1:16.57,1:42.87,"Official Hy-Tek results, Alto Nov 15-16 Fall Frolic 11/15-16/2025, Boys 11 & Over 200 Yard Freestyle (two sessions), https://www.pacswim.org/userfiles/meets/documents/2947/alto-results.htm (retrieved via browser 2026-09-02, checksum-verified)",invitational,"place 1; hytek tags none; seed from official results; meet ran 2025-11-15 to 2025-11-16; the event was held as two separately listed sessions, both ingested; one entry has no split line in the official file and enters final-time only"
S182,2025_ALTO_FALL_FROLIC,ALTO Fall Frolic,2025-11-15,17.0,M,200 FR,SCY,timed_final,,1:45.91,24.82,51.64,1:18.93,1:45.91,"Official Hy-Tek results, Alto Nov 15-16 Fall Frolic 11/15-16/2025, Boys 11 & Over 200 Yard Freestyle (two sessions), https://www.pacswim.org/userfiles/meets/documents/2947/alto-results.htm (retrieved via browser 2026-09-02, checksum-verified)",invitational,"place 2; hytek tags none; seed from official results; meet ran 2025-11-15 to 2025-11-16; the event was held as two separately listed sessions, both ingested; one entry has no split line in the official file and enters final-time only"
S636,2025_ALTO_FALL_FROLIC,ALTO Fall Frolic,2025-11-15,17.0,M,200 FR,SCY,timed_final,,1:50.00,25.03,52.67,1:21.23,1:50.00,"Official Hy-Tek results, Alto Nov 15-16 Fall Frolic 11/15-16/2025, Boys 11 & Over 200 Yard Freestyle (two sessions), https://www.pacswim.org/userfiles/meets/documents/2947/alto-results.htm (retrieved via browser 2026-09-02, checksum-verified)",invitational,"place 3; hytek tags none; seed from official results; meet ran 2025-11-15 to 2025-11-16; the event was held as two separately listed sessions, both ingested; one entry has no split line in the official file and enters final-time only"
S637,2025_ALTO_FALL_FROLIC,ALTO Fall Frolic,2025-11-15,13.0,M,200 FR,SCY,timed_final,,1:53.21,25.67,55.09,1:25.00,1:53.21,"Official Hy-Tek results, Alto Nov 15-16 Fall Frolic 11/15-16/2025, Boys 11 & Over 200 Yard Freestyle (two sessions), https://www.pacswim.org/userfiles/meets/documents/2947/alto-results.htm (retrieved via browser 2026-09-02, checksum-verified)",invitational,"place 4; hytek tags none; seed from official results; meet ran 2025-11-15 to 2025-11-16; the event was held as two separately listed sessions, both ingested; one entry has no split line in the official file and enters final-time only"
S299,2025_ALTO_FALL_FROLIC,ALTO Fall Frolic,2025-11-15,12.0,M,200 FR,SCY,timed_final,,1:53.50,26.32,54.75,1:23.91,1:53.50,"Official Hy-Tek results, Alto Nov 15-16 Fall Frolic 11/15-16/2025, Boys 11 & Over 200 Yard Freestyle (two sessions), https://www.pacswim.org/userfiles/meets/documents/2947/alto-results.htm (retrieved via browser 2026-09-02, checksum-verified)",invitational,"place 5; hytek tags none; seed from official results; meet ran 2025-11-15 to 2025-11-16; the event was held as two separately listed sessions, both ingested; one entry has no split line in the official file and enters final-time only"
S638,2025_ALTO_FALL_FROLIC,ALTO Fall Frolic,2025-11-15,13.0,M,200 FR,SCY,timed_final,,1:54.22,26.19,55.44,1:24.88,1:54.22,"Official Hy-Tek results, Alto Nov 15-16 Fall Frolic 11/15-16/2025, Boys 11 & Over 200 Yard Freestyle (two sessions), https://www.pacswim.org/userfiles/meets/documents/2947/alto-results.htm (retrieved via browser 2026-09-02, checksum-verified)",invitational,"place 6; hytek tags none; seed from official results; meet ran 2025-11-15 to 2025-11-16; the event was held as two separately listed sessions, both ingested; one entry has no split line in the official file and enters final-time only"
S639,2025_ALTO_FALL_FROLIC,ALTO Fall Frolic,2025-11-15,16.0,M,200 FR,SCY,timed_final,,2:00.63,26.96,57.01,1:28.53,2:00.63,"Official Hy-Tek results, Alto Nov 15-16 Fall Frolic 11/15-16/2025, Boys 11 & Over 200 Yard Freestyle (two sessions), https://www.pacswim.org/userfiles/meets/documents/2947/alto-results.htm (retrieved via browser 2026-09-02, checksum-verified)",invitational,"place 7; hytek tags none; seed from official results; meet ran 2025-11-15 to 2025-11-16; the event was held as two separately listed sessions, both ingested; one entry has no split line in the official file and enters final-time only"
S640,2025_ALTO_FALL_FROLIC,ALTO Fall Frolic,2025-11-15,12.0,M,200 FR,SCY,timed_final,,2:01.51,27.1,57.40,1:29.56,2:01.51,"Official Hy-Tek results, Alto Nov 15-16 Fall Frolic 11/15-16/2025, Boys 11 & Over 200 Yard Freestyle (two sessions), https://www.pacswim.org/userfiles/meets/documents/2947/alto-results.htm (retrieved via browser 2026-09-02, checksum-verified)",invitational,"place 8; hytek tags none; seed from official results; meet ran 2025-11-15 to 2025-11-16; the event was held as two separately listed sessions, both ingested; one entry has no split line in the official file and enters final-time only"
S641,2025_ALTO_FALL_FROLIC,ALTO Fall Frolic,2025-11-15,14.0,M,200 FR,SCY,timed_final,,2:02.75,27.65,58.85,1:31.32,2:02.75,"Official Hy-Tek results, Alto Nov 15-16 Fall Frolic 11/15-16/2025, Boys 11 & Over 200 Yard Freestyle (two sessions), https://www.pacswim.org/userfiles/meets/documents/2947/alto-results.htm (retrieved via browser 2026-09-02, checksum-verified)",invitational,"place 9; hytek tags none; seed from official results; meet ran 2025-11-15 to 2025-11-16; the event was held as two separately listed sessions, both ingested; one entry has no split line in the official file and enters final-time only"
S642,2025_ALTO_FALL_FROLIC,ALTO Fall Frolic,2025-11-15,13.0,M,200 FR,SCY,timed_final,,2:03.47,28.02,58.82,1:31.00,2:03.47,"Official Hy-Tek results, Alto Nov 15-16 Fall Frolic 11/15-16/2025, Boys 11 & Over 200 Yard Freestyle (two sessions), https://www.pacswim.org/userfiles/meets/documents/2947/alto-results.htm (retrieved via browser 2026-09-02, checksum-verified)",invitational,"place 10; hytek tags none; seed from official results; meet ran 2025-11-15 to 2025-11-16; the event was held as two separately listed sessions, both ingested; one entry has no split line in the official file and enters final-time only"
S643,2025_ALTO_FALL_FROLIC,ALTO Fall Frolic,2025-11-15,12.0,M,200 FR,SCY,timed_final,,2:08.41,29.29,1:01.19,1:35.21,2:08.41,"Official Hy-Tek results, Alto Nov 15-16 Fall Frolic 11/15-16/2025, Boys 11 & Over 200 Yard Freestyle (two sessions), https://www.pacswim.org/userfiles/meets/documents/2947/alto-results.htm (retrieved via browser 2026-09-02, checksum-verified)",invitational,"place 11; hytek tags none; seed from official results; meet ran 2025-11-15 to 2025-11-16; the event was held as two separately listed sessions, both ingested; one entry has no split line in the official file and enters final-time only"
S644,2025_ALTO_FALL_FROLIC,ALTO Fall Frolic,2025-11-15,13.0,M,200 FR,SCY,timed_final,,2:08.98,28.86,1:02.02,1:36.21,2:08.98,"Official Hy-Tek results, Alto Nov 15-16 Fall Frolic 11/15-16/2025, Boys 11 & Over 200 Yard Freestyle (two sessions), https://www.pacswim.org/userfiles/meets/documents/2947/alto-results.htm (retrieved via browser 2026-09-02, checksum-verified)",invitational,"place 12; hytek tags none; seed from official results; meet ran 2025-11-15 to 2025-11-16; the event was held as two separately listed sessions, both ingested; one entry has no split line in the official file and enters final-time only"
S645,2025_ALTO_FALL_FROLIC,ALTO Fall Frolic,2025-11-15,16.0,M,200 FR,SCY,timed_final,,2:09.15,29.55,1:01.92,1:35.34,2:09.15,"Official Hy-Tek results, Alto Nov 15-16 Fall Frolic 11/15-16/2025, Boys 11 & Over 200 Yard Freestyle (two sessions), https://www.pacswim.org/userfiles/meets/documents/2947/alto-results.htm (retrieved via browser 2026-09-02, checksum-verified)",invitational,"place 13; hytek tags none; seed from official results; meet ran 2025-11-15 to 2025-11-16; the event was held as two separately listed sessions, both ingested; one entry has no split line in the official file and enters final-time only"
S646,2025_ALTO_FALL_FROLIC,ALTO Fall Frolic,2025-11-15,13.0,M,200 FR,SCY,timed_final,,2:09.42,28.47,1:02.25,1:36.74,2:09.42,"Official Hy-Tek results, Alto Nov 15-16 Fall Frolic 11/15-16/2025, Boys 11 & Over 200 Yard Freestyle (two sessions), https://www.pacswim.org/userfiles/meets/documents/2947/alto-results.htm (retrieved via browser 2026-09-02, checksum-verified)",invitational,"place 14; hytek tags none; seed from official results; meet ran 2025-11-15 to 2025-11-16; the event was held as two separately listed sessions, both ingested; one entry has no split line in the official file and enters final-time only"
S324,2025_ALTO_FALL_FROLIC,ALTO Fall Frolic,2025-11-15,11.0,M,200 FR,SCY,timed_final,,2:10.94,30.86,1:04.49,1:38.43,2:10.94,"Official Hy-Tek results, Alto Nov 15-16 Fall Frolic 11/15-16/2025, Boys 11 & Over 200 Yard Freestyle (two sessions), https://www.pacswim.org/userfiles/meets/documents/2947/alto-results.htm (retrieved via browser 2026-09-02, checksum-verified)",invitational,"place 15; hytek tags none; seed from official results; meet ran 2025-11-15 to 2025-11-16; the event was held as two separately listed sessions, both ingested; one entry has no split line in the official file and enters final-time only"
S647,2025_ALTO_FALL_FROLIC,ALTO Fall Frolic,2025-11-15,14.0,M,200 FR,SCY,timed_final,,2:11.47,28.99,1:02.49,1:37.37,2:11.47,"Official Hy-Tek results, Alto Nov 15-16 Fall Frolic 11/15-16/2025, Boys 11 & Over 200 Yard Freestyle (two sessions), https://www.pacswim.org/userfiles/meets/documents/2947/alto-results.htm (retrieved via browser 2026-09-02, checksum-verified)",invitational,"place 16; hytek tags none; seed from official results; meet ran 2025-11-15 to 2025-11-16; the event was held as two separately listed sessions, both ingested; one entry has no split line in the official file and enters final-time only"
S648,2025_ALTO_FALL_FROLIC,ALTO Fall Frolic,2025-11-15,13.0,M,200 FR,SCY,timed_final,,2:12.12,29.97,1:03.43,1:37.59,2:12.12,"Official Hy-Tek results, Alto Nov 15-16 Fall Frolic 11/15-16/2025, Boys 11 & Over 200 Yard Freestyle (two sessions), https://www.pacswim.org/userfiles/meets/documents/2947/alto-results.htm (retrieved via browser 2026-09-02, checksum-verified)",invitational,"place 17; hytek tags none; seed from official results; meet ran 2025-11-15 to 2025-11-16; the event was held as two separately listed sessions, both ingested; one entry has no split line in the official file and enters final-time only"
S649,2025_ALTO_FALL_FROLIC,ALTO Fall Frolic,2025-11-15,14.0,M,200 FR,SCY,timed_final,,2:12.24,29.38,1:03.15,1:38.21,2:12.24,"Official Hy-Tek results, Alto Nov 15-16 Fall Frolic 11/15-16/2025, Boys 11 & Over 200 Yard Freestyle (two sessions), https://www.pacswim.org/userfiles/meets/documents/2947/alto-results.htm (retrieved via browser 2026-09-02, checksum-verified)",invitational,"place 18; hytek tags none; seed from official results; meet ran 2025-11-15 to 2025-11-16; the event was held as two separately listed sessions, both ingested; one entry has no split line in the official file and enters final-time only"
S650,2025_ALTO_FALL_FROLIC,ALTO Fall Frolic,2025-11-15,11.0,M,200 FR,SCY,timed_final,,2:12.73,29.8,1:03.71,1:38.71,2:12.73,"Official Hy-Tek results, Alto Nov 15-16 Fall Frolic 11/15-16/2025, Boys 11 & Over 200 Yard Freestyle (two sessions), https://www.pacswim.org/userfiles/meets/documents/2947/alto-results.htm (retrieved via browser 2026-09-02, checksum-verified)",invitational,"place 19; hytek tags none; seed from official results; meet ran 2025-11-15 to 2025-11-16; the event was held as two separately listed sessions, both ingested; one entry has no split line in the official file and enters final-time only"
S651,2025_ALTO_FALL_FROLIC,ALTO Fall Frolic,2025-11-15,14.0,M,200 FR,SCY,timed_final,,2:13.63,30.89,1:04.71,1:39.74,2:13.63,"Official Hy-Tek results, Alto Nov 15-16 Fall Frolic 11/15-16/2025, Boys 11 & Over 200 Yard Freestyle (two sessions), https://www.pacswim.org/userfiles/meets/documents/2947/alto-results.htm (retrieved via browser 2026-09-02, checksum-verified)",invitational,"place 20; hytek tags none; seed from official results; meet ran 2025-11-15 to 2025-11-16; the event was held as two separately listed sessions, both ingested; one entry has no split line in the official file and enters final-time only"
S652,2025_ALTO_FALL_FROLIC,ALTO Fall Frolic,2025-11-15,12.0,M,200 FR,SCY,timed_final,,2:14.11,30.63,1:04.13,1:39.20,2:14.11,"Official Hy-Tek results, Alto Nov 15-16 Fall Frolic 11/15-16/2025, Boys 11 & Over 200 Yard Freestyle (two sessions), https://www.pacswim.org/userfiles/meets/documents/2947/alto-results.htm (retrieved via browser 2026-09-02, checksum-verified)",invitational,"place 21; hytek tags none; seed from official results; meet ran 2025-11-15 to 2025-11-16; the event was held as two separately listed sessions, both ingested; one entry has no split line in the official file and enters final-time only"
S653,2025_ALTO_FALL_FROLIC,ALTO Fall Frolic,2025-11-15,11.0,M,200 FR,SCY,timed_final,,2:14.90,30.53,1:04.78,1:40.89,2:14.90,"Official Hy-Tek results, Alto Nov 15-16 Fall Frolic 11/15-16/2025, Boys 11 & Over 200 Yard Freestyle (two sessions), https://www.pacswim.org/userfiles/meets/documents/2947/alto-results.htm (retrieved via browser 2026-09-02, checksum-verified)",invitational,"place 22; hytek tags none; seed from official results; meet ran 2025-11-15 to 2025-11-16; the event was held as two separately listed sessions, both ingested; one entry has no split line in the official file and enters final-time only"
S654,2025_ALTO_FALL_FROLIC,ALTO Fall Frolic,2025-11-15,12.0,M,200 FR,SCY,timed_final,,2:14.98,28.48,1:01.94,1:38.67,2:14.98,"Official Hy-Tek results, Alto Nov 15-16 Fall Frolic 11/15-16/2025, Boys 11 & Over 200 Yard Freestyle (two sessions), https://www.pacswim.org/userfiles/meets/documents/2947/alto-results.htm (retrieved via browser 2026-09-02, checksum-verified)",invitational,"place 23; hytek tags none; seed from official results; meet ran 2025-11-15 to 2025-11-16; the event was held as two separately listed sessions, both ingested; one entry has no split line in the official file and enters final-time only"
S317,2025_ALTO_FALL_FROLIC,ALTO Fall Frolic,2025-11-15,11.0,M,200 FR,SCY,timed_final,,2:15.46,32.96,1:08.84,1:43.85,2:15.46,"Official Hy-Tek results, Alto Nov 15-16 Fall Frolic 11/15-16/2025, Boys 11 & Over 200 Yard Freestyle (two sessions), https://www.pacswim.org/userfiles/meets/documents/2947/alto-results.htm (retrieved via browser 2026-09-02, checksum-verified)",invitational,"place 24; hytek tags none; seed from official results; meet ran 2025-11-15 to 2025-11-16; the event was held as two separately listed sessions, both ingested; one entry has no split line in the official file and enters final-time only"
S655,2025_ALTO_FALL_FROLIC,ALTO Fall Frolic,2025-11-15,14.0,M,200 FR,SCY,timed_final,,2:15.71,30.08,1:03.62,1:39.51,2:15.71,"Official Hy-Tek results, Alto Nov 15-16 Fall Frolic 11/15-16/2025, Boys 11 & Over 200 Yard Freestyle (two sessions), https://www.pacswim.org/userfiles/meets/documents/2947/alto-results.htm (retrieved via browser 2026-09-02, checksum-verified)",invitational,"place 25; hytek tags none; seed from official results; meet ran 2025-11-15 to 2025-11-16; the event was held as two separately listed sessions, both ingested; one entry has no split line in the official file and enters final-time only"
S656,2025_ALTO_FALL_FROLIC,ALTO Fall Frolic,2025-11-15,11.0,M,200 FR,SCY,timed_final,,2:15.94,30.15,1:04.67,1:40.85,2:15.94,"Official Hy-Tek results, Alto Nov 15-16 Fall Frolic 11/15-16/2025, Boys 11 & Over 200 Yard Freestyle (two sessions), https://www.pacswim.org/userfiles/meets/documents/2947/alto-results.htm (retrieved via browser 2026-09-02, checksum-verified)",invitational,"place 26; hytek tags none; seed from official results; meet ran 2025-11-15 to 2025-11-16; the event was held as two separately listed sessions, both ingested; one entry has no split line in the official file and enters final-time only"
S657,2025_ALTO_FALL_FROLIC,ALTO Fall Frolic,2025-11-15,13.0,M,200 FR,SCY,timed_final,,2:16.69,30.06,1:04.62,1:41.58,2:16.69,"Official Hy-Tek results, Alto Nov 15-16 Fall Frolic 11/15-16/2025, Boys 11 & Over 200 Yard Freestyle (two sessions), https://www.pacswim.org/userfiles/meets/documents/2947/alto-results.htm (retrieved via browser 2026-09-02, checksum-verified)",invitational,"place 27; hytek tags none; seed from official results; meet ran 2025-11-15 to 2025-11-16; the event was held as two separately listed sessions, both ingested; one entry has no split line in the official file and enters final-time only"
S658,2025_ALTO_FALL_FROLIC,ALTO Fall Frolic,2025-11-15,15.0,M,200 FR,SCY,timed_final,,2:18.12,30.93,1:04.94,1:41.49,2:18.12,"Official Hy-Tek results, Alto Nov 15-16 Fall Frolic 11/15-16/2025, Boys 11 & Over 200 Yard Freestyle (two sessions), https://www.pacswim.org/userfiles/meets/documents/2947/alto-results.htm (retrieved via browser 2026-09-02, checksum-verified)",invitational,"place 28; hytek tags none; seed from official results; meet ran 2025-11-15 to 2025-11-16; the event was held as two separately listed sessions, both ingested; one entry has no split line in the official file and enters final-time only"
S659,2025_ALTO_FALL_FROLIC,ALTO Fall Frolic,2025-11-15,11.0,M,200 FR,SCY,timed_final,,2:18.56,31.51,1:06.66,1:42.58,2:18.56,"Official Hy-Tek results, Alto Nov 15-16 Fall Frolic 11/15-16/2025, Boys 11 & Over 200 Yard Freestyle (two sessions), https://www.pacswim.org/userfiles/meets/documents/2947/alto-results.htm (retrieved via browser 2026-09-02, checksum-verified)",invitational,"place 29; hytek tags none; seed from official results; meet ran 2025-11-15 to 2025-11-16; the event was held as two separately listed sessions, both ingested; one entry has no split line in the official file and enters final-time only"
S660,2025_ALTO_FALL_FROLIC,ALTO Fall Frolic,2025-11-15,13.0,M,200 FR,SCY,timed_final,,2:18.62,29.62,1:05.15,1:42.65,2:18.62,"Official Hy-Tek results, Alto Nov 15-16 Fall Frolic 11/15-16/2025, Boys 11 & Over 200 Yard Freestyle (two sessions), https://www.pacswim.org/userfiles/meets/documents/2947/alto-results.htm (retrieved via browser 2026-09-02, checksum-verified)",invitational,"place 30; hytek tags none; seed from official results; meet ran 2025-11-15 to 2025-11-16; the event was held as two separately listed sessions, both ingested; one entry has no split line in the official file and enters final-time only"
S661,2025_ALTO_FALL_FROLIC,ALTO Fall Frolic,2025-11-15,13.0,M,200 FR,SCY,timed_final,,2:20.40,31.54,1:07.12,1:44.45,2:20.40,"Official Hy-Tek results, Alto Nov 15-16 Fall Frolic 11/15-16/2025, Boys 11 & Over 200 Yard Freestyle (two sessions), https://www.pacswim.org/userfiles/meets/documents/2947/alto-results.htm (retrieved via browser 2026-09-02, checksum-verified)",invitational,"place 31; hytek tags none; seed from official results; meet ran 2025-11-15 to 2025-11-16; the event was held as two separately listed sessions, both ingested; one entry has no split line in the official file and enters final-time only"
S662,2025_ALTO_FALL_FROLIC,ALTO Fall Frolic,2025-11-15,12.0,M,200 FR,SCY,timed_final,,2:20.50,31.97,1:07.10,1:43.88,2:20.50,"Official Hy-Tek results, Alto Nov 15-16 Fall Frolic 11/15-16/2025, Boys 11 & Over 200 Yard Freestyle (two sessions), https://www.pacswim.org/userfiles/meets/documents/2947/alto-results.htm (retrieved via browser 2026-09-02, checksum-verified)",invitational,"place 32; hytek tags none; seed from official results; meet ran 2025-11-15 to 2025-11-16; the event was held as two separately listed sessions, both ingested; one entry has no split line in the official file and enters final-time only"
S663,2025_ALTO_FALL_FROLIC,ALTO Fall Frolic,2025-11-15,11.0,M,200 FR,SCY,timed_final,,2:20.65,30.76,1:06.30,1:43.20,2:20.65,"Official Hy-Tek results, Alto Nov 15-16 Fall Frolic 11/15-16/2025, Boys 11 & Over 200 Yard Freestyle (two sessions), https://www.pacswim.org/userfiles/meets/documents/2947/alto-results.htm (retrieved via browser 2026-09-02, checksum-verified)",invitational,"place 33; hytek tags none; seed from official results; meet ran 2025-11-15 to 2025-11-16; the event was held as two separately listed sessions, both ingested; one entry has no split line in the official file and enters final-time only"
S664,2025_ALTO_FALL_FROLIC,ALTO Fall Frolic,2025-11-15,13.0,M,200 FR,SCY,timed_final,,2:24.40,32.67,1:09.93,1:49.04,2:24.40,"Official Hy-Tek results, Alto Nov 15-16 Fall Frolic 11/15-16/2025, Boys 11 & Over 200 Yard Freestyle (two sessions), https://www.pacswim.org/userfiles/meets/documents/2947/alto-results.htm (retrieved via browser 2026-09-02, checksum-verified)",invitational,"place 34; hytek tags none; seed from official results; meet ran 2025-11-15 to 2025-11-16; the event was held as two separately listed sessions, both ingested; one entry has no split line in the official file and enters final-time only"
S665,2025_ALTO_FALL_FROLIC,ALTO Fall Frolic,2025-11-15,11.0,M,200 FR,SCY,timed_final,,2:25.05,33.29,1:10.12,1:48.22,2:25.05,"Official Hy-Tek results, Alto Nov 15-16 Fall Frolic 11/15-16/2025, Boys 11 & Over 200 Yard Freestyle (two sessions), https://www.pacswim.org/userfiles/meets/documents/2947/alto-results.htm (retrieved via browser 2026-09-02, checksum-verified)",invitational,"place 35; hytek tags none; seed from official results; meet ran 2025-11-15 to 2025-11-16; the event was held as two separately listed sessions, both ingested; one entry has no split line in the official file and enters final-time only"
S666,2025_ALTO_FALL_FROLIC,ALTO Fall Frolic,2025-11-15,13.0,M,200 FR,SCY,timed_final,,2:26.27,32.67,1:11.51,1:51.02,2:26.27,"Official Hy-Tek results, Alto Nov 15-16 Fall Frolic 11/15-16/2025, Boys 11 & Over 200 Yard Freestyle (two sessions), https://www.pacswim.org/userfiles/meets/documents/2947/alto-results.htm (retrieved via browser 2026-09-02, checksum-verified)",invitational,"place 36; hytek tags none; seed from official results; meet ran 2025-11-15 to 2025-11-16; the event was held as two separately listed sessions, both ingested; one entry has no split line in the official file and enters final-time only"
S667,2025_ALTO_FALL_FROLIC,ALTO Fall Frolic,2025-11-15,13.0,M,200 FR,SCY,timed_final,,2:27.06,32.63,1:10.27,1:49.81,2:27.06,"Official Hy-Tek results, Alto Nov 15-16 Fall Frolic 11/15-16/2025, Boys 11 & Over 200 Yard Freestyle (two sessions), https://www.pacswim.org/userfiles/meets/documents/2947/alto-results.htm (retrieved via browser 2026-09-02, checksum-verified)",invitational,"place 37; hytek tags none; seed from official results; meet ran 2025-11-15 to 2025-11-16; the event was held as two separately listed sessions, both ingested; one entry has no split line in the official file and enters final-time only"
S668,2025_ALTO_FALL_FROLIC,ALTO Fall Frolic,2025-11-15,13.0,M,200 FR,SCY,timed_final,,2:33.36,33.67,1:13.83,1:54.13,2:33.36,"Official Hy-Tek results, Alto Nov 15-16 Fall Frolic 11/15-16/2025, Boys 11 & Over 200 Yard Freestyle (two sessions), https://www.pacswim.org/userfiles/meets/documents/2947/alto-results.htm (retrieved via browser 2026-09-02, checksum-verified)",invitational,"place 38; hytek tags none; seed from official results; meet ran 2025-11-15 to 2025-11-16; the event was held as two separately listed sessions, both ingested; one entry has no split line in the official file and enters final-time only"
S669,2025_ALTO_FALL_FROLIC,ALTO Fall Frolic,2025-11-15,13.0,M,200 FR,SCY,timed_final,,2:33.67,31.64,1:10.97,1:53.40,2:33.67,"Official Hy-Tek results, Alto Nov 15-16 Fall Frolic 11/15-16/2025, Boys 11 & Over 200 Yard Freestyle (two sessions), https://www.pacswim.org/userfiles/meets/documents/2947/alto-results.htm (retrieved via browser 2026-09-02, checksum-verified)",invitational,"place 39; hytek tags none; seed from official results; meet ran 2025-11-15 to 2025-11-16; the event was held as two separately listed sessions, both ingested; one entry has no split line in the official file and enters final-time only"
S670,2025_ALTO_FALL_FROLIC,ALTO Fall Frolic,2025-11-15,11.0,M,200 FR,SCY,timed_final,,2:36.76,32.95,1:12.61,1:54.13,2:36.76,"Official Hy-Tek results, Alto Nov 15-16 Fall Frolic 11/15-16/2025, Boys 11 & Over 200 Yard Freestyle (two sessions), https://www.pacswim.org/userfiles/meets/documents/2947/alto-results.htm (retrieved via browser 2026-09-02, checksum-verified)",invitational,"place 40; hytek tags none; seed from official results; meet ran 2025-11-15 to 2025-11-16; the event was held as two separately listed sessions, both ingested; one entry has no split line in the official file and enters final-time only"
S671,2025_ALTO_FALL_FROLIC,ALTO Fall Frolic,2025-11-15,12.0,M,200 FR,SCY,timed_final,,2:37.39,34.4,1:14.84,1:56.81,2:37.39,"Official Hy-Tek results, Alto Nov 15-16 Fall Frolic 11/15-16/2025, Boys 11 & Over 200 Yard Freestyle (two sessions), https://www.pacswim.org/userfiles/meets/documents/2947/alto-results.htm (retrieved via browser 2026-09-02, checksum-verified)",invitational,"place 41; hytek tags none; seed from official results; meet ran 2025-11-15 to 2025-11-16; the event was held as two separately listed sessions, both ingested; one entry has no split line in the official file and enters final-time only"
S672,2025_ALTO_FALL_FROLIC,ALTO Fall Frolic,2025-11-15,12.0,M,200 FR,SCY,timed_final,,2:39.69,,,,,"Official Hy-Tek results, Alto Nov 15-16 Fall Frolic 11/15-16/2025, Boys 11 & Over 200 Yard Freestyle (two sessions), https://www.pacswim.org/userfiles/meets/documents/2947/alto-results.htm (retrieved via browser 2026-09-02, checksum-verified)",invitational,"place 42; hytek tags no split line published; seed from official results; meet ran 2025-11-15 to 2025-11-16; the event was held as two separately listed sessions, both ingested; one entry has no split line in the official file and enters final-time only"
S673,2025_ALTO_FALL_FROLIC,ALTO Fall Frolic,2025-11-15,16.0,M,200 FR,SCY,timed_final,,2:02.86,27.14,58.33,1:31.07,2:02.86,"Official Hy-Tek results, Alto Nov 15-16 Fall Frolic 11/15-16/2025, Boys 11 & Over 200 Yard Freestyle (two sessions), https://www.pacswim.org/userfiles/meets/documents/2947/alto-results.htm (retrieved via browser 2026-09-02, checksum-verified)",invitational,"place 1; hytek tags none; seed from official results; meet ran 2025-11-15 to 2025-11-16; the event was held as two separately listed sessions, both ingested; one entry has no split line in the official file and enters final-time only"
S674,2025_ALTO_FALL_FROLIC,ALTO Fall Frolic,2025-11-15,15.0,M,200 FR,SCY,timed_final,,2:05.81,28.83,1:00.93,1:33.42,2:05.81,"Official Hy-Tek results, Alto Nov 15-16 Fall Frolic 11/15-16/2025, Boys 11 & Over 200 Yard Freestyle (two sessions), https://www.pacswim.org/userfiles/meets/documents/2947/alto-results.htm (retrieved via browser 2026-09-02, checksum-verified)",invitational,"place 2; hytek tags none; seed from official results; meet ran 2025-11-15 to 2025-11-16; the event was held as two separately listed sessions, both ingested; one entry has no split line in the official file and enters final-time only"
S675,2025_ALTO_FALL_FROLIC,ALTO Fall Frolic,2025-11-15,13.0,M,200 FR,SCY,timed_final,,2:15.53,31.16,1:05.75,1:41.11,2:15.53,"Official Hy-Tek results, Alto Nov 15-16 Fall Frolic 11/15-16/2025, Boys 11 & Over 200 Yard Freestyle (two sessions), https://www.pacswim.org/userfiles/meets/documents/2947/alto-results.htm (retrieved via browser 2026-09-02, checksum-verified)",invitational,"place 3; hytek tags none; seed from official results; meet ran 2025-11-15 to 2025-11-16; the event was held as two separately listed sessions, both ingested; one entry has no split line in the official file and enters final-time only"
S676,2025_ALTO_FALL_FROLIC,ALTO Fall Frolic,2025-11-15,13.0,M,200 FR,SCY,timed_final,,2:17.12,31.39,1:06.92,1:42.63,2:17.12,"Official Hy-Tek results, Alto Nov 15-16 Fall Frolic 11/15-16/2025, Boys 11 & Over 200 Yard Freestyle (two sessions), https://www.pacswim.org/userfiles/meets/documents/2947/alto-results.htm (retrieved via browser 2026-09-02, checksum-verified)",invitational,"place 4; hytek tags none; seed from official results; meet ran 2025-11-15 to 2025-11-16; the event was held as two separately listed sessions, both ingested; one entry has no split line in the official file and enters final-time only"
S677,2025_ALTO_FALL_FROLIC,ALTO Fall Frolic,2025-11-15,14.0,M,200 FR,SCY,timed_final,,2:27.20,32.76,1:10.37,1:49.89,2:27.20,"Official Hy-Tek results, Alto Nov 15-16 Fall Frolic 11/15-16/2025, Boys 11 & Over 200 Yard Freestyle (two sessions), https://www.pacswim.org/userfiles/meets/documents/2947/alto-results.htm (retrieved via browser 2026-09-02, checksum-verified)",invitational,"place 5; hytek tags none; seed from official results; meet ran 2025-11-15 to 2025-11-16; the event was held as two separately listed sessions, both ingested; one entry has no split line in the official file and enters final-time only"
S678,2025_ALTO_FALL_FROLIC,ALTO Fall Frolic,2025-11-15,13.0,M,200 FR,SCY,timed_final,,2:31.49,35.28,1:13.56,1:53.78,2:31.49,"Official Hy-Tek results, Alto Nov 15-16 Fall Frolic 11/15-16/2025, Boys 11 & Over 200 Yard Freestyle (two sessions), https://www.pacswim.org/userfiles/meets/documents/2947/alto-results.htm (retrieved via browser 2026-09-02, checksum-verified)",invitational,"place 6; hytek tags none; seed from official results; meet ran 2025-11-15 to 2025-11-16; the event was held as two separately listed sessions, both ingested; one entry has no split line in the official file and enters final-time only"
S679,2025_ALTO_FALL_FROLIC,ALTO Fall Frolic,2025-11-15,12.0,M,200 FR,SCY,timed_final,,2:34.19,36.02,1:15.04,1:55.50,2:34.19,"Official Hy-Tek results, Alto Nov 15-16 Fall Frolic 11/15-16/2025, Boys 11 & Over 200 Yard Freestyle (two sessions), https://www.pacswim.org/userfiles/meets/documents/2947/alto-results.htm (retrieved via browser 2026-09-02, checksum-verified)",invitational,"place 7; hytek tags none; seed from official results; meet ran 2025-11-15 to 2025-11-16; the event was held as two separately listed sessions, both ingested; one entry has no split line in the official file and enters final-time only"
S680,2025_ALTO_FALL_FROLIC,ALTO Fall Frolic,2025-11-15,13.0,M,200 FR,SCY,timed_final,,2:37.36,36.01,1:14.74,1:55.89,2:37.36,"Official Hy-Tek results, Alto Nov 15-16 Fall Frolic 11/15-16/2025, Boys 11 & Over 200 Yard Freestyle (two sessions), https://www.pacswim.org/userfiles/meets/documents/2947/alto-results.htm (retrieved via browser 2026-09-02, checksum-verified)",invitational,"place 8; hytek tags none; seed from official results; meet ran 2025-11-15 to 2025-11-16; the event was held as two separately listed sessions, both ingested; one entry has no split line in the official file and enters final-time only"
S681,2025_ALTO_CANDY_CANE,ALTO Candy Cane Classic,2025-12-19,17.0,M,200 FR,SCY,timed_final,,1:41.95,23.7,49.68,1:15.93,1:41.95,"Official Hy-Tek results, ALTO Candy Cane Classic 12/19-21/2025, Boys 11 & Over 200 Yard Freestyle, https://www.pacswim.org/userfiles/meets/documents/2981/altos-candy-cane-lane-meet.htm (retrieved via browser 2026-09-02, checksum-verified)",invitational,"place 1; hytek tags none; seed from official results; meet ran 2025-12-19 to 2025-12-21, event day not stated; six entries have no or broken split lines in the official file and enter final-time only"
S682,2025_ALTO_CANDY_CANE,ALTO Candy Cane Classic,2025-12-19,18.0,M,200 FR,SCY,timed_final,,1:43.07,24.29,50.64,1:17.21,1:43.07,"Official Hy-Tek results, ALTO Candy Cane Classic 12/19-21/2025, Boys 11 & Over 200 Yard Freestyle, https://www.pacswim.org/userfiles/meets/documents/2981/altos-candy-cane-lane-meet.htm (retrieved via browser 2026-09-02, checksum-verified)",invitational,"place 2; hytek tags none; seed from official results; meet ran 2025-12-19 to 2025-12-21, event day not stated; six entries have no or broken split lines in the official file and enter final-time only"
S554,2025_ALTO_CANDY_CANE,ALTO Candy Cane Classic,2025-12-19,16.0,M,200 FR,SCY,timed_final,,1:46.53,23.91,50.04,1:17.64,1:46.53,"Official Hy-Tek results, ALTO Candy Cane Classic 12/19-21/2025, Boys 11 & Over 200 Yard Freestyle, https://www.pacswim.org/userfiles/meets/documents/2981/altos-candy-cane-lane-meet.htm (retrieved via browser 2026-09-02, checksum-verified)",invitational,"place 3; hytek tags none; seed from official results; meet ran 2025-12-19 to 2025-12-21, event day not stated; six entries have no or broken split lines in the official file and enter final-time only"
S683,2025_ALTO_CANDY_CANE,ALTO Candy Cane Classic,2025-12-19,16.0,M,200 FR,SCY,timed_final,,1:46.63,24.82,52.11,1:19.89,1:46.63,"Official Hy-Tek results, ALTO Candy Cane Classic 12/19-21/2025, Boys 11 & Over 200 Yard Freestyle, https://www.pacswim.org/userfiles/meets/documents/2981/altos-candy-cane-lane-meet.htm (retrieved via browser 2026-09-02, checksum-verified)",invitational,"place 4; hytek tags none; seed from official results; meet ran 2025-12-19 to 2025-12-21, event day not stated; six entries have no or broken split lines in the official file and enter final-time only"
S039,2025_ALTO_CANDY_CANE,ALTO Candy Cane Classic,2025-12-19,18.0,M,200 FR,SCY,timed_final,,1:47.96,,,,,"Official Hy-Tek results, ALTO Candy Cane Classic 12/19-21/2025, Boys 11 & Over 200 Yard Freestyle, https://www.pacswim.org/userfiles/meets/documents/2981/altos-candy-cane-lane-meet.htm (retrieved via browser 2026-09-02, checksum-verified)",invitational,"place 5; hytek tags no split line published; seed from official results; meet ran 2025-12-19 to 2025-12-21, event day not stated; six entries have no or broken split lines in the official file and enter final-time only"
S275,2025_ALTO_CANDY_CANE,ALTO Candy Cane Classic,2025-12-19,16.0,M,200 FR,SCY,timed_final,,1:49.58,25.14,52.72,1:20.92,1:49.58,"Official Hy-Tek results, ALTO Candy Cane Classic 12/19-21/2025, Boys 11 & Over 200 Yard Freestyle, https://www.pacswim.org/userfiles/meets/documents/2981/altos-candy-cane-lane-meet.htm (retrieved via browser 2026-09-02, checksum-verified)",invitational,"place 6; hytek tags none; seed from official results; meet ran 2025-12-19 to 2025-12-21, event day not stated; six entries have no or broken split lines in the official file and enter final-time only"
S493,2025_ALTO_CANDY_CANE,ALTO Candy Cane Classic,2025-12-19,17.0,M,200 FR,SCY,timed_final,,1:50.63,26.66,56.30,1:24.05,1:50.63,"Official Hy-Tek results, ALTO Candy Cane Classic 12/19-21/2025, Boys 11 & Over 200 Yard Freestyle, https://www.pacswim.org/userfiles/meets/documents/2981/altos-candy-cane-lane-meet.htm (retrieved via browser 2026-09-02, checksum-verified)",invitational,"place 7; hytek tags none; seed from official results; meet ran 2025-12-19 to 2025-12-21, event day not stated; six entries have no or broken split lines in the official file and enter final-time only"
S684,2025_ALTO_CANDY_CANE,ALTO Candy Cane Classic,2025-12-19,15.0,M,200 FR,SCY,timed_final,,1:50.91,,,,,"Official Hy-Tek results, ALTO Candy Cane Classic 12/19-21/2025, Boys 11 & Over 200 Yard Freestyle, https://www.pacswim.org/userfiles/meets/documents/2981/altos-candy-cane-lane-meet.htm (retrieved via browser 2026-09-02, checksum-verified)",invitational,"place 8; hytek tags no split line published; seed from official results; meet ran 2025-12-19 to 2025-12-21, event day not stated; six entries have no or broken split lines in the official file and enter final-time only"
S685,2025_ALTO_CANDY_CANE,ALTO Candy Cane Classic,2025-12-19,17.0,M,200 FR,SCY,timed_final,,1:52.32,25.57,54.09,1:22.88,1:52.32,"Official Hy-Tek results, ALTO Candy Cane Classic 12/19-21/2025, Boys 11 & Over 200 Yard Freestyle, https://www.pacswim.org/userfiles/meets/documents/2981/altos-candy-cane-lane-meet.htm (retrieved via browser 2026-09-02, checksum-verified)",invitational,"place 9; hytek tags none; seed from official results; meet ran 2025-12-19 to 2025-12-21, event day not stated; six entries have no or broken split lines in the official file and enter final-time only"
S686,2025_ALTO_CANDY_CANE,ALTO Candy Cane Classic,2025-12-19,14.0,M,200 FR,SCY,timed_final,,1:53.12,26.44,54.95,1:24.23,1:53.12,"Official Hy-Tek results, ALTO Candy Cane Classic 12/19-21/2025, Boys 11 & Over 200 Yard Freestyle, https://www.pacswim.org/userfiles/meets/documents/2981/altos-candy-cane-lane-meet.htm (retrieved via browser 2026-09-02, checksum-verified)",invitational,"place 10; hytek tags none; seed from official results; meet ran 2025-12-19 to 2025-12-21, event day not stated; six entries have no or broken split lines in the official file and enter final-time only"
S687,2025_ALTO_CANDY_CANE,ALTO Candy Cane Classic,2025-12-19,15.0,M,200 FR,SCY,timed_final,,1:54.84,26.27,55.70,1:24.33,1:54.84,"Official Hy-Tek results, ALTO Candy Cane Classic 12/19-21/2025, Boys 11 & Over 200 Yard Freestyle, https://www.pacswim.org/userfiles/meets/documents/2981/altos-candy-cane-lane-meet.htm (retrieved via browser 2026-09-02, checksum-verified)",invitational,"place 11; hytek tags none; seed from official results; meet ran 2025-12-19 to 2025-12-21, event day not stated; six entries have no or broken split lines in the official file and enter final-time only"
S244,2025_ALTO_CANDY_CANE,ALTO Candy Cane Classic,2025-12-19,17.0,M,200 FR,SCY,timed_final,,1:55.98,,,,,"Official Hy-Tek results, ALTO Candy Cane Classic 12/19-21/2025, Boys 11 & Over 200 Yard Freestyle, https://www.pacswim.org/userfiles/meets/documents/2981/altos-candy-cane-lane-meet.htm (retrieved via browser 2026-09-02, checksum-verified)",invitational,"place 12; hytek tags no split line published; seed from official results; meet ran 2025-12-19 to 2025-12-21, event day not stated; six entries have no or broken split lines in the official file and enter final-time only"
S688,2025_ALTO_CANDY_CANE,ALTO Candy Cane Classic,2025-12-19,17.0,M,200 FR,SCY,timed_final,,1:56.21,26.89,56.58,1:26.77,1:56.21,"Official Hy-Tek results, ALTO Candy Cane Classic 12/19-21/2025, Boys 11 & Over 200 Yard Freestyle, https://www.pacswim.org/userfiles/meets/documents/2981/altos-candy-cane-lane-meet.htm (retrieved via browser 2026-09-02, checksum-verified)",invitational,"place 13; hytek tags none; seed from official results; meet ran 2025-12-19 to 2025-12-21, event day not stated; six entries have no or broken split lines in the official file and enter final-time only"
S638,2025_ALTO_CANDY_CANE,ALTO Candy Cane Classic,2025-12-19,13.0,M,200 FR,SCY,timed_final,,1:57.09,26.66,56.27,1:26.76,1:57.09,"Official Hy-Tek results, ALTO Candy Cane Classic 12/19-21/2025, Boys 11 & Over 200 Yard Freestyle, https://www.pacswim.org/userfiles/meets/documents/2981/altos-candy-cane-lane-meet.htm (retrieved via browser 2026-09-02, checksum-verified)",invitational,"place 14; hytek tags none; seed from official results; meet ran 2025-12-19 to 2025-12-21, event day not stated; six entries have no or broken split lines in the official file and enter final-time only"
S689,2025_ALTO_CANDY_CANE,ALTO Candy Cane Classic,2025-12-19,16.0,M,200 FR,SCY,timed_final,,1:57.58,26.83,57.00,1:26.26,1:57.58,"Official Hy-Tek results, ALTO Candy Cane Classic 12/19-21/2025, Boys 11 & Over 200 Yard Freestyle, https://www.pacswim.org/userfiles/meets/documents/2981/altos-candy-cane-lane-meet.htm (retrieved via browser 2026-09-02, checksum-verified)",invitational,"place 15; hytek tags none; seed from official results; meet ran 2025-12-19 to 2025-12-21, event day not stated; six entries have no or broken split lines in the official file and enter final-time only"
S690,2025_ALTO_CANDY_CANE,ALTO Candy Cane Classic,2025-12-19,14.0,M,200 FR,SCY,timed_final,,1:59.07,27.9,58.67,1:30.11,1:59.07,"Official Hy-Tek results, ALTO Candy Cane Classic 12/19-21/2025, Boys 11 & Over 200 Yard Freestyle, https://www.pacswim.org/userfiles/meets/documents/2981/altos-candy-cane-lane-meet.htm (retrieved via browser 2026-09-02, checksum-verified)",invitational,"place 16; hytek tags none; seed from official results; meet ran 2025-12-19 to 2025-12-21, event day not stated; six entries have no or broken split lines in the official file and enter final-time only"
S190,2025_ALTO_CANDY_CANE,ALTO Candy Cane Classic,2025-12-19,15.0,M,200 FR,SCY,timed_final,,1:59.11,26.15,55.72,1:26.86,1:59.11,"Official Hy-Tek results, ALTO Candy Cane Classic 12/19-21/2025, Boys 11 & Over 200 Yard Freestyle, https://www.pacswim.org/userfiles/meets/documents/2981/altos-candy-cane-lane-meet.htm (retrieved via browser 2026-09-02, checksum-verified)",invitational,"place 17; hytek tags none; seed from official results; meet ran 2025-12-19 to 2025-12-21, event day not stated; six entries have no or broken split lines in the official file and enter final-time only"
S691,2025_ALTO_CANDY_CANE,ALTO Candy Cane Classic,2025-12-19,13.0,M,200 FR,SCY,timed_final,,2:00.27,27.73,58.34,1:29.88,2:00.27,"Official Hy-Tek results, ALTO Candy Cane Classic 12/19-21/2025, Boys 11 & Over 200 Yard Freestyle, https://www.pacswim.org/userfiles/meets/documents/2981/altos-candy-cane-lane-meet.htm (retrieved via browser 2026-09-02, checksum-verified)",invitational,"place 18; hytek tags none; seed from official results; meet ran 2025-12-19 to 2025-12-21, event day not stated; six entries have no or broken split lines in the official file and enter final-time only"
S641,2025_ALTO_CANDY_CANE,ALTO Candy Cane Classic,2025-12-19,14.0,M,200 FR,SCY,timed_final,,2:00.61,27.74,58.56,1:30.18,2:00.61,"Official Hy-Tek results, ALTO Candy Cane Classic 12/19-21/2025, Boys 11 & Over 200 Yard Freestyle, https://www.pacswim.org/userfiles/meets/documents/2981/altos-candy-cane-lane-meet.htm (retrieved via browser 2026-09-02, checksum-verified)",invitational,"place 19; hytek tags none; seed from official results; meet ran 2025-12-19 to 2025-12-21, event day not stated; six entries have no or broken split lines in the official file and enter final-time only"
S692,2025_ALTO_CANDY_CANE,ALTO Candy Cane Classic,2025-12-19,15.0,M,200 FR,SCY,timed_final,,2:01.93,26.83,56.98,1:28.48,2:01.93,"Official Hy-Tek results, ALTO Candy Cane Classic 12/19-21/2025, Boys 11 & Over 200 Yard Freestyle, https://www.pacswim.org/userfiles/meets/documents/2981/altos-candy-cane-lane-meet.htm (retrieved via browser 2026-09-02, checksum-verified)",invitational,"place 20; hytek tags none; seed from official results; meet ran 2025-12-19 to 2025-12-21, event day not stated; six entries have no or broken split lines in the official file and enter final-time only"
S693,2025_ALTO_CANDY_CANE,ALTO Candy Cane Classic,2025-12-19,14.0,M,200 FR,SCY,timed_final,,2:02.73,26.47,56.96,1:29.40,2:02.73,"Official Hy-Tek results, ALTO Candy Cane Classic 12/19-21/2025, Boys 11 & Over 200 Yard Freestyle, https://www.pacswim.org/userfiles/meets/documents/2981/altos-candy-cane-lane-meet.htm (retrieved via browser 2026-09-02, checksum-verified)",invitational,"place 21; hytek tags none; seed from official results; meet ran 2025-12-19 to 2025-12-21, event day not stated; six entries have no or broken split lines in the official file and enter final-time only"
S644,2025_ALTO_CANDY_CANE,ALTO Candy Cane Classic,2025-12-19,13.0,M,200 FR,SCY,timed_final,,2:05.12,28.24,1:00.19,1:33.43,2:05.12,"Official Hy-Tek results, ALTO Candy Cane Classic 12/19-21/2025, Boys 11 & Over 200 Yard Freestyle, https://www.pacswim.org/userfiles/meets/documents/2981/altos-candy-cane-lane-meet.htm (retrieved via browser 2026-09-02, checksum-verified)",invitational,"place 22; hytek tags none; seed from official results; meet ran 2025-12-19 to 2025-12-21, event day not stated; six entries have no or broken split lines in the official file and enter final-time only"
S694,2025_ALTO_CANDY_CANE,ALTO Candy Cane Classic,2025-12-19,15.0,M,200 FR,SCY,timed_final,,2:05.91,28.47,1:00.47,1:34.25,2:05.91,"Official Hy-Tek results, ALTO Candy Cane Classic 12/19-21/2025, Boys 11 & Over 200 Yard Freestyle, https://www.pacswim.org/userfiles/meets/documents/2981/altos-candy-cane-lane-meet.htm (retrieved via browser 2026-09-02, checksum-verified)",invitational,"place 23; hytek tags none; seed from official results; meet ran 2025-12-19 to 2025-12-21, event day not stated; six entries have no or broken split lines in the official file and enter final-time only"
S695,2025_ALTO_CANDY_CANE,ALTO Candy Cane Classic,2025-12-19,14.0,M,200 FR,SCY,timed_final,,2:06.14,28.45,1:00.41,1:33.76,2:06.14,"Official Hy-Tek results, ALTO Candy Cane Classic 12/19-21/2025, Boys 11 & Over 200 Yard Freestyle, https://www.pacswim.org/userfiles/meets/documents/2981/altos-candy-cane-lane-meet.htm (retrieved via browser 2026-09-02, checksum-verified)",invitational,"place 24; hytek tags none; seed from official results; meet ran 2025-12-19 to 2025-12-21, event day not stated; six entries have no or broken split lines in the official file and enter final-time only"
S696,2025_ALTO_CANDY_CANE,ALTO Candy Cane Classic,2025-12-19,13.0,M,200 FR,SCY,timed_final,,2:07.07,30.02,1:03.27,1:36.40,2:07.07,"Official Hy-Tek results, ALTO Candy Cane Classic 12/19-21/2025, Boys 11 & Over 200 Yard Freestyle, https://www.pacswim.org/userfiles/meets/documents/2981/altos-candy-cane-lane-meet.htm (retrieved via browser 2026-09-02, checksum-verified)",invitational,"place 25; hytek tags none; seed from official results; meet ran 2025-12-19 to 2025-12-21, event day not stated; six entries have no or broken split lines in the official file and enter final-time only"
S646,2025_ALTO_CANDY_CANE,ALTO Candy Cane Classic,2025-12-19,13.0,M,200 FR,SCY,timed_final,,2:07.15,28.12,1:01.50,1:36.47,2:07.15,"Official Hy-Tek results, ALTO Candy Cane Classic 12/19-21/2025, Boys 11 & Over 200 Yard Freestyle, https://www.pacswim.org/userfiles/meets/documents/2981/altos-candy-cane-lane-meet.htm (retrieved via browser 2026-09-02, checksum-verified)",invitational,"place 26; hytek tags none; seed from official results; meet ran 2025-12-19 to 2025-12-21, event day not stated; six entries have no or broken split lines in the official file and enter final-time only"
S697,2025_ALTO_CANDY_CANE,ALTO Candy Cane Classic,2025-12-19,14.0,M,200 FR,SCY,timed_final,,2:07.16,,,,,"Official Hy-Tek results, ALTO Candy Cane Classic 12/19-21/2025, Boys 11 & Over 200 Yard Freestyle, https://www.pacswim.org/userfiles/meets/documents/2981/altos-candy-cane-lane-meet.htm (retrieved via browser 2026-09-02, checksum-verified)",invitational,"place 27; hytek tags no split line published; seed from official results; meet ran 2025-12-19 to 2025-12-21, event day not stated; six entries have no or broken split lines in the official file and enter final-time only"
S647,2025_ALTO_CANDY_CANE,ALTO Candy Cane Classic,2025-12-19,14.0,M,200 FR,SCY,timed_final,,2:11.72,28.48,1:01.85,1:37.35,2:11.72,"Official Hy-Tek results, ALTO Candy Cane Classic 12/19-21/2025, Boys 11 & Over 200 Yard Freestyle, https://www.pacswim.org/userfiles/meets/documents/2981/altos-candy-cane-lane-meet.htm (retrieved via browser 2026-09-02, checksum-verified)",invitational,"place 28; hytek tags none; seed from official results; meet ran 2025-12-19 to 2025-12-21, event day not stated; six entries have no or broken split lines in the official file and enter final-time only"
S645,2025_ALTO_CANDY_CANE,ALTO Candy Cane Classic,2025-12-19,16.0,M,200 FR,SCY,timed_final,,2:12.46,29.92,1:02.40,1:37.53,2:12.46,"Official Hy-Tek results, ALTO Candy Cane Classic 12/19-21/2025, Boys 11 & Over 200 Yard Freestyle, https://www.pacswim.org/userfiles/meets/documents/2981/altos-candy-cane-lane-meet.htm (retrieved via browser 2026-09-02, checksum-verified)",invitational,"place 29; hytek tags none; seed from official results; meet ran 2025-12-19 to 2025-12-21, event day not stated; six entries have no or broken split lines in the official file and enter final-time only"
S651,2025_ALTO_CANDY_CANE,ALTO Candy Cane Classic,2025-12-19,14.0,M,200 FR,SCY,timed_final,,2:13.97,31.55,1:05.54,1:40.73,2:13.97,"Official Hy-Tek results, ALTO Candy Cane Classic 12/19-21/2025, Boys 11 & Over 200 Yard Freestyle, https://www.pacswim.org/userfiles/meets/documents/2981/altos-candy-cane-lane-meet.htm (retrieved via browser 2026-09-02, checksum-verified)",invitational,"place 30; hytek tags none; seed from official results; meet ran 2025-12-19 to 2025-12-21, event day not stated; six entries have no or broken split lines in the official file and enter final-time only"
S663,2025_ALTO_CANDY_CANE,ALTO Candy Cane Classic,2025-12-19,12.0,M,200 FR,SCY,timed_final,,2:16.81,30.41,1:04.76,1:40.41,2:16.81,"Official Hy-Tek results, ALTO Candy Cane Classic 12/19-21/2025, Boys 11 & Over 200 Yard Freestyle, https://www.pacswim.org/userfiles/meets/documents/2981/altos-candy-cane-lane-meet.htm (retrieved via browser 2026-09-02, checksum-verified)",invitational,"place 31; hytek tags none; seed from official results; meet ran 2025-12-19 to 2025-12-21, event day not stated; six entries have no or broken split lines in the official file and enter final-time only"
S660,2025_ALTO_CANDY_CANE,ALTO Candy Cane Classic,2025-12-19,13.0,M,200 FR,SCY,timed_final,,2:19.57,29.53,1:05.72,1:43.07,2:19.57,"Official Hy-Tek results, ALTO Candy Cane Classic 12/19-21/2025, Boys 11 & Over 200 Yard Freestyle, https://www.pacswim.org/userfiles/meets/documents/2981/altos-candy-cane-lane-meet.htm (retrieved via browser 2026-09-02, checksum-verified)",invitational,"place 32; hytek tags none; seed from official results; meet ran 2025-12-19 to 2025-12-21, event day not stated; six entries have no or broken split lines in the official file and enter final-time only"
S698,2025_ALTO_CANDY_CANE,ALTO Candy Cane Classic,2025-12-19,16.0,M,200 FR,SCY,timed_final,,2:20.88,32.03,1:07.65,1:44.17,2:20.88,"Official Hy-Tek results, ALTO Candy Cane Classic 12/19-21/2025, Boys 11 & Over 200 Yard Freestyle, https://www.pacswim.org/userfiles/meets/documents/2981/altos-candy-cane-lane-meet.htm (retrieved via browser 2026-09-02, checksum-verified)",invitational,"place 33; hytek tags none; seed from official results; meet ran 2025-12-19 to 2025-12-21, event day not stated; six entries have no or broken split lines in the official file and enter final-time only"
S678,2025_ALTO_CANDY_CANE,ALTO Candy Cane Classic,2025-12-19,13.0,M,200 FR,SCY,timed_final,,2:21.00,,,,,"Official Hy-Tek results, ALTO Candy Cane Classic 12/19-21/2025, Boys 11 & Over 200 Yard Freestyle, https://www.pacswim.org/userfiles/meets/documents/2981/altos-candy-cane-lane-meet.htm (retrieved via browser 2026-09-02, checksum-verified)",invitational,"place 34; hytek tags no split line published; seed from official results; meet ran 2025-12-19 to 2025-12-21, event day not stated; six entries have no or broken split lines in the official file and enter final-time only"
S699,2025_ALTO_CANDY_CANE,ALTO Candy Cane Classic,2025-12-19,13.0,M,200 FR,SCY,timed_final,,2:30.15,,,,,"Official Hy-Tek results, ALTO Candy Cane Classic 12/19-21/2025, Boys 11 & Over 200 Yard Freestyle, https://www.pacswim.org/userfiles/meets/documents/2981/altos-candy-cane-lane-meet.htm (retrieved via browser 2026-09-02, checksum-verified)",invitational,"place 35; hytek tags no split line published; seed from official results; meet ran 2025-12-19 to 2025-12-21, event day not stated; six entries have no or broken split lines in the official file and enter final-time only"
S680,2025_ALTO_CANDY_CANE,ALTO Candy Cane Classic,2025-12-19,13.0,M,200 FR,SCY,timed_final,,2:30.27,33.45,1:11.44,1:52.23,2:30.27,"Official Hy-Tek results, ALTO Candy Cane Classic 12/19-21/2025, Boys 11 & Over 200 Yard Freestyle, https://www.pacswim.org/userfiles/meets/documents/2981/altos-candy-cane-lane-meet.htm (retrieved via browser 2026-09-02, checksum-verified)",invitational,"place 36; hytek tags none; seed from official results; meet ran 2025-12-19 to 2025-12-21, event day not stated; six entries have no or broken split lines in the official file and enter final-time only"
S700,2025_ALTO_CANDY_CANE,ALTO Candy Cane Classic,2025-12-19,14.0,M,200 FR,SCY,timed_final,,2:31.21,32.36,1:11.58,1:51.32,2:31.21,"Official Hy-Tek results, ALTO Candy Cane Classic 12/19-21/2025, Boys 11 & Over 200 Yard Freestyle, https://www.pacswim.org/userfiles/meets/documents/2981/altos-candy-cane-lane-meet.htm (retrieved via browser 2026-09-02, checksum-verified)",invitational,"place 37; hytek tags none; seed from official results; meet ran 2025-12-19 to 2025-12-21, event day not stated; six entries have no or broken split lines in the official file and enter final-time only"
S701,2025_ALTO_CANDY_CANE,ALTO Candy Cane Classic,2025-12-19,13.0,M,200 FR,SCY,timed_final,,2:38.32,35.55,1:15.60,1:58.58,2:38.32,"Official Hy-Tek results, ALTO Candy Cane Classic 12/19-21/2025, Boys 11 & Over 200 Yard Freestyle, https://www.pacswim.org/userfiles/meets/documents/2981/altos-candy-cane-lane-meet.htm (retrieved via browser 2026-09-02, checksum-verified)",invitational,"place 38; hytek tags none; seed from official results; meet ran 2025-12-19 to 2025-12-21, event day not stated; six entries have no or broken split lines in the official file and enter final-time only"
S702,2025_ALTO_CANDY_CANE,ALTO Candy Cane Classic,2025-12-19,15.0,M,200 FR,SCY,timed_final,,2:39.98,36.74,1:17.61,1:59.79,2:39.98,"Official Hy-Tek results, ALTO Candy Cane Classic 12/19-21/2025, Boys 11 & Over 200 Yard Freestyle, https://www.pacswim.org/userfiles/meets/documents/2981/altos-candy-cane-lane-meet.htm (retrieved via browser 2026-09-02, checksum-verified)",invitational,"place 39; hytek tags none; seed from official results; meet ran 2025-12-19 to 2025-12-21, event day not stated; six entries have no or broken split lines in the official file and enter final-time only"
S703,2025_ALTO_CANDY_CANE,ALTO Candy Cane Classic,2025-12-19,13.0,M,200 FR,SCY,timed_final,,2:40.23,34.67,1:15.62,1:58.83,2:40.23,"Official Hy-Tek results, ALTO Candy Cane Classic 12/19-21/2025, Boys 11 & Over 200 Yard Freestyle, https://www.pacswim.org/userfiles/meets/documents/2981/altos-candy-cane-lane-meet.htm (retrieved via browser 2026-09-02, checksum-verified)",invitational,"place 40; hytek tags none; seed from official results; meet ran 2025-12-19 to 2025-12-21, event day not stated; six entries have no or broken split lines in the official file and enter final-time only"
S704,2025_NCS_CHAMPIONSHIPS,CIF North Coast Section Swimming and Diving Championship Meet 2025,2025-05-09,,M,200 FR,SCY,prelim,,1:37.19,22.49,46.98,1:12.03,1:37.19,"Official results, 2025 NCS Swimming & Diving Championship (5/9-10/2025), Boys 200 Yard Freestyle prelims and finals, https://www.pacswim.org/userfiles/meets/documents/2878/ncsresultsfinalswithallsplitsforpacswim.pdf (verified extraction workbook, 2026-09-02)",championship,"place 1; hytek tags grade SO; seed from official results; high school championship: grades published, ages blank (club-linked age rule applies)"
S705,2025_NCS_CHAMPIONSHIPS,CIF North Coast Section Swimming and Diving Championship Meet 2025,2025-05-09,,M,200 FR,SCY,prelim,,1:37.79,23.06,47.93,1:12.71,1:37.79,"Official results, 2025 NCS Swimming & Diving Championship (5/9-10/2025), Boys 200 Yard Freestyle prelims and finals, https://www.pacswim.org/userfiles/meets/documents/2878/ncsresultsfinalswithallsplitsforpacswim.pdf (verified extraction workbook, 2026-09-02)",championship,"place 2; hytek tags grade JR; seed from official results; high school championship: grades published, ages blank (club-linked age rule applies)"
S002,2025_NCS_CHAMPIONSHIPS,CIF North Coast Section Swimming and Diving Championship Meet 2025,2025-05-09,,M,200 FR,SCY,prelim,,1:39.19,22.88,47.63,1:13.21,1:39.19,"Official results, 2025 NCS Swimming & Diving Championship (5/9-10/2025), Boys 200 Yard Freestyle prelims and finals, https://www.pacswim.org/userfiles/meets/documents/2878/ncsresultsfinalswithallsplitsforpacswim.pdf (verified extraction workbook, 2026-09-02)",championship,"place 3; hytek tags grade SO; seed from official results; high school championship: grades published, ages blank (club-linked age rule applies)"
S005,2025_NCS_CHAMPIONSHIPS,CIF North Coast Section Swimming and Diving Championship Meet 2025,2025-05-09,,M,200 FR,SCY,prelim,,1:39.51,23.52,48.91,1:14.47,1:39.51,"Official results, 2025 NCS Swimming & Diving Championship (5/9-10/2025), Boys 200 Yard Freestyle prelims and finals, https://www.pacswim.org/userfiles/meets/documents/2878/ncsresultsfinalswithallsplitsforpacswim.pdf (verified extraction workbook, 2026-09-02)",championship,"place 4; hytek tags grade JR; seed from official results; high school championship: grades published, ages blank (club-linked age rule applies)"
S018,2025_NCS_CHAMPIONSHIPS,CIF North Coast Section Swimming and Diving Championship Meet 2025,2025-05-09,,M,200 FR,SCY,prelim,,1:39.55,23.26,48.40,1:13.92,1:39.55,"Official results, 2025 NCS Swimming & Diving Championship (5/9-10/2025), Boys 200 Yard Freestyle prelims and finals, https://www.pacswim.org/userfiles/meets/documents/2878/ncsresultsfinalswithallsplitsforpacswim.pdf (verified extraction workbook, 2026-09-02)",championship,"place 5; hytek tags grade SO; seed from official results; high school championship: grades published, ages blank (club-linked age rule applies)"
S706,2025_NCS_CHAMPIONSHIPS,CIF North Coast Section Swimming and Diving Championship Meet 2025,2025-05-09,,M,200 FR,SCY,prelim,,1:40.30,23.39,48.95,1:14.93,1:40.30,"Official results, 2025 NCS Swimming & Diving Championship (5/9-10/2025), Boys 200 Yard Freestyle prelims and finals, https://www.pacswim.org/userfiles/meets/documents/2878/ncsresultsfinalswithallsplitsforpacswim.pdf (verified extraction workbook, 2026-09-02)",championship,"place 6; hytek tags grade SR; seed from official results; high school championship: grades published, ages blank (club-linked age rule applies)"
S463,2025_NCS_CHAMPIONSHIPS,CIF North Coast Section Swimming and Diving Championship Meet 2025,2025-05-09,,M,200 FR,SCY,prelim,,1:40.85,23.71,48.96,1:14.93,1:40.85,"Official results, 2025 NCS Swimming & Diving Championship (5/9-10/2025), Boys 200 Yard Freestyle prelims and finals, https://www.pacswim.org/userfiles/meets/documents/2878/ncsresultsfinalswithallsplitsforpacswim.pdf (verified extraction workbook, 2026-09-02)",championship,"place 7; hytek tags grade JR; seed from official results; high school championship: grades published, ages blank (club-linked age rule applies)"
S707,2025_NCS_CHAMPIONSHIPS,CIF North Coast Section Swimming and Diving Championship Meet 2025,2025-05-09,,M,200 FR,SCY,prelim,,1:41.29,23.39,48.75,1:15.27,1:41.29,"Official results, 2025 NCS Swimming & Diving Championship (5/9-10/2025), Boys 200 Yard Freestyle prelims and finals, https://www.pacswim.org/userfiles/meets/documents/2878/ncsresultsfinalswithallsplitsforpacswim.pdf (verified extraction workbook, 2026-09-02)",championship,"place 8; hytek tags grade SR; seed from official results; high school championship: grades published, ages blank (club-linked age rule applies)"
S026,2025_NCS_CHAMPIONSHIPS,CIF North Coast Section Swimming and Diving Championship Meet 2025,2025-05-09,,M,200 FR,SCY,prelim,,1:41.68,23.78,49.24,1:15.38,1:41.68,"Official results, 2025 NCS Swimming & Diving Championship (5/9-10/2025), Boys 200 Yard Freestyle prelims and finals, https://www.pacswim.org/userfiles/meets/documents/2878/ncsresultsfinalswithallsplitsforpacswim.pdf (verified extraction workbook, 2026-09-02)",championship,"place 9; hytek tags grade JR; seed from official results; high school championship: grades published, ages blank (club-linked age rule applies)"
S708,2025_NCS_CHAMPIONSHIPS,CIF North Coast Section Swimming and Diving Championship Meet 2025,2025-05-09,,M,200 FR,SCY,prelim,,1:41.83,23.3,49.02,1:15.45,1:41.83,"Official results, 2025 NCS Swimming & Diving Championship (5/9-10/2025), Boys 200 Yard Freestyle prelims and finals, https://www.pacswim.org/userfiles/meets/documents/2878/ncsresultsfinalswithallsplitsforpacswim.pdf (verified extraction workbook, 2026-09-02)",championship,"place 10; hytek tags grade SR; seed from official results; high school championship: grades published, ages blank (club-linked age rule applies)"
S270,2025_NCS_CHAMPIONSHIPS,CIF North Coast Section Swimming and Diving Championship Meet 2025,2025-05-09,,M,200 FR,SCY,prelim,,1:41.93,23.71,49.26,1:15.69,1:41.93,"Official results, 2025 NCS Swimming & Diving Championship (5/9-10/2025), Boys 200 Yard Freestyle prelims and finals, https://www.pacswim.org/userfiles/meets/documents/2878/ncsresultsfinalswithallsplitsforpacswim.pdf (verified extraction workbook, 2026-09-02)",championship,"place 11; hytek tags grade SO; seed from official results; high school championship: grades published, ages blank (club-linked age rule applies)"
S271,2025_NCS_CHAMPIONSHIPS,CIF North Coast Section Swimming and Diving Championship Meet 2025,2025-05-09,,M,200 FR,SCY,prelim,,1:42.04,24.33,50.05,1:16.39,1:42.04,"Official results, 2025 NCS Swimming & Diving Championship (5/9-10/2025), Boys 200 Yard Freestyle prelims and finals, https://www.pacswim.org/userfiles/meets/documents/2878/ncsresultsfinalswithallsplitsforpacswim.pdf (verified extraction workbook, 2026-09-02)",championship,"place 12; hytek tags grade SO; seed from official results; high school championship: grades published, ages blank (club-linked age rule applies)"
S462,2025_NCS_CHAMPIONSHIPS,CIF North Coast Section Swimming and Diving Championship Meet 2025,2025-05-09,,M,200 FR,SCY,prelim,,1:42.11,23.89,49.99,1:16.21,1:42.11,"Official results, 2025 NCS Swimming & Diving Championship (5/9-10/2025), Boys 200 Yard Freestyle prelims and finals, https://www.pacswim.org/userfiles/meets/documents/2878/ncsresultsfinalswithallsplitsforpacswim.pdf (verified extraction workbook, 2026-09-02)",championship,"place 13; hytek tags grade FR; seed from official results; high school championship: grades published, ages blank (club-linked age rule applies)"
S007,2025_NCS_CHAMPIONSHIPS,CIF North Coast Section Swimming and Diving Championship Meet 2025,2025-05-09,,M,200 FR,SCY,prelim,,1:42.33,23.54,49.29,1:15.70,1:42.33,"Official results, 2025 NCS Swimming & Diving Championship (5/9-10/2025), Boys 200 Yard Freestyle prelims and finals, https://www.pacswim.org/userfiles/meets/documents/2878/ncsresultsfinalswithallsplitsforpacswim.pdf (verified extraction workbook, 2026-09-02)",championship,"place 14; hytek tags grade FR; seed from official results; high school championship: grades published, ages blank (club-linked age rule applies)"
S461,2025_NCS_CHAMPIONSHIPS,CIF North Coast Section Swimming and Diving Championship Meet 2025,2025-05-09,,M,200 FR,SCY,prelim,,1:42.39,23.38,49.41,1:15.52,1:42.39,"Official results, 2025 NCS Swimming & Diving Championship (5/9-10/2025), Boys 200 Yard Freestyle prelims and finals, https://www.pacswim.org/userfiles/meets/documents/2878/ncsresultsfinalswithallsplitsforpacswim.pdf (verified extraction workbook, 2026-09-02)",championship,"place 15; hytek tags grade JR; seed from official results; high school championship: grades published, ages blank (club-linked age rule applies)"
S010,2025_NCS_CHAMPIONSHIPS,CIF North Coast Section Swimming and Diving Championship Meet 2025,2025-05-09,,M,200 FR,SCY,prelim,,1:42.50,24.17,50.12,1:16.38,1:42.50,"Official results, 2025 NCS Swimming & Diving Championship (5/9-10/2025), Boys 200 Yard Freestyle prelims and finals, https://www.pacswim.org/userfiles/meets/documents/2878/ncsresultsfinalswithallsplitsforpacswim.pdf (verified extraction workbook, 2026-09-02)",championship,"place 16; hytek tags grade FR; seed from official results; high school championship: grades published, ages blank (club-linked age rule applies)"
S709,2025_NCS_CHAMPIONSHIPS,CIF North Coast Section Swimming and Diving Championship Meet 2025,2025-05-09,,M,200 FR,SCY,prelim,,1:42.72,23.97,50.08,1:16.34,1:42.72,"Official results, 2025 NCS Swimming & Diving Championship (5/9-10/2025), Boys 200 Yard Freestyle prelims and finals, https://www.pacswim.org/userfiles/meets/documents/2878/ncsresultsfinalswithallsplitsforpacswim.pdf (verified extraction workbook, 2026-09-02)",championship,"place 17; hytek tags grade JR; seed from official results; high school championship: grades published, ages blank (club-linked age rule applies)"
S710,2025_NCS_CHAMPIONSHIPS,CIF North Coast Section Swimming and Diving Championship Meet 2025,2025-05-09,,M,200 FR,SCY,prelim,,1:42.94,24.94,50.76,1:17.13,1:42.94,"Official results, 2025 NCS Swimming & Diving Championship (5/9-10/2025), Boys 200 Yard Freestyle prelims and finals, https://www.pacswim.org/userfiles/meets/documents/2878/ncsresultsfinalswithallsplitsforpacswim.pdf (verified extraction workbook, 2026-09-02)",championship,"place 18; hytek tags grade SR; seed from official results; high school championship: grades published, ages blank (club-linked age rule applies)"
S030,2025_NCS_CHAMPIONSHIPS,CIF North Coast Section Swimming and Diving Championship Meet 2025,2025-05-09,,M,200 FR,SCY,prelim,,1:43.04,24.28,49.90,1:16.41,1:43.04,"Official results, 2025 NCS Swimming & Diving Championship (5/9-10/2025), Boys 200 Yard Freestyle prelims and finals, https://www.pacswim.org/userfiles/meets/documents/2878/ncsresultsfinalswithallsplitsforpacswim.pdf (verified extraction workbook, 2026-09-02)",championship,"place 19; hytek tags grade SO; seed from official results; high school championship: grades published, ages blank (club-linked age rule applies)"
S711,2025_NCS_CHAMPIONSHIPS,CIF North Coast Section Swimming and Diving Championship Meet 2025,2025-05-09,,M,200 FR,SCY,prelim,,1:43.19,24.04,50.17,1:16.87,1:43.19,"Official results, 2025 NCS Swimming & Diving Championship (5/9-10/2025), Boys 200 Yard Freestyle prelims and finals, https://www.pacswim.org/userfiles/meets/documents/2878/ncsresultsfinalswithallsplitsforpacswim.pdf (verified extraction workbook, 2026-09-02)",championship,"place 20; hytek tags grade SO; seed from official results; high school championship: grades published, ages blank (club-linked age rule applies)"
S464,2025_NCS_CHAMPIONSHIPS,CIF North Coast Section Swimming and Diving Championship Meet 2025,2025-05-09,,M,200 FR,SCY,prelim,,1:43.49,24.0,50.09,1:16.38,1:43.49,"Official results, 2025 NCS Swimming & Diving Championship (5/9-10/2025), Boys 200 Yard Freestyle prelims and finals, https://www.pacswim.org/userfiles/meets/documents/2878/ncsresultsfinalswithallsplitsforpacswim.pdf (verified extraction workbook, 2026-09-02)",championship,"place 21; hytek tags grade JR; seed from official results; high school championship: grades published, ages blank (club-linked age rule applies)"
S283,2025_NCS_CHAMPIONSHIPS,CIF North Coast Section Swimming and Diving Championship Meet 2025,2025-05-09,,M,200 FR,SCY,prelim,,1:43.56,24.49,50.84,1:16.72,1:43.56,"Official results, 2025 NCS Swimming & Diving Championship (5/9-10/2025), Boys 200 Yard Freestyle prelims and finals, https://www.pacswim.org/userfiles/meets/documents/2878/ncsresultsfinalswithallsplitsforpacswim.pdf (verified extraction workbook, 2026-09-02)",championship,"place 22; hytek tags grade FR; seed from official results; high school championship: grades published, ages blank (club-linked age rule applies)"
S712,2025_NCS_CHAMPIONSHIPS,CIF North Coast Section Swimming and Diving Championship Meet 2025,2025-05-09,,M,200 FR,SCY,prelim,,1:43.67,24.75,50.79,1:17.33,1:43.67,"Official results, 2025 NCS Swimming & Diving Championship (5/9-10/2025), Boys 200 Yard Freestyle prelims and finals, https://www.pacswim.org/userfiles/meets/documents/2878/ncsresultsfinalswithallsplitsforpacswim.pdf (verified extraction workbook, 2026-09-02)",championship,"place 23; hytek tags grade SR; seed from official results; high school championship: grades published, ages blank (club-linked age rule applies)"
S273,2025_NCS_CHAMPIONSHIPS,CIF North Coast Section Swimming and Diving Championship Meet 2025,2025-05-09,,M,200 FR,SCY,prelim,,1:43.90,23.92,50.01,1:16.80,1:43.90,"Official results, 2025 NCS Swimming & Diving Championship (5/9-10/2025), Boys 200 Yard Freestyle prelims and finals, https://www.pacswim.org/userfiles/meets/documents/2878/ncsresultsfinalswithallsplitsforpacswim.pdf (verified extraction workbook, 2026-09-02)",championship,"place 24; hytek tags grade JR; seed from official results; high school championship: grades published, ages blank (club-linked age rule applies)"
S713,2025_NCS_CHAMPIONSHIPS,CIF North Coast Section Swimming and Diving Championship Meet 2025,2025-05-09,,M,200 FR,SCY,prelim,,1:44.21,24.37,50.89,1:17.73,1:44.21,"Official results, 2025 NCS Swimming & Diving Championship (5/9-10/2025), Boys 200 Yard Freestyle prelims and finals, https://www.pacswim.org/userfiles/meets/documents/2878/ncsresultsfinalswithallsplitsforpacswim.pdf (verified extraction workbook, 2026-09-02)",championship,"place 25; hytek tags grade SR; seed from official results; high school championship: grades published, ages blank (club-linked age rule applies)"
S469,2025_NCS_CHAMPIONSHIPS,CIF North Coast Section Swimming and Diving Championship Meet 2025,2025-05-09,,M,200 FR,SCY,prelim,,1:44.51,23.96,50.25,1:17.28,1:44.51,"Official results, 2025 NCS Swimming & Diving Championship (5/9-10/2025), Boys 200 Yard Freestyle prelims and finals, https://www.pacswim.org/userfiles/meets/documents/2878/ncsresultsfinalswithallsplitsforpacswim.pdf (verified extraction workbook, 2026-09-02)",championship,"place 26; hytek tags grade JR; seed from official results; high school championship: grades published, ages blank (club-linked age rule applies)"
S714,2025_NCS_CHAMPIONSHIPS,CIF North Coast Section Swimming and Diving Championship Meet 2025,2025-05-09,,M,200 FR,SCY,prelim,,1:44.65,24.05,49.98,1:17.01,1:44.65,"Official results, 2025 NCS Swimming & Diving Championship (5/9-10/2025), Boys 200 Yard Freestyle prelims and finals, https://www.pacswim.org/userfiles/meets/documents/2878/ncsresultsfinalswithallsplitsforpacswim.pdf (verified extraction workbook, 2026-09-02)",championship,"place 27; hytek tags grade SO; seed from official results; high school championship: grades published, ages blank (club-linked age rule applies)"
S475,2025_NCS_CHAMPIONSHIPS,CIF North Coast Section Swimming and Diving Championship Meet 2025,2025-05-09,,M,200 FR,SCY,prelim,,1:45.24,24.1,50.15,1:17.25,1:45.24,"Official results, 2025 NCS Swimming & Diving Championship (5/9-10/2025), Boys 200 Yard Freestyle prelims and finals, https://www.pacswim.org/userfiles/meets/documents/2878/ncsresultsfinalswithallsplitsforpacswim.pdf (verified extraction workbook, 2026-09-02)",championship,"place 28; hytek tags grade JR; seed from official results; high school championship: grades published, ages blank (club-linked age rule applies)"
S715,2025_NCS_CHAMPIONSHIPS,CIF North Coast Section Swimming and Diving Championship Meet 2025,2025-05-09,,M,200 FR,SCY,prelim,,1:45.25,25.05,51.67,1:18.54,1:45.25,"Official results, 2025 NCS Swimming & Diving Championship (5/9-10/2025), Boys 200 Yard Freestyle prelims and finals, https://www.pacswim.org/userfiles/meets/documents/2878/ncsresultsfinalswithallsplitsforpacswim.pdf (verified extraction workbook, 2026-09-02)",championship,"place 29; hytek tags grade FR; seed from official results; high school championship: grades published, ages blank (club-linked age rule applies)"
S278,2025_NCS_CHAMPIONSHIPS,CIF North Coast Section Swimming and Diving Championship Meet 2025,2025-05-09,,M,200 FR,SCY,prelim,,1:45.84,25.15,52.20,1:19.75,1:45.84,"Official results, 2025 NCS Swimming & Diving Championship (5/9-10/2025), Boys 200 Yard Freestyle prelims and finals, https://www.pacswim.org/userfiles/meets/documents/2878/ncsresultsfinalswithallsplitsforpacswim.pdf (verified extraction workbook, 2026-09-02)",championship,"place 30; hytek tags grade SR; seed from official results; high school championship: grades published, ages blank (club-linked age rule applies)"
S716,2025_NCS_CHAMPIONSHIPS,CIF North Coast Section Swimming and Diving Championship Meet 2025,2025-05-09,,M,200 FR,SCY,prelim,,1:46.19,25.12,52.17,1:18.89,1:46.19,"Official results, 2025 NCS Swimming & Diving Championship (5/9-10/2025), Boys 200 Yard Freestyle prelims and finals, https://www.pacswim.org/userfiles/meets/documents/2878/ncsresultsfinalswithallsplitsforpacswim.pdf (verified extraction workbook, 2026-09-02)",championship,"place 31; hytek tags grade SR; seed from official results; high school championship: grades published, ages blank (club-linked age rule applies)"
S472,2025_NCS_CHAMPIONSHIPS,CIF North Coast Section Swimming and Diving Championship Meet 2025,2025-05-09,,M,200 FR,SCY,prelim,,1:46.56,25.01,51.85,1:19.10,1:46.56,"Official results, 2025 NCS Swimming & Diving Championship (5/9-10/2025), Boys 200 Yard Freestyle prelims and finals, https://www.pacswim.org/userfiles/meets/documents/2878/ncsresultsfinalswithallsplitsforpacswim.pdf (verified extraction workbook, 2026-09-02)",championship,"place 32; hytek tags grade FR; seed from official results; high school championship: grades published, ages blank (club-linked age rule applies)"
S062,2025_NCS_CHAMPIONSHIPS,CIF North Coast Section Swimming and Diving Championship Meet 2025,2025-05-09,,M,200 FR,SCY,prelim,,1:46.72,25.54,52.45,1:19.59,1:46.72,"Official results, 2025 NCS Swimming & Diving Championship (5/9-10/2025), Boys 200 Yard Freestyle prelims and finals, https://www.pacswim.org/userfiles/meets/documents/2878/ncsresultsfinalswithallsplitsforpacswim.pdf (verified extraction workbook, 2026-09-02)",championship,"place 33; hytek tags grade JR; seed from official results; high school championship: grades published, ages blank (club-linked age rule applies)"
S471,2025_NCS_CHAMPIONSHIPS,CIF North Coast Section Swimming and Diving Championship Meet 2025,2025-05-09,,M,200 FR,SCY,prelim,,1:47.38,24.73,51.63,1:19.43,1:47.38,"Official results, 2025 NCS Swimming & Diving Championship (5/9-10/2025), Boys 200 Yard Freestyle prelims and finals, https://www.pacswim.org/userfiles/meets/documents/2878/ncsresultsfinalswithallsplitsforpacswim.pdf (verified extraction workbook, 2026-09-02)",championship,"place 34; hytek tags grade JR; seed from official results; high school championship: grades published, ages blank (club-linked age rule applies)"
S277,2025_NCS_CHAMPIONSHIPS,CIF North Coast Section Swimming and Diving Championship Meet 2025,2025-05-09,,M,200 FR,SCY,prelim,,1:48.01,24.68,51.73,1:19.46,1:48.01,"Official results, 2025 NCS Swimming & Diving Championship (5/9-10/2025), Boys 200 Yard Freestyle prelims and finals, https://www.pacswim.org/userfiles/meets/documents/2878/ncsresultsfinalswithallsplitsforpacswim.pdf (verified extraction workbook, 2026-09-02)",championship,"place 35; hytek tags grade FR; seed from official results; high school championship: grades published, ages blank (club-linked age rule applies)"
S381,2025_NCS_CHAMPIONSHIPS,CIF North Coast Section Swimming and Diving Championship Meet 2025,2025-05-09,,M,200 FR,SCY,prelim,,1:48.02,24.62,51.33,1:19.73,1:48.02,"Official results, 2025 NCS Swimming & Diving Championship (5/9-10/2025), Boys 200 Yard Freestyle prelims and finals, https://www.pacswim.org/userfiles/meets/documents/2878/ncsresultsfinalswithallsplitsforpacswim.pdf (verified extraction workbook, 2026-09-02)",championship,"place 36; hytek tags grade SR; seed from official results; high school championship: grades published, ages blank (club-linked age rule applies)"
S384,2025_NCS_CHAMPIONSHIPS,CIF North Coast Section Swimming and Diving Championship Meet 2025,2025-05-09,,M,200 FR,SCY,prelim,,1:48.07,25.07,52.66,1:20.43,1:48.07,"Official results, 2025 NCS Swimming & Diving Championship (5/9-10/2025), Boys 200 Yard Freestyle prelims and finals, https://www.pacswim.org/userfiles/meets/documents/2878/ncsresultsfinalswithallsplitsforpacswim.pdf (verified extraction workbook, 2026-09-02)",championship,"place 37; hytek tags grade SR; seed from official results; high school championship: grades published, ages blank (club-linked age rule applies)"
S027,2025_NCS_CHAMPIONSHIPS,CIF North Coast Section Swimming and Diving Championship Meet 2025,2025-05-09,,M,200 FR,SCY,prelim,,1:48.58,24.96,52.03,1:20.25,1:48.58,"Official results, 2025 NCS Swimming & Diving Championship (5/9-10/2025), Boys 200 Yard Freestyle prelims and finals, https://www.pacswim.org/userfiles/meets/documents/2878/ncsresultsfinalswithallsplitsforpacswim.pdf (verified extraction workbook, 2026-09-02)",championship,"place 38; hytek tags grade SO; seed from official results; high school championship: grades published, ages blank (club-linked age rule applies)"
S053,2025_NCS_CHAMPIONSHIPS,CIF North Coast Section Swimming and Diving Championship Meet 2025,2025-05-09,,M,200 FR,SCY,prelim,,1:50.00,24.85,52.39,1:21.21,1:50.00,"Official results, 2025 NCS Swimming & Diving Championship (5/9-10/2025), Boys 200 Yard Freestyle prelims and finals, https://www.pacswim.org/userfiles/meets/documents/2878/ncsresultsfinalswithallsplitsforpacswim.pdf (verified extraction workbook, 2026-09-02)",championship,"place 39; hytek tags grade SO; seed from official results; high school championship: grades published, ages blank (club-linked age rule applies)"
S704,2025_NCS_CHAMPIONSHIPS,CIF North Coast Section Swimming and Diving Championship Meet 2025,2025-05-09,,M,200 FR,SCY,final,,1:34.44,22.18,46.01,1:10.17,1:34.44,"Official results, 2025 NCS Swimming & Diving Championship (5/9-10/2025), Boys 200 Yard Freestyle prelims and finals, https://www.pacswim.org/userfiles/meets/documents/2878/ncsresultsfinalswithallsplitsforpacswim.pdf (verified extraction workbook, 2026-09-02)",championship,"place 1; hytek tags grade SO; seed from official results; high school championship: grades published, ages blank (club-linked age rule applies)"
S705,2025_NCS_CHAMPIONSHIPS,CIF North Coast Section Swimming and Diving Championship Meet 2025,2025-05-09,,M,200 FR,SCY,final,,1:36.04,22.14,46.17,1:10.48,1:36.04,"Official results, 2025 NCS Swimming & Diving Championship (5/9-10/2025), Boys 200 Yard Freestyle prelims and finals, https://www.pacswim.org/userfiles/meets/documents/2878/ncsresultsfinalswithallsplitsforpacswim.pdf (verified extraction workbook, 2026-09-02)",championship,"place 2; hytek tags grade JR; seed from official results; high school championship: grades published, ages blank (club-linked age rule applies)"
S002,2025_NCS_CHAMPIONSHIPS,CIF North Coast Section Swimming and Diving Championship Meet 2025,2025-05-09,,M,200 FR,SCY,final,,1:38.67,22.9,47.59,1:12.95,1:38.67,"Official results, 2025 NCS Swimming & Diving Championship (5/9-10/2025), Boys 200 Yard Freestyle prelims and finals, https://www.pacswim.org/userfiles/meets/documents/2878/ncsresultsfinalswithallsplitsforpacswim.pdf (verified extraction workbook, 2026-09-02)",championship,"place 3; hytek tags grade SO; seed from official results; high school championship: grades published, ages blank (club-linked age rule applies)"
S706,2025_NCS_CHAMPIONSHIPS,CIF North Coast Section Swimming and Diving Championship Meet 2025,2025-05-09,,M,200 FR,SCY,final,,1:38.97,22.93,47.84,1:13.56,1:38.97,"Official results, 2025 NCS Swimming & Diving Championship (5/9-10/2025), Boys 200 Yard Freestyle prelims and finals, https://www.pacswim.org/userfiles/meets/documents/2878/ncsresultsfinalswithallsplitsforpacswim.pdf (verified extraction workbook, 2026-09-02)",championship,"place 4; hytek tags grade SR; seed from official results; high school championship: grades published, ages blank (club-linked age rule applies)"
S005,2025_NCS_CHAMPIONSHIPS,CIF North Coast Section Swimming and Diving Championship Meet 2025,2025-05-09,,M,200 FR,SCY,final,,1:39.43,23.55,48.72,1:14.18,1:39.43,"Official results, 2025 NCS Swimming & Diving Championship (5/9-10/2025), Boys 200 Yard Freestyle prelims and finals, https://www.pacswim.org/userfiles/meets/documents/2878/ncsresultsfinalswithallsplitsforpacswim.pdf (verified extraction workbook, 2026-09-02)",championship,"place 5; hytek tags grade JR; seed from official results; high school championship: grades published, ages blank (club-linked age rule applies)"
S018,2025_NCS_CHAMPIONSHIPS,CIF North Coast Section Swimming and Diving Championship Meet 2025,2025-05-09,,M,200 FR,SCY,final,,1:40.15,23.35,48.40,1:14.18,1:40.15,"Official results, 2025 NCS Swimming & Diving Championship (5/9-10/2025), Boys 200 Yard Freestyle prelims and finals, https://www.pacswim.org/userfiles/meets/documents/2878/ncsresultsfinalswithallsplitsforpacswim.pdf (verified extraction workbook, 2026-09-02)",championship,"place 6; hytek tags grade SO; seed from official results; high school championship: grades published, ages blank (club-linked age rule applies)"
S707,2025_NCS_CHAMPIONSHIPS,CIF North Coast Section Swimming and Diving Championship Meet 2025,2025-05-09,,M,200 FR,SCY,final,,1:40.93,23.5,48.55,1:14.51,1:40.93,"Official results, 2025 NCS Swimming & Diving Championship (5/9-10/2025), Boys 200 Yard Freestyle prelims and finals, https://www.pacswim.org/userfiles/meets/documents/2878/ncsresultsfinalswithallsplitsforpacswim.pdf (verified extraction workbook, 2026-09-02)",championship,"place 7; hytek tags grade SR; seed from official results; high school championship: grades published, ages blank (club-linked age rule applies)"
S463,2025_NCS_CHAMPIONSHIPS,CIF North Coast Section Swimming and Diving Championship Meet 2025,2025-05-09,,M,200 FR,SCY,final,,1:41.11,23.56,48.62,1:14.85,1:41.11,"Official results, 2025 NCS Swimming & Diving Championship (5/9-10/2025), Boys 200 Yard Freestyle prelims and finals, https://www.pacswim.org/userfiles/meets/documents/2878/ncsresultsfinalswithallsplitsforpacswim.pdf (verified extraction workbook, 2026-09-02)",championship,"place 8; hytek tags grade JR; seed from official results; high school championship: grades published, ages blank (club-linked age rule applies)"
S026,2025_NCS_CHAMPIONSHIPS,CIF North Coast Section Swimming and Diving Championship Meet 2025,2025-05-09,,M,200 FR,SCY,final,,1:41.01,23.21,48.55,1:14.52,1:41.01,"Official results, 2025 NCS Swimming & Diving Championship (5/9-10/2025), Boys 200 Yard Freestyle prelims and finals, https://www.pacswim.org/userfiles/meets/documents/2878/ncsresultsfinalswithallsplitsforpacswim.pdf (verified extraction workbook, 2026-09-02)",championship,"place 9; hytek tags grade JR; seed from official results; high school championship: grades published, ages blank (club-linked age rule applies)"
S461,2025_NCS_CHAMPIONSHIPS,CIF North Coast Section Swimming and Diving Championship Meet 2025,2025-05-09,,M,200 FR,SCY,final,,1:41.12,23.16,48.36,1:14.16,1:41.12,"Official results, 2025 NCS Swimming & Diving Championship (5/9-10/2025), Boys 200 Yard Freestyle prelims and finals, https://www.pacswim.org/userfiles/meets/documents/2878/ncsresultsfinalswithallsplitsforpacswim.pdf (verified extraction workbook, 2026-09-02)",championship,"place 10; hytek tags grade JR; seed from official results; high school championship: grades published, ages blank (club-linked age rule applies)"
S708,2025_NCS_CHAMPIONSHIPS,CIF North Coast Section Swimming and Diving Championship Meet 2025,2025-05-09,,M,200 FR,SCY,final,,1:41.82,23.29,48.75,1:14.95,1:41.82,"Official results, 2025 NCS Swimming & Diving Championship (5/9-10/2025), Boys 200 Yard Freestyle prelims and finals, https://www.pacswim.org/userfiles/meets/documents/2878/ncsresultsfinalswithallsplitsforpacswim.pdf (verified extraction workbook, 2026-09-02)",championship,"place 11; hytek tags grade SR; seed from official results; high school championship: grades published, ages blank (club-linked age rule applies)"
S270,2025_NCS_CHAMPIONSHIPS,CIF North Coast Section Swimming and Diving Championship Meet 2025,2025-05-09,,M,200 FR,SCY,final,,1:41.93,23.7,48.81,1:15.17,1:41.93,"Official results, 2025 NCS Swimming & Diving Championship (5/9-10/2025), Boys 200 Yard Freestyle prelims and finals, https://www.pacswim.org/userfiles/meets/documents/2878/ncsresultsfinalswithallsplitsforpacswim.pdf (verified extraction workbook, 2026-09-02)",championship,"place 12; hytek tags grade SO; seed from official results; high school championship: grades published, ages blank (club-linked age rule applies)"
S462,2025_NCS_CHAMPIONSHIPS,CIF North Coast Section Swimming and Diving Championship Meet 2025,2025-05-09,,M,200 FR,SCY,final,,1:42.16,23.76,49.34,1:15.82,1:42.16,"Official results, 2025 NCS Swimming & Diving Championship (5/9-10/2025), Boys 200 Yard Freestyle prelims and finals, https://www.pacswim.org/userfiles/meets/documents/2878/ncsresultsfinalswithallsplitsforpacswim.pdf (verified extraction workbook, 2026-09-02)",championship,"place 13; hytek tags grade FR; seed from official results; high school championship: grades published, ages blank (club-linked age rule applies)"
S271,2025_NCS_CHAMPIONSHIPS,CIF North Coast Section Swimming and Diving Championship Meet 2025,2025-05-09,,M,200 FR,SCY,final,,1:42.16,24.16,49.96,1:16.14,1:42.16,"Official results, 2025 NCS Swimming & Diving Championship (5/9-10/2025), Boys 200 Yard Freestyle prelims and finals, https://www.pacswim.org/userfiles/meets/documents/2878/ncsresultsfinalswithallsplitsforpacswim.pdf (verified extraction workbook, 2026-09-02)",championship,"place 13; hytek tags grade SO; seed from official results; high school championship: grades published, ages blank (club-linked age rule applies)"
S010,2025_NCS_CHAMPIONSHIPS,CIF North Coast Section Swimming and Diving Championship Meet 2025,2025-05-09,,M,200 FR,SCY,final,,1:43.99,24.1,50.24,1:17.06,1:43.99,"Official results, 2025 NCS Swimming & Diving Championship (5/9-10/2025), Boys 200 Yard Freestyle prelims and finals, https://www.pacswim.org/userfiles/meets/documents/2878/ncsresultsfinalswithallsplitsforpacswim.pdf (verified extraction workbook, 2026-09-02)",championship,"place 15; hytek tags grade FR; seed from official results; high school championship: grades published, ages blank (club-linked age rule applies)"
S007,2025_NCS_CHAMPIONSHIPS,CIF North Coast Section Swimming and Diving Championship Meet 2025,2025-05-09,,M,200 FR,SCY,final,,1:45.44,24.21,50.77,1:18.26,1:45.44,"Official results, 2025 NCS Swimming & Diving Championship (5/9-10/2025), Boys 200 Yard Freestyle prelims and finals, https://www.pacswim.org/userfiles/meets/documents/2878/ncsresultsfinalswithallsplitsforpacswim.pdf (verified extraction workbook, 2026-09-02)",championship,"place 16; hytek tags grade FR; seed from official results; high school championship: grades published, ages blank (club-linked age rule applies)"
S717,2024_NCS_CHAMPIONSHIPS,CIF North Coast Section Swimming and Diving Championship Meet 2024,2024-05-03,,M,200 FR,SCY,prelim,,1:37.54,22.53,47.05,1:12.05,1:37.54,"Official results, 2024 NCS Swimming & Diving Championships (5/3-4/2024), Boys 200 Yard Freestyle prelims and finals, https://www.pacswim.org/userfiles/meets/documents/2662/ncs-full-results.pdf (verified extraction workbook, 2026-09-02)",championship,"place 1; hytek tags grade SR; seed from official results; high school championship: grades published, ages blank (club-linked age rule applies)"
S704,2024_NCS_CHAMPIONSHIPS,CIF North Coast Section Swimming and Diving Championship Meet 2024,2024-05-03,,M,200 FR,SCY,prelim,,1:38.45,23.22,48.51,1:13.53,1:38.45,"Official results, 2024 NCS Swimming & Diving Championships (5/3-4/2024), Boys 200 Yard Freestyle prelims and finals, https://www.pacswim.org/userfiles/meets/documents/2662/ncs-full-results.pdf (verified extraction workbook, 2026-09-02)",championship,"place 2; hytek tags grade FR; seed from official results; high school championship: grades published, ages blank (club-linked age rule applies)"
S705,2024_NCS_CHAMPIONSHIPS,CIF North Coast Section Swimming and Diving Championship Meet 2024,2024-05-03,,M,200 FR,SCY,prelim,,1:38.93,23.12,48.27,1:13.49,1:38.93,"Official results, 2024 NCS Swimming & Diving Championships (5/3-4/2024), Boys 200 Yard Freestyle prelims and finals, https://www.pacswim.org/userfiles/meets/documents/2662/ncs-full-results.pdf (verified extraction workbook, 2026-09-02)",championship,"place 3; hytek tags grade JR; seed from official results; high school championship: grades published, ages blank (club-linked age rule applies)"
S707,2024_NCS_CHAMPIONSHIPS,CIF North Coast Section Swimming and Diving Championship Meet 2024,2024-05-03,,M,200 FR,SCY,prelim,,1:40.60,23.49,49.21,1:15.29,1:40.60,"Official results, 2024 NCS Swimming & Diving Championships (5/3-4/2024), Boys 200 Yard Freestyle prelims and finals, https://www.pacswim.org/userfiles/meets/documents/2662/ncs-full-results.pdf (verified extraction workbook, 2026-09-02)",championship,"place 4; hytek tags grade JR; seed from official results; high school championship: grades published, ages blank (club-linked age rule applies)"
S026,2024_NCS_CHAMPIONSHIPS,CIF North Coast Section Swimming and Diving Championship Meet 2024,2024-05-03,,M,200 FR,SCY,prelim,,1:41.03,23.91,49.13,1:14.87,1:41.03,"Official results, 2024 NCS Swimming & Diving Championships (5/3-4/2024), Boys 200 Yard Freestyle prelims and finals, https://www.pacswim.org/userfiles/meets/documents/2662/ncs-full-results.pdf (verified extraction workbook, 2026-09-02)",championship,"place 5; hytek tags grade FR; seed from official results; high school championship: grades published, ages blank (club-linked age rule applies)"
S002,2024_NCS_CHAMPIONSHIPS,CIF North Coast Section Swimming and Diving Championship Meet 2024,2024-05-03,,M,200 FR,SCY,prelim,,1:41.15,23.29,48.67,1:14.76,1:41.15,"Official results, 2024 NCS Swimming & Diving Championships (5/3-4/2024), Boys 200 Yard Freestyle prelims and finals, https://www.pacswim.org/userfiles/meets/documents/2662/ncs-full-results.pdf (verified extraction workbook, 2026-09-02)",championship,"place 6; hytek tags grade FR; seed from official results; high school championship: grades published, ages blank (club-linked age rule applies)"
S018,2024_NCS_CHAMPIONSHIPS,CIF North Coast Section Swimming and Diving Championship Meet 2024,2024-05-03,,M,200 FR,SCY,prelim,,1:41.49,23.8,49.59,1:15.59,1:41.49,"Official results, 2024 NCS Swimming & Diving Championships (5/3-4/2024), Boys 200 Yard Freestyle prelims and finals, https://www.pacswim.org/userfiles/meets/documents/2662/ncs-full-results.pdf (verified extraction workbook, 2026-09-02)",championship,"place 7; hytek tags grade FR; seed from official results; high school championship: grades published, ages blank (club-linked age rule applies)"
S706,2024_NCS_CHAMPIONSHIPS,CIF North Coast Section Swimming and Diving Championship Meet 2024,2024-05-03,,M,200 FR,SCY,prelim,,1:41.68,23.87,49.47,1:15.44,1:41.68,"Official results, 2024 NCS Swimming & Diving Championships (5/3-4/2024), Boys 200 Yard Freestyle prelims and finals, https://www.pacswim.org/userfiles/meets/documents/2662/ncs-full-results.pdf (verified extraction workbook, 2026-09-02)",championship,"place 8; hytek tags grade JR; seed from official results; high school championship: grades published, ages blank (club-linked age rule applies)"
S718,2024_NCS_CHAMPIONSHIPS,CIF North Coast Section Swimming and Diving Championship Meet 2024,2024-05-03,,M,200 FR,SCY,prelim,,1:42.61,23.97,49.74,1:16.18,1:42.61,"Official results, 2024 NCS Swimming & Diving Championships (5/3-4/2024), Boys 200 Yard Freestyle prelims and finals, https://www.pacswim.org/userfiles/meets/documents/2662/ncs-full-results.pdf (verified extraction workbook, 2026-09-02)",championship,"place 9; hytek tags grade SR; seed from official results; high school championship: grades published, ages blank (club-linked age rule applies)"
S712,2024_NCS_CHAMPIONSHIPS,CIF North Coast Section Swimming and Diving Championship Meet 2024,2024-05-03,,M,200 FR,SCY,prelim,,1:42.72,23.93,49.41,1:16.24,1:42.72,"Official results, 2024 NCS Swimming & Diving Championships (5/3-4/2024), Boys 200 Yard Freestyle prelims and finals, https://www.pacswim.org/userfiles/meets/documents/2662/ncs-full-results.pdf (verified extraction workbook, 2026-09-02)",championship,"place 10; hytek tags grade JR; seed from official results; high school championship: grades published, ages blank (club-linked age rule applies)"
S708,2024_NCS_CHAMPIONSHIPS,CIF North Coast Section Swimming and Diving Championship Meet 2024,2024-05-03,,M,200 FR,SCY,prelim,,1:42.78,23.93,50.20,1:16.84,1:42.78,"Official results, 2024 NCS Swimming & Diving Championships (5/3-4/2024), Boys 200 Yard Freestyle prelims and finals, https://www.pacswim.org/userfiles/meets/documents/2662/ncs-full-results.pdf (verified extraction workbook, 2026-09-02)",championship,"place 11; hytek tags grade JR; seed from official results; high school championship: grades published, ages blank (club-linked age rule applies)"
S713,2024_NCS_CHAMPIONSHIPS,CIF North Coast Section Swimming and Diving Championship Meet 2024,2024-05-03,,M,200 FR,SCY,prelim,,1:42.89,23.93,49.71,1:16.35,1:42.89,"Official results, 2024 NCS Swimming & Diving Championships (5/3-4/2024), Boys 200 Yard Freestyle prelims and finals, https://www.pacswim.org/userfiles/meets/documents/2662/ncs-full-results.pdf (verified extraction workbook, 2026-09-02)",championship,"place 12; hytek tags grade JR; seed from official results; high school championship: grades published, ages blank (club-linked age rule applies)"
S005,2024_NCS_CHAMPIONSHIPS,CIF North Coast Section Swimming and Diving Championship Meet 2024,2024-05-03,,M,200 FR,SCY,prelim,,1:43.13,23.91,50.22,1:16.84,1:43.13,"Official results, 2024 NCS Swimming & Diving Championships (5/3-4/2024), Boys 200 Yard Freestyle prelims and finals, https://www.pacswim.org/userfiles/meets/documents/2662/ncs-full-results.pdf (verified extraction workbook, 2026-09-02)",championship,"place 13; hytek tags grade SO; seed from official results; high school championship: grades published, ages blank (club-linked age rule applies)"
S719,2024_NCS_CHAMPIONSHIPS,CIF North Coast Section Swimming and Diving Championship Meet 2024,2024-05-03,,M,200 FR,SCY,prelim,,1:43.23,24.28,50.77,1:17.23,1:43.23,"Official results, 2024 NCS Swimming & Diving Championships (5/3-4/2024), Boys 200 Yard Freestyle prelims and finals, https://www.pacswim.org/userfiles/meets/documents/2662/ncs-full-results.pdf (verified extraction workbook, 2026-09-02)",championship,"place 14; hytek tags grade SR; seed from official results; high school championship: grades published, ages blank (club-linked age rule applies)"
S720,2024_NCS_CHAMPIONSHIPS,CIF North Coast Section Swimming and Diving Championship Meet 2024,2024-05-03,,M,200 FR,SCY,prelim,,1:43.38,24.34,50.96,1:17.51,1:43.38,"Official results, 2024 NCS Swimming & Diving Championships (5/3-4/2024), Boys 200 Yard Freestyle prelims and finals, https://www.pacswim.org/userfiles/meets/documents/2662/ncs-full-results.pdf (verified extraction workbook, 2026-09-02)",championship,"place 15; hytek tags grade SR; seed from official results; high school championship: grades published, ages blank (club-linked age rule applies)"
S721,2024_NCS_CHAMPIONSHIPS,CIF North Coast Section Swimming and Diving Championship Meet 2024,2024-05-03,,M,200 FR,SCY,prelim,,1:43.54,23.96,49.96,1:16.11,1:43.54,"Official results, 2024 NCS Swimming & Diving Championships (5/3-4/2024), Boys 200 Yard Freestyle prelims and finals, https://www.pacswim.org/userfiles/meets/documents/2662/ncs-full-results.pdf (verified extraction workbook, 2026-09-02)",championship,"place 16; hytek tags grade SR; seed from official results; high school championship: grades published, ages blank (club-linked age rule applies)"
S463,2024_NCS_CHAMPIONSHIPS,CIF North Coast Section Swimming and Diving Championship Meet 2024,2024-05-03,,M,200 FR,SCY,prelim,,1:44.22,24.19,50.01,1:17.02,1:44.22,"Official results, 2024 NCS Swimming & Diving Championships (5/3-4/2024), Boys 200 Yard Freestyle prelims and finals, https://www.pacswim.org/userfiles/meets/documents/2662/ncs-full-results.pdf (verified extraction workbook, 2026-09-02)",championship,"place 17; hytek tags grade SO; seed from official results; high school championship: grades published, ages blank (club-linked age rule applies)"
S722,2024_NCS_CHAMPIONSHIPS,CIF North Coast Section Swimming and Diving Championship Meet 2024,2024-05-03,,M,200 FR,SCY,prelim,,1:44.26,25.09,51.27,1:17.77,1:44.26,"Official results, 2024 NCS Swimming & Diving Championships (5/3-4/2024), Boys 200 Yard Freestyle prelims and finals, https://www.pacswim.org/userfiles/meets/documents/2662/ncs-full-results.pdf (verified extraction workbook, 2026-09-02)",championship,"place 18; hytek tags grade JR; seed from official results; high school championship: grades published, ages blank (club-linked age rule applies)"
S723,2024_NCS_CHAMPIONSHIPS,CIF North Coast Section Swimming and Diving Championship Meet 2024,2024-05-03,,M,200 FR,SCY,prelim,,1:44.38,25.09,51.66,1:18.49,1:44.38,"Official results, 2024 NCS Swimming & Diving Championships (5/3-4/2024), Boys 200 Yard Freestyle prelims and finals, https://www.pacswim.org/userfiles/meets/documents/2662/ncs-full-results.pdf (verified extraction workbook, 2026-09-02)",championship,"place 19; hytek tags grade FR; seed from official results; high school championship: grades published, ages blank (club-linked age rule applies)"
S028,2024_NCS_CHAMPIONSHIPS,CIF North Coast Section Swimming and Diving Championship Meet 2024,2024-05-03,,M,200 FR,SCY,prelim,,1:44.91,24.61,51.12,1:18.46,1:44.91,"Official results, 2024 NCS Swimming & Diving Championships (5/3-4/2024), Boys 200 Yard Freestyle prelims and finals, https://www.pacswim.org/userfiles/meets/documents/2662/ncs-full-results.pdf (verified extraction workbook, 2026-09-02)",championship,"place 20; hytek tags grade JR; seed from official results; high school championship: grades published, ages blank (club-linked age rule applies)"
S273,2024_NCS_CHAMPIONSHIPS,CIF North Coast Section Swimming and Diving Championship Meet 2024,2024-05-03,,M,200 FR,SCY,prelim,,1:45.00,24.86,51.68,1:18.18,1:45.00,"Official results, 2024 NCS Swimming & Diving Championships (5/3-4/2024), Boys 200 Yard Freestyle prelims and finals, https://www.pacswim.org/userfiles/meets/documents/2662/ncs-full-results.pdf (verified extraction workbook, 2026-09-02)",championship,"place 21; hytek tags grade FR; seed from official results; high school championship: grades published, ages blank (club-linked age rule applies)"
S554,2024_NCS_CHAMPIONSHIPS,CIF North Coast Section Swimming and Diving Championship Meet 2024,2024-05-03,,M,200 FR,SCY,prelim,,1:45.08,24.57,51.38,1:18.45,1:45.08,"Official results, 2024 NCS Swimming & Diving Championships (5/3-4/2024), Boys 200 Yard Freestyle prelims and finals, https://www.pacswim.org/userfiles/meets/documents/2662/ncs-full-results.pdf (verified extraction workbook, 2026-09-02)",championship,"place 22; hytek tags grade FR; seed from official results; high school championship: grades published, ages blank (club-linked age rule applies)"
S709,2024_NCS_CHAMPIONSHIPS,CIF North Coast Section Swimming and Diving Championship Meet 2024,2024-05-03,,M,200 FR,SCY,prelim,,1:45.10,24.37,50.76,1:17.81,1:45.10,"Official results, 2024 NCS Swimming & Diving Championships (5/3-4/2024), Boys 200 Yard Freestyle prelims and finals, https://www.pacswim.org/userfiles/meets/documents/2662/ncs-full-results.pdf (verified extraction workbook, 2026-09-02)",championship,"place 23; hytek tags grade SO; seed from official results; high school championship: grades published, ages blank (club-linked age rule applies)"
S053,2024_NCS_CHAMPIONSHIPS,CIF North Coast Section Swimming and Diving Championship Meet 2024,2024-05-03,,M,200 FR,SCY,prelim,,1:45.10,24.51,51.10,1:18.11,1:45.10,"Official results, 2024 NCS Swimming & Diving Championships (5/3-4/2024), Boys 200 Yard Freestyle prelims and finals, https://www.pacswim.org/userfiles/meets/documents/2662/ncs-full-results.pdf (verified extraction workbook, 2026-09-02)",championship,"place 23; hytek tags grade FR; seed from official results; high school championship: grades published, ages blank (club-linked age rule applies)"
S710,2024_NCS_CHAMPIONSHIPS,CIF North Coast Section Swimming and Diving Championship Meet 2024,2024-05-03,,M,200 FR,SCY,prelim,,1:45.24,24.61,51.01,1:18.11,1:45.24,"Official results, 2024 NCS Swimming & Diving Championships (5/3-4/2024), Boys 200 Yard Freestyle prelims and finals, https://www.pacswim.org/userfiles/meets/documents/2662/ncs-full-results.pdf (verified extraction workbook, 2026-09-02)",championship,"place 25; hytek tags grade JR; seed from official results; high school championship: grades published, ages blank (club-linked age rule applies)"
S271,2024_NCS_CHAMPIONSHIPS,CIF North Coast Section Swimming and Diving Championship Meet 2024,2024-05-03,,M,200 FR,SCY,prelim,,1:45.34,24.52,51.13,1:18.37,1:45.34,"Official results, 2024 NCS Swimming & Diving Championships (5/3-4/2024), Boys 200 Yard Freestyle prelims and finals, https://www.pacswim.org/userfiles/meets/documents/2662/ncs-full-results.pdf (verified extraction workbook, 2026-09-02)",championship,"place 26; hytek tags grade FR; seed from official results; high school championship: grades published, ages blank (club-linked age rule applies)"
S724,2024_NCS_CHAMPIONSHIPS,CIF North Coast Section Swimming and Diving Championship Meet 2024,2024-05-03,,M,200 FR,SCY,prelim,,1:45.71,25.21,51.74,1:18.51,1:45.71,"Official results, 2024 NCS Swimming & Diving Championships (5/3-4/2024), Boys 200 Yard Freestyle prelims and finals, https://www.pacswim.org/userfiles/meets/documents/2662/ncs-full-results.pdf (verified extraction workbook, 2026-09-02)",championship,"place 27; hytek tags grade JR; seed from official results; high school championship: grades published, ages blank (club-linked age rule applies)"
S725,2024_NCS_CHAMPIONSHIPS,CIF North Coast Section Swimming and Diving Championship Meet 2024,2024-05-03,,M,200 FR,SCY,prelim,,1:45.71,24.67,51.74,1:18.46,1:45.71,"Official results, 2024 NCS Swimming & Diving Championships (5/3-4/2024), Boys 200 Yard Freestyle prelims and finals, https://www.pacswim.org/userfiles/meets/documents/2662/ncs-full-results.pdf (verified extraction workbook, 2026-09-02)",championship,"place 27; hytek tags grade JR; seed from official results; high school championship: grades published, ages blank (club-linked age rule applies)"
S270,2024_NCS_CHAMPIONSHIPS,CIF North Coast Section Swimming and Diving Championship Meet 2024,2024-05-03,,M,200 FR,SCY,prelim,,1:46.03,25.08,51.91,1:19.17,1:46.03,"Official results, 2024 NCS Swimming & Diving Championships (5/3-4/2024), Boys 200 Yard Freestyle prelims and finals, https://www.pacswim.org/userfiles/meets/documents/2662/ncs-full-results.pdf (verified extraction workbook, 2026-09-02)",championship,"place 29; hytek tags grade FR; seed from official results; high school championship: grades published, ages blank (club-linked age rule applies)"
S726,2024_NCS_CHAMPIONSHIPS,CIF North Coast Section Swimming and Diving Championship Meet 2024,2024-05-03,,M,200 FR,SCY,prelim,,1:46.07,24.99,51.97,1:19.47,1:46.07,"Official results, 2024 NCS Swimming & Diving Championships (5/3-4/2024), Boys 200 Yard Freestyle prelims and finals, https://www.pacswim.org/userfiles/meets/documents/2662/ncs-full-results.pdf (verified extraction workbook, 2026-09-02)",championship,"place 30; hytek tags grade FR; seed from official results; high school championship: grades published, ages blank (club-linked age rule applies)"
S542,2024_NCS_CHAMPIONSHIPS,CIF North Coast Section Swimming and Diving Championship Meet 2024,2024-05-03,,M,200 FR,SCY,prelim,,1:46.34,23.73,50.83,1:18.34,1:46.34,"Official results, 2024 NCS Swimming & Diving Championships (5/3-4/2024), Boys 200 Yard Freestyle prelims and finals, https://www.pacswim.org/userfiles/meets/documents/2662/ncs-full-results.pdf (verified extraction workbook, 2026-09-02)",championship,"place 31; hytek tags grade FR; seed from official results; high school championship: grades published, ages blank (club-linked age rule applies)"
S229,2024_NCS_CHAMPIONSHIPS,CIF North Coast Section Swimming and Diving Championship Meet 2024,2024-05-03,,M,200 FR,SCY,prelim,,1:46.45,24.27,51.56,1:19.07,1:46.45,"Official results, 2024 NCS Swimming & Diving Championships (5/3-4/2024), Boys 200 Yard Freestyle prelims and finals, https://www.pacswim.org/userfiles/meets/documents/2662/ncs-full-results.pdf (verified extraction workbook, 2026-09-02)",championship,"place 32; hytek tags grade FR; seed from official results; high school championship: grades published, ages blank (club-linked age rule applies)"
S019,2024_NCS_CHAMPIONSHIPS,CIF North Coast Section Swimming and Diving Championship Meet 2024,2024-05-03,,M,200 FR,SCY,prelim,,1:46.70,24.95,51.97,1:19.40,1:46.70,"Official results, 2024 NCS Swimming & Diving Championships (5/3-4/2024), Boys 200 Yard Freestyle prelims and finals, https://www.pacswim.org/userfiles/meets/documents/2662/ncs-full-results.pdf (verified extraction workbook, 2026-09-02)",championship,"place 33; hytek tags grade SO; seed from official results; high school championship: grades published, ages blank (club-linked age rule applies)"
S727,2024_NCS_CHAMPIONSHIPS,CIF North Coast Section Swimming and Diving Championship Meet 2024,2024-05-03,,M,200 FR,SCY,prelim,,1:46.74,24.57,51.22,1:18.61,1:46.74,"Official results, 2024 NCS Swimming & Diving Championships (5/3-4/2024), Boys 200 Yard Freestyle prelims and finals, https://www.pacswim.org/userfiles/meets/documents/2662/ncs-full-results.pdf (verified extraction workbook, 2026-09-02)",championship,"place 34; hytek tags grade SR; seed from official results; high school championship: grades published, ages blank (club-linked age rule applies)"
S461,2024_NCS_CHAMPIONSHIPS,CIF North Coast Section Swimming and Diving Championship Meet 2024,2024-05-03,,M,200 FR,SCY,prelim,,1:47.62,24.73,51.87,1:19.55,1:47.62,"Official results, 2024 NCS Swimming & Diving Championships (5/3-4/2024), Boys 200 Yard Freestyle prelims and finals, https://www.pacswim.org/userfiles/meets/documents/2662/ncs-full-results.pdf (verified extraction workbook, 2026-09-02)",championship,"place 35; hytek tags grade SO; seed from official results; high school championship: grades published, ages blank (club-linked age rule applies)"
S716,2024_NCS_CHAMPIONSHIPS,CIF North Coast Section Swimming and Diving Championship Meet 2024,2024-05-03,,M,200 FR,SCY,prelim,,1:48.04,25.46,52.70,1:20.37,1:48.04,"Official results, 2024 NCS Swimming & Diving Championships (5/3-4/2024), Boys 200 Yard Freestyle prelims and finals, https://www.pacswim.org/userfiles/meets/documents/2662/ncs-full-results.pdf (verified extraction workbook, 2026-09-02)",championship,"place 36; hytek tags grade SO; seed from official results; high school championship: grades published, ages blank (club-linked age rule applies)"
S384,2024_NCS_CHAMPIONSHIPS,CIF North Coast Section Swimming and Diving Championship Meet 2024,2024-05-03,,M,200 FR,SCY,prelim,,1:48.35,25.3,52.81,1:21.04,1:48.35,"Official results, 2024 NCS Swimming & Diving Championships (5/3-4/2024), Boys 200 Yard Freestyle prelims and finals, https://www.pacswim.org/userfiles/meets/documents/2662/ncs-full-results.pdf (verified extraction workbook, 2026-09-02)",championship,"place 37; hytek tags none; seed from official results; high school championship: grades published, ages blank (club-linked age rule applies)"
S728,2024_NCS_CHAMPIONSHIPS,CIF North Coast Section Swimming and Diving Championship Meet 2024,2024-05-03,,M,200 FR,SCY,prelim,,1:50.44,25.09,52.48,1:20.81,1:50.44,"Official results, 2024 NCS Swimming & Diving Championships (5/3-4/2024), Boys 200 Yard Freestyle prelims and finals, https://www.pacswim.org/userfiles/meets/documents/2662/ncs-full-results.pdf (verified extraction workbook, 2026-09-02)",championship,"place 38; hytek tags grade JR; seed from official results; high school championship: grades published, ages blank (club-linked age rule applies)"
S714,2024_NCS_CHAMPIONSHIPS,CIF North Coast Section Swimming and Diving Championship Meet 2024,2024-05-03,,M,200 FR,SCY,prelim,,1:50.44,24.99,52.52,1:21.64,1:50.44,"Official results, 2024 NCS Swimming & Diving Championships (5/3-4/2024), Boys 200 Yard Freestyle prelims and finals, https://www.pacswim.org/userfiles/meets/documents/2662/ncs-full-results.pdf (verified extraction workbook, 2026-09-02)",championship,"place 38; hytek tags grade FR; seed from official results; high school championship: grades published, ages blank (club-linked age rule applies)"
S729,2024_NCS_CHAMPIONSHIPS,CIF North Coast Section Swimming and Diving Championship Meet 2024,2024-05-03,,M,200 FR,SCY,prelim,,1:51.05,25.53,53.61,1:22.30,1:51.05,"Official results, 2024 NCS Swimming & Diving Championships (5/3-4/2024), Boys 200 Yard Freestyle prelims and finals, https://www.pacswim.org/userfiles/meets/documents/2662/ncs-full-results.pdf (verified extraction workbook, 2026-09-02)",championship,"place 40; hytek tags grade FR; seed from official results; high school championship: grades published, ages blank (club-linked age rule applies)"
S704,2024_NCS_CHAMPIONSHIPS,CIF North Coast Section Swimming and Diving Championship Meet 2024,2024-05-03,,M,200 FR,SCY,final,,1:36.25,22.77,47.39,1:11.86,1:36.25,"Official results, 2024 NCS Swimming & Diving Championships (5/3-4/2024), Boys 200 Yard Freestyle prelims and finals, https://www.pacswim.org/userfiles/meets/documents/2662/ncs-full-results.pdf (verified extraction workbook, 2026-09-02)",championship,"place 1; hytek tags grade FR; seed from official results; high school championship: grades published, ages blank (club-linked age rule applies)"
S717,2024_NCS_CHAMPIONSHIPS,CIF North Coast Section Swimming and Diving Championship Meet 2024,2024-05-03,,M,200 FR,SCY,final,,1:37.42,23.01,47.87,1:12.72,1:37.42,"Official results, 2024 NCS Swimming & Diving Championships (5/3-4/2024), Boys 200 Yard Freestyle prelims and finals, https://www.pacswim.org/userfiles/meets/documents/2662/ncs-full-results.pdf (verified extraction workbook, 2026-09-02)",championship,"place 2; hytek tags grade SR; seed from official results; high school championship: grades published, ages blank (club-linked age rule applies)"
S705,2024_NCS_CHAMPIONSHIPS,CIF North Coast Section Swimming and Diving Championship Meet 2024,2024-05-03,,M,200 FR,SCY,final,,1:38.53,23.23,48.17,1:13.43,1:38.53,"Official results, 2024 NCS Swimming & Diving Championships (5/3-4/2024), Boys 200 Yard Freestyle prelims and finals, https://www.pacswim.org/userfiles/meets/documents/2662/ncs-full-results.pdf (verified extraction workbook, 2026-09-02)",championship,"place 3; hytek tags grade JR; seed from official results; high school championship: grades published, ages blank (club-linked age rule applies)"
S018,2024_NCS_CHAMPIONSHIPS,CIF North Coast Section Swimming and Diving Championship Meet 2024,2024-05-03,,M,200 FR,SCY,final,,1:40.52,23.79,49.37,1:15.13,1:40.52,"Official results, 2024 NCS Swimming & Diving Championships (5/3-4/2024), Boys 200 Yard Freestyle prelims and finals, https://www.pacswim.org/userfiles/meets/documents/2662/ncs-full-results.pdf (verified extraction workbook, 2026-09-02)",championship,"place 4; hytek tags grade FR; seed from official results; high school championship: grades published, ages blank (club-linked age rule applies)"
S002,2024_NCS_CHAMPIONSHIPS,CIF North Coast Section Swimming and Diving Championship Meet 2024,2024-05-03,,M,200 FR,SCY,final,,1:41.40,23.94,49.74,1:15.67,1:41.40,"Official results, 2024 NCS Swimming & Diving Championships (5/3-4/2024), Boys 200 Yard Freestyle prelims and finals, https://www.pacswim.org/userfiles/meets/documents/2662/ncs-full-results.pdf (verified extraction workbook, 2026-09-02)",championship,"place 5; hytek tags grade FR; seed from official results; high school championship: grades published, ages blank (club-linked age rule applies)"
S026,2024_NCS_CHAMPIONSHIPS,CIF North Coast Section Swimming and Diving Championship Meet 2024,2024-05-03,,M,200 FR,SCY,final,,1:41.58,23.66,48.99,1:15.01,1:41.58,"Official results, 2024 NCS Swimming & Diving Championships (5/3-4/2024), Boys 200 Yard Freestyle prelims and finals, https://www.pacswim.org/userfiles/meets/documents/2662/ncs-full-results.pdf (verified extraction workbook, 2026-09-02)",championship,"place 6; hytek tags grade FR; seed from official results; high school championship: grades published, ages blank (club-linked age rule applies)"
S707,2024_NCS_CHAMPIONSHIPS,CIF North Coast Section Swimming and Diving Championship Meet 2024,2024-05-03,,M,200 FR,SCY,final,,1:42.22,23.89,49.42,1:15.77,1:42.22,"Official results, 2024 NCS Swimming & Diving Championships (5/3-4/2024), Boys 200 Yard Freestyle prelims and finals, https://www.pacswim.org/userfiles/meets/documents/2662/ncs-full-results.pdf (verified extraction workbook, 2026-09-02)",championship,"place 7; hytek tags grade JR; seed from official results; high school championship: grades published, ages blank (club-linked age rule applies)"
S706,2024_NCS_CHAMPIONSHIPS,CIF North Coast Section Swimming and Diving Championship Meet 2024,2024-05-03,,M,200 FR,SCY,final,,1:43.09,23.9,50.04,1:16.68,1:43.09,"Official results, 2024 NCS Swimming & Diving Championships (5/3-4/2024), Boys 200 Yard Freestyle prelims and finals, https://www.pacswim.org/userfiles/meets/documents/2662/ncs-full-results.pdf (verified extraction workbook, 2026-09-02)",championship,"place 8; hytek tags grade JR; seed from official results; high school championship: grades published, ages blank (club-linked age rule applies)"
S713,2024_NCS_CHAMPIONSHIPS,CIF North Coast Section Swimming and Diving Championship Meet 2024,2024-05-03,,M,200 FR,SCY,final,,1:42.58,23.92,50.05,1:16.51,1:42.58,"Official results, 2024 NCS Swimming & Diving Championships (5/3-4/2024), Boys 200 Yard Freestyle prelims and finals, https://www.pacswim.org/userfiles/meets/documents/2662/ncs-full-results.pdf (verified extraction workbook, 2026-09-02)",championship,"place 9; hytek tags grade JR; seed from official results; high school championship: grades published, ages blank (club-linked age rule applies)"
S718,2024_NCS_CHAMPIONSHIPS,CIF North Coast Section Swimming and Diving Championship Meet 2024,2024-05-03,,M,200 FR,SCY,final,,1:43.00,24.1,50.28,1:16.70,1:43.00,"Official results, 2024 NCS Swimming & Diving Championships (5/3-4/2024), Boys 200 Yard Freestyle prelims and finals, https://www.pacswim.org/userfiles/meets/documents/2662/ncs-full-results.pdf (verified extraction workbook, 2026-09-02)",championship,"place 10; hytek tags grade SR; seed from official results; high school championship: grades published, ages blank (club-linked age rule applies)"
S005,2024_NCS_CHAMPIONSHIPS,CIF North Coast Section Swimming and Diving Championship Meet 2024,2024-05-03,,M,200 FR,SCY,final,,1:43.55,24.08,50.13,1:16.65,1:43.55,"Official results, 2024 NCS Swimming & Diving Championships (5/3-4/2024), Boys 200 Yard Freestyle prelims and finals, https://www.pacswim.org/userfiles/meets/documents/2662/ncs-full-results.pdf (verified extraction workbook, 2026-09-02)",championship,"place 11; hytek tags grade SO; seed from official results; high school championship: grades published, ages blank (club-linked age rule applies)"
S719,2024_NCS_CHAMPIONSHIPS,CIF North Coast Section Swimming and Diving Championship Meet 2024,2024-05-03,,M,200 FR,SCY,final,,1:44.21,24.76,51.33,1:17.94,1:44.21,"Official results, 2024 NCS Swimming & Diving Championships (5/3-4/2024), Boys 200 Yard Freestyle prelims and finals, https://www.pacswim.org/userfiles/meets/documents/2662/ncs-full-results.pdf (verified extraction workbook, 2026-09-02)",championship,"place 12; hytek tags grade SR; seed from official results; high school championship: grades published, ages blank (club-linked age rule applies)"
S708,2024_NCS_CHAMPIONSHIPS,CIF North Coast Section Swimming and Diving Championship Meet 2024,2024-05-03,,M,200 FR,SCY,final,,1:44.47,24.34,50.71,1:17.86,1:44.47,"Official results, 2024 NCS Swimming & Diving Championships (5/3-4/2024), Boys 200 Yard Freestyle prelims and finals, https://www.pacswim.org/userfiles/meets/documents/2662/ncs-full-results.pdf (verified extraction workbook, 2026-09-02)",championship,"place 13; hytek tags grade JR; seed from official results; high school championship: grades published, ages blank (club-linked age rule applies)"
S712,2024_NCS_CHAMPIONSHIPS,CIF North Coast Section Swimming and Diving Championship Meet 2024,2024-05-03,,M,200 FR,SCY,final,,1:44.84,23.53,49.39,1:16.79,1:44.84,"Official results, 2024 NCS Swimming & Diving Championships (5/3-4/2024), Boys 200 Yard Freestyle prelims and finals, https://www.pacswim.org/userfiles/meets/documents/2662/ncs-full-results.pdf (verified extraction workbook, 2026-09-02)",championship,"place 14; hytek tags grade JR; seed from official results; high school championship: grades published, ages blank (club-linked age rule applies)"
S720,2024_NCS_CHAMPIONSHIPS,CIF North Coast Section Swimming and Diving Championship Meet 2024,2024-05-03,,M,200 FR,SCY,final,,1:45.16,24.38,51.06,1:18.38,1:45.16,"Official results, 2024 NCS Swimming & Diving Championships (5/3-4/2024), Boys 200 Yard Freestyle prelims and finals, https://www.pacswim.org/userfiles/meets/documents/2662/ncs-full-results.pdf (verified extraction workbook, 2026-09-02)",championship,"place 15; hytek tags grade SR; seed from official results; high school championship: grades published, ages blank (club-linked age rule applies)"
S721,2024_NCS_CHAMPIONSHIPS,CIF North Coast Section Swimming and Diving Championship Meet 2024,2024-05-03,,M,200 FR,SCY,final,,1:45.20,24.51,50.75,1:17.68,1:45.20,"Official results, 2024 NCS Swimming & Diving Championships (5/3-4/2024), Boys 200 Yard Freestyle prelims and finals, https://www.pacswim.org/userfiles/meets/documents/2662/ncs-full-results.pdf (verified extraction workbook, 2026-09-02)",championship,"place 16; hytek tags grade SR; seed from official results; high school championship: grades published, ages blank (club-linked age rule applies)"
S704,2024_CIF_STATE_CHAMPIONSHIPS,CIF State Swimming and Diving Championships 2024,2024-05-09,,M,200 FR,SCY,prelim,,1:36.69,22.91,47.75,1:12.39,1:36.69,"Official results, 2024 CIF State Swimming Championships (5/9-11/2024), Boys 200 Yard Freestyle prelims and finals, https://www.pacswim.org/userfiles/meets/documents/2674/2024-cif-statemeet-final-results080485.pdf (verified extraction workbook, 2026-09-02)",championship,"place 1; hytek tags grade FR; seed from official results; high school state championship: grades published, ages blank (club-linked age rule applies); statewide field, mostly outside the Pacific Swimming identity pool"
S717,2024_CIF_STATE_CHAMPIONSHIPS,CIF State Swimming and Diving Championships 2024,2024-05-09,,M,200 FR,SCY,prelim,,1:36.71,22.62,47.24,1:12.19,1:36.71,"Official results, 2024 CIF State Swimming Championships (5/9-11/2024), Boys 200 Yard Freestyle prelims and finals, https://www.pacswim.org/userfiles/meets/documents/2674/2024-cif-statemeet-final-results080485.pdf (verified extraction workbook, 2026-09-02)",championship,"place 2; hytek tags grade SR; seed from official results; high school state championship: grades published, ages blank (club-linked age rule applies); statewide field, mostly outside the Pacific Swimming identity pool"
S730,2024_CIF_STATE_CHAMPIONSHIPS,CIF State Swimming and Diving Championships 2024,2024-05-09,,M,200 FR,SCY,prelim,,1:37.26,22.67,47.52,1:12.37,1:37.26,"Official results, 2024 CIF State Swimming Championships (5/9-11/2024), Boys 200 Yard Freestyle prelims and finals, https://www.pacswim.org/userfiles/meets/documents/2674/2024-cif-statemeet-final-results080485.pdf (verified extraction workbook, 2026-09-02)",championship,"place 3; hytek tags grade JR; seed from official results; high school state championship: grades published, ages blank (club-linked age rule applies); statewide field, mostly outside the Pacific Swimming identity pool"
S705,2024_CIF_STATE_CHAMPIONSHIPS,CIF State Swimming and Diving Championships 2024,2024-05-09,,M,200 FR,SCY,prelim,,1:37.28,23.07,47.81,1:12.41,1:37.28,"Official results, 2024 CIF State Swimming Championships (5/9-11/2024), Boys 200 Yard Freestyle prelims and finals, https://www.pacswim.org/userfiles/meets/documents/2674/2024-cif-statemeet-final-results080485.pdf (verified extraction workbook, 2026-09-02)",championship,"place 4; hytek tags grade JR; seed from official results; high school state championship: grades published, ages blank (club-linked age rule applies); statewide field, mostly outside the Pacific Swimming identity pool"
S731,2024_CIF_STATE_CHAMPIONSHIPS,CIF State Swimming and Diving Championships 2024,2024-05-09,,M,200 FR,SCY,prelim,,1:37.36,22.37,46.86,1:11.96,1:37.36,"Official results, 2024 CIF State Swimming Championships (5/9-11/2024), Boys 200 Yard Freestyle prelims and finals, https://www.pacswim.org/userfiles/meets/documents/2674/2024-cif-statemeet-final-results080485.pdf (verified extraction workbook, 2026-09-02)",championship,"place 5; hytek tags grade SR; seed from official results; high school state championship: grades published, ages blank (club-linked age rule applies); statewide field, mostly outside the Pacific Swimming identity pool"
S732,2024_CIF_STATE_CHAMPIONSHIPS,CIF State Swimming and Diving Championships 2024,2024-05-09,,M,200 FR,SCY,prelim,,1:37.57,22.59,47.03,1:12.15,1:37.57,"Official results, 2024 CIF State Swimming Championships (5/9-11/2024), Boys 200 Yard Freestyle prelims and finals, https://www.pacswim.org/userfiles/meets/documents/2674/2024-cif-statemeet-final-results080485.pdf (verified extraction workbook, 2026-09-02)",championship,"place 6; hytek tags grade SR; seed from official results; high school state championship: grades published, ages blank (club-linked age rule applies); statewide field, mostly outside the Pacific Swimming identity pool"
S733,2024_CIF_STATE_CHAMPIONSHIPS,CIF State Swimming and Diving Championships 2024,2024-05-09,,M,200 FR,SCY,prelim,,1:37.66,22.83,47.81,1:12.71,1:37.66,"Official results, 2024 CIF State Swimming Championships (5/9-11/2024), Boys 200 Yard Freestyle prelims and finals, https://www.pacswim.org/userfiles/meets/documents/2674/2024-cif-statemeet-final-results080485.pdf (verified extraction workbook, 2026-09-02)",championship,"place 7; hytek tags grade SO; seed from official results; high school state championship: grades published, ages blank (club-linked age rule applies); statewide field, mostly outside the Pacific Swimming identity pool"
S734,2024_CIF_STATE_CHAMPIONSHIPS,CIF State Swimming and Diving Championships 2024,2024-05-09,,M,200 FR,SCY,prelim,,1:38.02,22.25,46.96,1:12.39,1:38.02,"Official results, 2024 CIF State Swimming Championships (5/9-11/2024), Boys 200 Yard Freestyle prelims and finals, https://www.pacswim.org/userfiles/meets/documents/2674/2024-cif-statemeet-final-results080485.pdf (verified extraction workbook, 2026-09-02)",championship,"place 8; hytek tags grade SR; seed from official results; high school state championship: grades published, ages blank (club-linked age rule applies); statewide field, mostly outside the Pacific Swimming identity pool"
S735,2024_CIF_STATE_CHAMPIONSHIPS,CIF State Swimming and Diving Championships 2024,2024-05-09,,M,200 FR,SCY,prelim,,1:38.03,22.97,47.95,1:13.14,1:38.03,"Official results, 2024 CIF State Swimming Championships (5/9-11/2024), Boys 200 Yard Freestyle prelims and finals, https://www.pacswim.org/userfiles/meets/documents/2674/2024-cif-statemeet-final-results080485.pdf (verified extraction workbook, 2026-09-02)",championship,"place 9; hytek tags grade JR; seed from official results; high school state championship: grades published, ages blank (club-linked age rule applies); statewide field, mostly outside the Pacific Swimming identity pool"
S736,2024_CIF_STATE_CHAMPIONSHIPS,CIF State Swimming and Diving Championships 2024,2024-05-09,,M,200 FR,SCY,prelim,,1:38.43,23.26,48.07,1:13.36,1:38.43,"Official results, 2024 CIF State Swimming Championships (5/9-11/2024), Boys 200 Yard Freestyle prelims and finals, https://www.pacswim.org/userfiles/meets/documents/2674/2024-cif-statemeet-final-results080485.pdf (verified extraction workbook, 2026-09-02)",championship,"place 10; hytek tags grade SR; seed from official results; high school state championship: grades published, ages blank (club-linked age rule applies); statewide field, mostly outside the Pacific Swimming identity pool"
S737,2024_CIF_STATE_CHAMPIONSHIPS,CIF State Swimming and Diving Championships 2024,2024-05-09,,M,200 FR,SCY,prelim,,1:38.50,22.76,47.68,1:12.95,1:38.50,"Official results, 2024 CIF State Swimming Championships (5/9-11/2024), Boys 200 Yard Freestyle prelims and finals, https://www.pacswim.org/userfiles/meets/documents/2674/2024-cif-statemeet-final-results080485.pdf (verified extraction workbook, 2026-09-02)",championship,"place 11; hytek tags grade SO; seed from official results; high school state championship: grades published, ages blank (club-linked age rule applies); statewide field, mostly outside the Pacific Swimming identity pool"
S738,2024_CIF_STATE_CHAMPIONSHIPS,CIF State Swimming and Diving Championships 2024,2024-05-09,,M,200 FR,SCY,prelim,,1:38.57,22.38,47.09,1:12.95,1:38.57,"Official results, 2024 CIF State Swimming Championships (5/9-11/2024), Boys 200 Yard Freestyle prelims and finals, https://www.pacswim.org/userfiles/meets/documents/2674/2024-cif-statemeet-final-results080485.pdf (verified extraction workbook, 2026-09-02)",championship,"place 12; hytek tags grade SR; seed from official results; high school state championship: grades published, ages blank (club-linked age rule applies); statewide field, mostly outside the Pacific Swimming identity pool"
S739,2024_CIF_STATE_CHAMPIONSHIPS,CIF State Swimming and Diving Championships 2024,2024-05-09,,M,200 FR,SCY,prelim,,1:38.67,23.14,47.72,1:12.90,1:38.67,"Official results, 2024 CIF State Swimming Championships (5/9-11/2024), Boys 200 Yard Freestyle prelims and finals, https://www.pacswim.org/userfiles/meets/documents/2674/2024-cif-statemeet-final-results080485.pdf (verified extraction workbook, 2026-09-02)",championship,"place 13; hytek tags grade JR; seed from official results; high school state championship: grades published, ages blank (club-linked age rule applies); statewide field, mostly outside the Pacific Swimming identity pool"
S740,2024_CIF_STATE_CHAMPIONSHIPS,CIF State Swimming and Diving Championships 2024,2024-05-09,,M,200 FR,SCY,prelim,,1:38.85,23.24,48.42,1:13.70,1:38.85,"Official results, 2024 CIF State Swimming Championships (5/9-11/2024), Boys 200 Yard Freestyle prelims and finals, https://www.pacswim.org/userfiles/meets/documents/2674/2024-cif-statemeet-final-results080485.pdf (verified extraction workbook, 2026-09-02)",championship,"place 14; hytek tags grade JR; seed from official results; high school state championship: grades published, ages blank (club-linked age rule applies); statewide field, mostly outside the Pacific Swimming identity pool"
S741,2024_CIF_STATE_CHAMPIONSHIPS,CIF State Swimming and Diving Championships 2024,2024-05-09,,M,200 FR,SCY,prelim,,1:39.02,22.58,47.64,1:13.41,1:39.02,"Official results, 2024 CIF State Swimming Championships (5/9-11/2024), Boys 200 Yard Freestyle prelims and finals, https://www.pacswim.org/userfiles/meets/documents/2674/2024-cif-statemeet-final-results080485.pdf (verified extraction workbook, 2026-09-02)",championship,"place 15; hytek tags grade SR; seed from official results; high school state championship: grades published, ages blank (club-linked age rule applies); statewide field, mostly outside the Pacific Swimming identity pool"
S742,2024_CIF_STATE_CHAMPIONSHIPS,CIF State Swimming and Diving Championships 2024,2024-05-09,,M,200 FR,SCY,prelim,,1:39.04,23.22,48.20,1:13.68,1:39.04,"Official results, 2024 CIF State Swimming Championships (5/9-11/2024), Boys 200 Yard Freestyle prelims and finals, https://www.pacswim.org/userfiles/meets/documents/2674/2024-cif-statemeet-final-results080485.pdf (verified extraction workbook, 2026-09-02)",championship,"place 16; hytek tags grade SO; seed from official results; high school state championship: grades published, ages blank (club-linked age rule applies); statewide field, mostly outside the Pacific Swimming identity pool"
S743,2024_CIF_STATE_CHAMPIONSHIPS,CIF State Swimming and Diving Championships 2024,2024-05-09,,M,200 FR,SCY,prelim,,1:39.43,23.44,48.81,1:13.99,1:39.43,"Official results, 2024 CIF State Swimming Championships (5/9-11/2024), Boys 200 Yard Freestyle prelims and finals, https://www.pacswim.org/userfiles/meets/documents/2674/2024-cif-statemeet-final-results080485.pdf (verified extraction workbook, 2026-09-02)",championship,"place 17; hytek tags grade 12; seed from official results; high school state championship: grades published, ages blank (club-linked age rule applies); statewide field, mostly outside the Pacific Swimming identity pool"
S744,2024_CIF_STATE_CHAMPIONSHIPS,CIF State Swimming and Diving Championships 2024,2024-05-09,,M,200 FR,SCY,prelim,,1:39.61,23.06,48.23,1:13.73,1:39.61,"Official results, 2024 CIF State Swimming Championships (5/9-11/2024), Boys 200 Yard Freestyle prelims and finals, https://www.pacswim.org/userfiles/meets/documents/2674/2024-cif-statemeet-final-results080485.pdf (verified extraction workbook, 2026-09-02)",championship,"place 18; hytek tags grade FR; seed from official results; high school state championship: grades published, ages blank (club-linked age rule applies); statewide field, mostly outside the Pacific Swimming identity pool"
S745,2024_CIF_STATE_CHAMPIONSHIPS,CIF State Swimming and Diving Championships 2024,2024-05-09,,M,200 FR,SCY,prelim,,1:39.69,23.26,48.85,1:14.33,1:39.69,"Official results, 2024 CIF State Swimming Championships (5/9-11/2024), Boys 200 Yard Freestyle prelims and finals, https://www.pacswim.org/userfiles/meets/documents/2674/2024-cif-statemeet-final-results080485.pdf (verified extraction workbook, 2026-09-02)",championship,"place 19; hytek tags grade SR; seed from official results; high school state championship: grades published, ages blank (club-linked age rule applies); statewide field, mostly outside the Pacific Swimming identity pool"
S746,2024_CIF_STATE_CHAMPIONSHIPS,CIF State Swimming and Diving Championships 2024,2024-05-09,,M,200 FR,SCY,prelim,,1:39.71,23.27,47.99,1:13.57,1:39.71,"Official results, 2024 CIF State Swimming Championships (5/9-11/2024), Boys 200 Yard Freestyle prelims and finals, https://www.pacswim.org/userfiles/meets/documents/2674/2024-cif-statemeet-final-results080485.pdf (verified extraction workbook, 2026-09-02)",championship,"place 20; hytek tags grade SR; seed from official results; high school state championship: grades published, ages blank (club-linked age rule applies); statewide field, mostly outside the Pacific Swimming identity pool"
S747,2024_CIF_STATE_CHAMPIONSHIPS,CIF State Swimming and Diving Championships 2024,2024-05-09,,M,200 FR,SCY,prelim,,1:39.95,23.26,48.68,1:14.56,1:39.95,"Official results, 2024 CIF State Swimming Championships (5/9-11/2024), Boys 200 Yard Freestyle prelims and finals, https://www.pacswim.org/userfiles/meets/documents/2674/2024-cif-statemeet-final-results080485.pdf (verified extraction workbook, 2026-09-02)",championship,"place 21; hytek tags grade JR; seed from official results; high school state championship: grades published, ages blank (club-linked age rule applies); statewide field, mostly outside the Pacific Swimming identity pool"
S748,2024_CIF_STATE_CHAMPIONSHIPS,CIF State Swimming and Diving Championships 2024,2024-05-09,,M,200 FR,SCY,prelim,,1:40.00,22.82,48.11,1:14.27,1:40.00,"Official results, 2024 CIF State Swimming Championships (5/9-11/2024), Boys 200 Yard Freestyle prelims and finals, https://www.pacswim.org/userfiles/meets/documents/2674/2024-cif-statemeet-final-results080485.pdf (verified extraction workbook, 2026-09-02)",championship,"place 22; hytek tags none; seed from official results; high school state championship: grades published, ages blank (club-linked age rule applies); statewide field, mostly outside the Pacific Swimming identity pool"
S749,2024_CIF_STATE_CHAMPIONSHIPS,CIF State Swimming and Diving Championships 2024,2024-05-09,,M,200 FR,SCY,prelim,,1:40.32,23.75,48.99,1:14.48,1:40.32,"Official results, 2024 CIF State Swimming Championships (5/9-11/2024), Boys 200 Yard Freestyle prelims and finals, https://www.pacswim.org/userfiles/meets/documents/2674/2024-cif-statemeet-final-results080485.pdf (verified extraction workbook, 2026-09-02)",championship,"place 23; hytek tags grade JR; seed from official results; high school state championship: grades published, ages blank (club-linked age rule applies); statewide field, mostly outside the Pacific Swimming identity pool"
S750,2024_CIF_STATE_CHAMPIONSHIPS,CIF State Swimming and Diving Championships 2024,2024-05-09,,M,200 FR,SCY,prelim,,1:40.39,23.52,48.87,1:14.55,1:40.39,"Official results, 2024 CIF State Swimming Championships (5/9-11/2024), Boys 200 Yard Freestyle prelims and finals, https://www.pacswim.org/userfiles/meets/documents/2674/2024-cif-statemeet-final-results080485.pdf (verified extraction workbook, 2026-09-02)",championship,"place 24; hytek tags grade SR; seed from official results; high school state championship: grades published, ages blank (club-linked age rule applies); statewide field, mostly outside the Pacific Swimming identity pool"
S751,2024_CIF_STATE_CHAMPIONSHIPS,CIF State Swimming and Diving Championships 2024,2024-05-09,,M,200 FR,SCY,prelim,,1:40.41,23.56,48.99,1:14.59,1:40.41,"Official results, 2024 CIF State Swimming Championships (5/9-11/2024), Boys 200 Yard Freestyle prelims and finals, https://www.pacswim.org/userfiles/meets/documents/2674/2024-cif-statemeet-final-results080485.pdf (verified extraction workbook, 2026-09-02)",championship,"place 25; hytek tags grade JR; seed from official results; high school state championship: grades published, ages blank (club-linked age rule applies); statewide field, mostly outside the Pacific Swimming identity pool"
S752,2024_CIF_STATE_CHAMPIONSHIPS,CIF State Swimming and Diving Championships 2024,2024-05-09,,M,200 FR,SCY,prelim,,1:40.50,23.19,48.82,1:14.73,1:40.50,"Official results, 2024 CIF State Swimming Championships (5/9-11/2024), Boys 200 Yard Freestyle prelims and finals, https://www.pacswim.org/userfiles/meets/documents/2674/2024-cif-statemeet-final-results080485.pdf (verified extraction workbook, 2026-09-02)",championship,"place 26; hytek tags grade JR; seed from official results; high school state championship: grades published, ages blank (club-linked age rule applies); statewide field, mostly outside the Pacific Swimming identity pool"
S753,2024_CIF_STATE_CHAMPIONSHIPS,CIF State Swimming and Diving Championships 2024,2024-05-09,,M,200 FR,SCY,prelim,,1:40.90,23.06,48.57,1:14.75,1:40.90,"Official results, 2024 CIF State Swimming Championships (5/9-11/2024), Boys 200 Yard Freestyle prelims and finals, https://www.pacswim.org/userfiles/meets/documents/2674/2024-cif-statemeet-final-results080485.pdf (verified extraction workbook, 2026-09-02)",championship,"place 27; hytek tags grade SO; seed from official results; high school state championship: grades published, ages blank (club-linked age rule applies); statewide field, mostly outside the Pacific Swimming identity pool"
S754,2024_CIF_STATE_CHAMPIONSHIPS,CIF State Swimming and Diving Championships 2024,2024-05-09,,M,200 FR,SCY,prelim,,1:41.70,24.02,49.77,1:15.83,1:41.70,"Official results, 2024 CIF State Swimming Championships (5/9-11/2024), Boys 200 Yard Freestyle prelims and finals, https://www.pacswim.org/userfiles/meets/documents/2674/2024-cif-statemeet-final-results080485.pdf (verified extraction workbook, 2026-09-02)",championship,"place 28; hytek tags grade JR; seed from official results; high school state championship: grades published, ages blank (club-linked age rule applies); statewide field, mostly outside the Pacific Swimming identity pool"
S755,2024_CIF_STATE_CHAMPIONSHIPS,CIF State Swimming and Diving Championships 2024,2024-05-09,,M,200 FR,SCY,prelim,,1:41.73,24.13,49.76,1:15.93,1:41.73,"Official results, 2024 CIF State Swimming Championships (5/9-11/2024), Boys 200 Yard Freestyle prelims and finals, https://www.pacswim.org/userfiles/meets/documents/2674/2024-cif-statemeet-final-results080485.pdf (verified extraction workbook, 2026-09-02)",championship,"place 29; hytek tags grade SO; seed from official results; high school state championship: grades published, ages blank (club-linked age rule applies); statewide field, mostly outside the Pacific Swimming identity pool"
S002,2024_CIF_STATE_CHAMPIONSHIPS,CIF State Swimming and Diving Championships 2024,2024-05-09,,M,200 FR,SCY,prelim,,1:41.84,24.18,50.16,1:16.12,1:41.84,"Official results, 2024 CIF State Swimming Championships (5/9-11/2024), Boys 200 Yard Freestyle prelims and finals, https://www.pacswim.org/userfiles/meets/documents/2674/2024-cif-statemeet-final-results080485.pdf (verified extraction workbook, 2026-09-02)",championship,"place 30; hytek tags grade FR; seed from official results; high school state championship: grades published, ages blank (club-linked age rule applies); statewide field, mostly outside the Pacific Swimming identity pool"
S756,2024_CIF_STATE_CHAMPIONSHIPS,CIF State Swimming and Diving Championships 2024,2024-05-09,,M,200 FR,SCY,prelim,,1:42.24,23.9,50.15,1:16.37,1:42.24,"Official results, 2024 CIF State Swimming Championships (5/9-11/2024), Boys 200 Yard Freestyle prelims and finals, https://www.pacswim.org/userfiles/meets/documents/2674/2024-cif-statemeet-final-results080485.pdf (verified extraction workbook, 2026-09-02)",championship,"place 31; hytek tags grade JR; seed from official results; high school state championship: grades published, ages blank (club-linked age rule applies); statewide field, mostly outside the Pacific Swimming identity pool"
S757,2024_CIF_STATE_CHAMPIONSHIPS,CIF State Swimming and Diving Championships 2024,2024-05-09,,M,200 FR,SCY,prelim,,1:42.24,24.09,49.94,1:16.18,1:42.24,"Official results, 2024 CIF State Swimming Championships (5/9-11/2024), Boys 200 Yard Freestyle prelims and finals, https://www.pacswim.org/userfiles/meets/documents/2674/2024-cif-statemeet-final-results080485.pdf (verified extraction workbook, 2026-09-02)",championship,"place 31; hytek tags grade SO; seed from official results; high school state championship: grades published, ages blank (club-linked age rule applies); statewide field, mostly outside the Pacific Swimming identity pool"
S758,2024_CIF_STATE_CHAMPIONSHIPS,CIF State Swimming and Diving Championships 2024,2024-05-09,,M,200 FR,SCY,prelim,,1:42.27,23.3,49.12,1:15.79,1:42.27,"Official results, 2024 CIF State Swimming Championships (5/9-11/2024), Boys 200 Yard Freestyle prelims and finals, https://www.pacswim.org/userfiles/meets/documents/2674/2024-cif-statemeet-final-results080485.pdf (verified extraction workbook, 2026-09-02)",championship,"place 33; hytek tags grade SR; seed from official results; high school state championship: grades published, ages blank (club-linked age rule applies); statewide field, mostly outside the Pacific Swimming identity pool"
S759,2024_CIF_STATE_CHAMPIONSHIPS,CIF State Swimming and Diving Championships 2024,2024-05-09,,M,200 FR,SCY,prelim,,1:44.33,24.09,50.16,1:17.13,1:44.33,"Official results, 2024 CIF State Swimming Championships (5/9-11/2024), Boys 200 Yard Freestyle prelims and finals, https://www.pacswim.org/userfiles/meets/documents/2674/2024-cif-statemeet-final-results080485.pdf (verified extraction workbook, 2026-09-02)",championship,"place 34; hytek tags grade SR; seed from official results; high school state championship: grades published, ages blank (club-linked age rule applies); statewide field, mostly outside the Pacific Swimming identity pool"
S760,2024_CIF_STATE_CHAMPIONSHIPS,CIF State Swimming and Diving Championships 2024,2024-05-09,,M,200 FR,SCY,prelim,,1:44.40,23.99,50.30,1:17.58,1:44.40,"Official results, 2024 CIF State Swimming Championships (5/9-11/2024), Boys 200 Yard Freestyle prelims and finals, https://www.pacswim.org/userfiles/meets/documents/2674/2024-cif-statemeet-final-results080485.pdf (verified extraction workbook, 2026-09-02)",championship,"place 35; hytek tags grade SR; seed from official results; high school state championship: grades published, ages blank (club-linked age rule applies); statewide field, mostly outside the Pacific Swimming identity pool"
S761,2024_CIF_STATE_CHAMPIONSHIPS,CIF State Swimming and Diving Championships 2024,2024-05-09,,M,200 FR,SCY,prelim,,1:44.79,24.54,50.99,1:18.12,1:44.79,"Official results, 2024 CIF State Swimming Championships (5/9-11/2024), Boys 200 Yard Freestyle prelims and finals, https://www.pacswim.org/userfiles/meets/documents/2674/2024-cif-statemeet-final-results080485.pdf (verified extraction workbook, 2026-09-02)",championship,"place 36; hytek tags grade SO; seed from official results; high school state championship: grades published, ages blank (club-linked age rule applies); statewide field, mostly outside the Pacific Swimming identity pool"
S018,2024_CIF_STATE_CHAMPIONSHIPS,CIF State Swimming and Diving Championships 2024,2024-05-09,,M,200 FR,SCY,prelim,,1:45.37,23.74,49.78,1:17.36,1:45.37,"Official results, 2024 CIF State Swimming Championships (5/9-11/2024), Boys 200 Yard Freestyle prelims and finals, https://www.pacswim.org/userfiles/meets/documents/2674/2024-cif-statemeet-final-results080485.pdf (verified extraction workbook, 2026-09-02)",championship,"place 37; hytek tags grade FR; seed from official results; high school state championship: grades published, ages blank (club-linked age rule applies); statewide field, mostly outside the Pacific Swimming identity pool"
S762,2024_CIF_STATE_CHAMPIONSHIPS,CIF State Swimming and Diving Championships 2024,2024-05-09,,M,200 FR,SCY,prelim,,1:48.86,24.41,52.05,1:20.89,1:48.86,"Official results, 2024 CIF State Swimming Championships (5/9-11/2024), Boys 200 Yard Freestyle prelims and finals, https://www.pacswim.org/userfiles/meets/documents/2674/2024-cif-statemeet-final-results080485.pdf (verified extraction workbook, 2026-09-02)",championship,"place 38; hytek tags grade SR; seed from official results; high school state championship: grades published, ages blank (club-linked age rule applies); statewide field, mostly outside the Pacific Swimming identity pool"
S763,2024_CIF_STATE_CHAMPIONSHIPS,CIF State Swimming and Diving Championships 2024,2024-05-09,,M,200 FR,SCY,prelim,,1:49.11,24.95,52.11,1:20.29,1:49.11,"Official results, 2024 CIF State Swimming Championships (5/9-11/2024), Boys 200 Yard Freestyle prelims and finals, https://www.pacswim.org/userfiles/meets/documents/2674/2024-cif-statemeet-final-results080485.pdf (verified extraction workbook, 2026-09-02)",championship,"place 39; hytek tags grade JR; seed from official results; high school state championship: grades published, ages blank (club-linked age rule applies); statewide field, mostly outside the Pacific Swimming identity pool"
S764,2024_CIF_STATE_CHAMPIONSHIPS,CIF State Swimming and Diving Championships 2024,2024-05-09,,M,200 FR,SCY,prelim,,2:33.13,34.35,1:12.05,1:53.72,2:33.13,"Official results, 2024 CIF State Swimming Championships (5/9-11/2024), Boys 200 Yard Freestyle prelims and finals, https://www.pacswim.org/userfiles/meets/documents/2674/2024-cif-statemeet-final-results080485.pdf (verified extraction workbook, 2026-09-02)",championship,"place 40; hytek tags none; seed from official results; high school state championship: grades published, ages blank (club-linked age rule applies); statewide field, mostly outside the Pacific Swimming identity pool"
S734,2024_CIF_STATE_CHAMPIONSHIPS,CIF State Swimming and Diving Championships 2024,2024-05-09,,M,200 FR,SCY,final,,1:34.97,22.08,46.24,1:10.30,1:34.97,"Official results, 2024 CIF State Swimming Championships (5/9-11/2024), Boys 200 Yard Freestyle prelims and finals, https://www.pacswim.org/userfiles/meets/documents/2674/2024-cif-statemeet-final-results080485.pdf (verified extraction workbook, 2026-09-02)",championship,"place 1; hytek tags grade SR; seed from official results; high school state championship: grades published, ages blank (club-linked age rule applies); statewide field, mostly outside the Pacific Swimming identity pool"
S704,2024_CIF_STATE_CHAMPIONSHIPS,CIF State Swimming and Diving Championships 2024,2024-05-09,,M,200 FR,SCY,final,,1:35.79,22.41,46.72,1:11.47,1:35.79,"Official results, 2024 CIF State Swimming Championships (5/9-11/2024), Boys 200 Yard Freestyle prelims and finals, https://www.pacswim.org/userfiles/meets/documents/2674/2024-cif-statemeet-final-results080485.pdf (verified extraction workbook, 2026-09-02)",championship,"place 2; hytek tags grade FR; seed from official results; high school state championship: grades published, ages blank (club-linked age rule applies); statewide field, mostly outside the Pacific Swimming identity pool"
S732,2024_CIF_STATE_CHAMPIONSHIPS,CIF State Swimming and Diving Championships 2024,2024-05-09,,M,200 FR,SCY,final,,1:36.09,22.72,46.99,1:11.57,1:36.09,"Official results, 2024 CIF State Swimming Championships (5/9-11/2024), Boys 200 Yard Freestyle prelims and finals, https://www.pacswim.org/userfiles/meets/documents/2674/2024-cif-statemeet-final-results080485.pdf (verified extraction workbook, 2026-09-02)",championship,"place 3; hytek tags grade SR; seed from official results; high school state championship: grades published, ages blank (club-linked age rule applies); statewide field, mostly outside the Pacific Swimming identity pool"
S733,2024_CIF_STATE_CHAMPIONSHIPS,CIF State Swimming and Diving Championships 2024,2024-05-09,,M,200 FR,SCY,final,,1:36.25,22.42,46.79,1:11.46,1:36.25,"Official results, 2024 CIF State Swimming Championships (5/9-11/2024), Boys 200 Yard Freestyle prelims and finals, https://www.pacswim.org/userfiles/meets/documents/2674/2024-cif-statemeet-final-results080485.pdf (verified extraction workbook, 2026-09-02)",championship,"place 4; hytek tags grade SO; seed from official results; high school state championship: grades published, ages blank (club-linked age rule applies); statewide field, mostly outside the Pacific Swimming identity pool"
S717,2024_CIF_STATE_CHAMPIONSHIPS,CIF State Swimming and Diving Championships 2024,2024-05-09,,M,200 FR,SCY,final,,1:37.21,22.32,47.15,1:11.99,1:37.21,"Official results, 2024 CIF State Swimming Championships (5/9-11/2024), Boys 200 Yard Freestyle prelims and finals, https://www.pacswim.org/userfiles/meets/documents/2674/2024-cif-statemeet-final-results080485.pdf (verified extraction workbook, 2026-09-02)",championship,"place 5; hytek tags grade SR; seed from official results; high school state championship: grades published, ages blank (club-linked age rule applies); statewide field, mostly outside the Pacific Swimming identity pool"
S730,2024_CIF_STATE_CHAMPIONSHIPS,CIF State Swimming and Diving Championships 2024,2024-05-09,,M,200 FR,SCY,final,,1:37.27,22.74,47.26,1:12.17,1:37.27,"Official results, 2024 CIF State Swimming Championships (5/9-11/2024), Boys 200 Yard Freestyle prelims and finals, https://www.pacswim.org/userfiles/meets/documents/2674/2024-cif-statemeet-final-results080485.pdf (verified extraction workbook, 2026-09-02)",championship,"place 6; hytek tags grade JR; seed from official results; high school state championship: grades published, ages blank (club-linked age rule applies); statewide field, mostly outside the Pacific Swimming identity pool"
S731,2024_CIF_STATE_CHAMPIONSHIPS,CIF State Swimming and Diving Championships 2024,2024-05-09,,M,200 FR,SCY,final,,1:37.32,22.53,47.15,1:12.28,1:37.32,"Official results, 2024 CIF State Swimming Championships (5/9-11/2024), Boys 200 Yard Freestyle prelims and finals, https://www.pacswim.org/userfiles/meets/documents/2674/2024-cif-statemeet-final-results080485.pdf (verified extraction workbook, 2026-09-02)",championship,"place 7; hytek tags grade SR; seed from official results; high school state championship: grades published, ages blank (club-linked age rule applies); statewide field, mostly outside the Pacific Swimming identity pool"
S705,2024_CIF_STATE_CHAMPIONSHIPS,CIF State Swimming and Diving Championships 2024,2024-05-09,,M,200 FR,SCY,final,,1:37.37,22.65,47.41,1:12.29,1:37.37,"Official results, 2024 CIF State Swimming Championships (5/9-11/2024), Boys 200 Yard Freestyle prelims and finals, https://www.pacswim.org/userfiles/meets/documents/2674/2024-cif-statemeet-final-results080485.pdf (verified extraction workbook, 2026-09-02)",championship,"place 8; hytek tags grade JR; seed from official results; high school state championship: grades published, ages blank (club-linked age rule applies); statewide field, mostly outside the Pacific Swimming identity pool"
S735,2024_CIF_STATE_CHAMPIONSHIPS,CIF State Swimming and Diving Championships 2024,2024-05-09,,M,200 FR,SCY,final,,1:38.11,22.7,47.42,1:12.72,1:38.11,"Official results, 2024 CIF State Swimming Championships (5/9-11/2024), Boys 200 Yard Freestyle prelims and finals, https://www.pacswim.org/userfiles/meets/documents/2674/2024-cif-statemeet-final-results080485.pdf (verified extraction workbook, 2026-09-02)",championship,"place 9; hytek tags grade JR; seed from official results; high school state championship: grades published, ages blank (club-linked age rule applies); statewide field, mostly outside the Pacific Swimming identity pool"
S743,2024_CIF_STATE_CHAMPIONSHIPS,CIF State Swimming and Diving Championships 2024,2024-05-09,,M,200 FR,SCY,final,,1:38.01,22.83,47.74,1:12.76,1:38.01,"Official results, 2024 CIF State Swimming Championships (5/9-11/2024), Boys 200 Yard Freestyle prelims and finals, https://www.pacswim.org/userfiles/meets/documents/2674/2024-cif-statemeet-final-results080485.pdf (verified extraction workbook, 2026-09-02)",championship,"place 10; hytek tags grade 12; seed from official results; high school state championship: grades published, ages blank (club-linked age rule applies); statewide field, mostly outside the Pacific Swimming identity pool"
S738,2024_CIF_STATE_CHAMPIONSHIPS,CIF State Swimming and Diving Championships 2024,2024-05-09,,M,200 FR,SCY,final,,1:38.72,22.9,47.69,1:13.33,1:38.72,"Official results, 2024 CIF State Swimming Championships (5/9-11/2024), Boys 200 Yard Freestyle prelims and finals, https://www.pacswim.org/userfiles/meets/documents/2674/2024-cif-statemeet-final-results080485.pdf (verified extraction workbook, 2026-09-02)",championship,"place 11; hytek tags grade SR; seed from official results; high school state championship: grades published, ages blank (club-linked age rule applies); statewide field, mostly outside the Pacific Swimming identity pool"
S744,2024_CIF_STATE_CHAMPIONSHIPS,CIF State Swimming and Diving Championships 2024,2024-05-09,,M,200 FR,SCY,final,,1:38.96,22.81,47.42,1:12.99,1:38.96,"Official results, 2024 CIF State Swimming Championships (5/9-11/2024), Boys 200 Yard Freestyle prelims and finals, https://www.pacswim.org/userfiles/meets/documents/2674/2024-cif-statemeet-final-results080485.pdf (verified extraction workbook, 2026-09-02)",championship,"place 12; hytek tags grade FR; seed from official results; high school state championship: grades published, ages blank (club-linked age rule applies); statewide field, mostly outside the Pacific Swimming identity pool"
S737,2024_CIF_STATE_CHAMPIONSHIPS,CIF State Swimming and Diving Championships 2024,2024-05-09,,M,200 FR,SCY,final,,1:38.97,23.02,48.28,1:13.81,1:38.97,"Official results, 2024 CIF State Swimming Championships (5/9-11/2024), Boys 200 Yard Freestyle prelims and finals, https://www.pacswim.org/userfiles/meets/documents/2674/2024-cif-statemeet-final-results080485.pdf (verified extraction workbook, 2026-09-02)",championship,"place 13; hytek tags grade SO; seed from official results; high school state championship: grades published, ages blank (club-linked age rule applies); statewide field, mostly outside the Pacific Swimming identity pool"
S740,2024_CIF_STATE_CHAMPIONSHIPS,CIF State Swimming and Diving Championships 2024,2024-05-09,,M,200 FR,SCY,final,,1:39.21,23.14,47.97,1:13.53,1:39.21,"Official results, 2024 CIF State Swimming Championships (5/9-11/2024), Boys 200 Yard Freestyle prelims and finals, https://www.pacswim.org/userfiles/meets/documents/2674/2024-cif-statemeet-final-results080485.pdf (verified extraction workbook, 2026-09-02)",championship,"place 14; hytek tags grade JR; seed from official results; high school state championship: grades published, ages blank (club-linked age rule applies); statewide field, mostly outside the Pacific Swimming identity pool"
S736,2024_CIF_STATE_CHAMPIONSHIPS,CIF State Swimming and Diving Championships 2024,2024-05-09,,M,200 FR,SCY,final,,1:39.26,23.4,48.38,1:13.89,1:39.26,"Official results, 2024 CIF State Swimming Championships (5/9-11/2024), Boys 200 Yard Freestyle prelims and finals, https://www.pacswim.org/userfiles/meets/documents/2674/2024-cif-statemeet-final-results080485.pdf (verified extraction workbook, 2026-09-02)",championship,"place 15; hytek tags grade SR; seed from official results; high school state championship: grades published, ages blank (club-linked age rule applies); statewide field, mostly outside the Pacific Swimming identity pool"
S741,2024_CIF_STATE_CHAMPIONSHIPS,CIF State Swimming and Diving Championships 2024,2024-05-09,,M,200 FR,SCY,final,,1:39.34,23.19,48.35,1:13.91,1:39.34,"Official results, 2024 CIF State Swimming Championships (5/9-11/2024), Boys 200 Yard Freestyle prelims and finals, https://www.pacswim.org/userfiles/meets/documents/2674/2024-cif-statemeet-final-results080485.pdf (verified extraction workbook, 2026-09-02)",championship,"place 16; hytek tags grade SR; seed from official results; high school state championship: grades published, ages blank (club-linked age rule applies); statewide field, mostly outside the Pacific Swimming identity pool"
S739,2024_CIF_STATE_CHAMPIONSHIPS,CIF State Swimming and Diving Championships 2024,2024-05-09,,M,200 FR,SCY,final,,1:39.34,22.94,48.25,1:13.70,1:39.34,"Official results, 2024 CIF State Swimming Championships (5/9-11/2024), Boys 200 Yard Freestyle prelims and finals, https://www.pacswim.org/userfiles/meets/documents/2674/2024-cif-statemeet-final-results080485.pdf (verified extraction workbook, 2026-09-02)",championship,"place 16; hytek tags grade JR; seed from official results; high school state championship: grades published, ages blank (club-linked age rule applies); statewide field, mostly outside the Pacific Swimming identity pool"
S742,2024_CIF_STATE_CHAMPIONSHIPS,CIF State Swimming and Diving Championships 2024,2024-05-09,,M,200 FR,SCY,final,,1:39.63,23.31,48.54,1:14.24,1:39.63,"Official results, 2024 CIF State Swimming Championships (5/9-11/2024), Boys 200 Yard Freestyle prelims and finals, https://www.pacswim.org/userfiles/meets/documents/2674/2024-cif-statemeet-final-results080485.pdf (verified extraction workbook, 2026-09-02)",championship,"place 18; hytek tags grade SO; seed from official results; high school state championship: grades published, ages blank (club-linked age rule applies); statewide field, mostly outside the Pacific Swimming identity pool"
S765,2025_ALTO_ROCK_THE_BLOCKS,ALTO Rock the Blocks Invitational,2025-03-29,10.0,M,200 FR,SCY,prelim,,2:22.85,32.52,1:09.52,1:47.39,2:22.85,"Official results, ALTO Rock the Blocks Invitational (3/29-30/2025), Boys 200 Yard Freestyle (all age groups, prelims and finals), https://www.pacswim.org/userfiles/meets/documents/2808/rtb-meet-results-updated.pdf (verified extraction workbook, 2026-09-02)",invitational,"place 1; hytek tags none; seed from official results; age-group invitational, ages 8-18 present; prelims and finals as separate rounds"
S650,2025_ALTO_ROCK_THE_BLOCKS,ALTO Rock the Blocks Invitational,2025-03-29,10.0,M,200 FR,SCY,prelim,,2:24.12,32.98,1:10.22,1:47.93,2:24.12,"Official results, ALTO Rock the Blocks Invitational (3/29-30/2025), Boys 200 Yard Freestyle (all age groups, prelims and finals), https://www.pacswim.org/userfiles/meets/documents/2808/rtb-meet-results-updated.pdf (verified extraction workbook, 2026-09-02)",invitational,"place 2; hytek tags none; seed from official results; age-group invitational, ages 8-18 present; prelims and finals as separate rounds"
S766,2025_ALTO_ROCK_THE_BLOCKS,ALTO Rock the Blocks Invitational,2025-03-29,10.0,M,200 FR,SCY,prelim,,2:29.82,34.04,1:12.65,1:53.04,2:29.82,"Official results, ALTO Rock the Blocks Invitational (3/29-30/2025), Boys 200 Yard Freestyle (all age groups, prelims and finals), https://www.pacswim.org/userfiles/meets/documents/2808/rtb-meet-results-updated.pdf (verified extraction workbook, 2026-09-02)",invitational,"place 3; hytek tags none; seed from official results; age-group invitational, ages 8-18 present; prelims and finals as separate rounds"
S665,2025_ALTO_ROCK_THE_BLOCKS,ALTO Rock the Blocks Invitational,2025-03-29,10.0,M,200 FR,SCY,prelim,,2:33.01,,,,,"Official results, ALTO Rock the Blocks Invitational (3/29-30/2025), Boys 200 Yard Freestyle (all age groups, prelims and finals), https://www.pacswim.org/userfiles/meets/documents/2808/rtb-meet-results-updated.pdf (verified extraction workbook, 2026-09-02)",invitational,"place 4; hytek tags workbook split status: Partial splits published; seed from official results; age-group invitational, ages 8-18 present; prelims and finals as separate rounds"
S767,2025_ALTO_ROCK_THE_BLOCKS,ALTO Rock the Blocks Invitational,2025-03-29,10.0,M,200 FR,SCY,prelim,,2:36.20,34.8,1:15.70,1:56.78,2:36.20,"Official results, ALTO Rock the Blocks Invitational (3/29-30/2025), Boys 200 Yard Freestyle (all age groups, prelims and finals), https://www.pacswim.org/userfiles/meets/documents/2808/rtb-meet-results-updated.pdf (verified extraction workbook, 2026-09-02)",invitational,"place 5; hytek tags none; seed from official results; age-group invitational, ages 8-18 present; prelims and finals as separate rounds"
S768,2025_ALTO_ROCK_THE_BLOCKS,ALTO Rock the Blocks Invitational,2025-03-29,10.0,M,200 FR,SCY,prelim,,2:39.28,36.79,1:17.59,1:59.30,2:39.28,"Official results, ALTO Rock the Blocks Invitational (3/29-30/2025), Boys 200 Yard Freestyle (all age groups, prelims and finals), https://www.pacswim.org/userfiles/meets/documents/2808/rtb-meet-results-updated.pdf (verified extraction workbook, 2026-09-02)",invitational,"place 6; hytek tags none; seed from official results; age-group invitational, ages 8-18 present; prelims and finals as separate rounds"
S769,2025_ALTO_ROCK_THE_BLOCKS,ALTO Rock the Blocks Invitational,2025-03-29,10.0,M,200 FR,SCY,prelim,,2:42.66,37.08,1:19.61,2:03.69,2:42.66,"Official results, ALTO Rock the Blocks Invitational (3/29-30/2025), Boys 200 Yard Freestyle (all age groups, prelims and finals), https://www.pacswim.org/userfiles/meets/documents/2808/rtb-meet-results-updated.pdf (verified extraction workbook, 2026-09-02)",invitational,"place 7; hytek tags none; seed from official results; age-group invitational, ages 8-18 present; prelims and finals as separate rounds"
S770,2025_ALTO_ROCK_THE_BLOCKS,ALTO Rock the Blocks Invitational,2025-03-29,10.0,M,200 FR,SCY,prelim,,2:44.04,34.64,1:15.95,1:59.56,2:44.04,"Official results, ALTO Rock the Blocks Invitational (3/29-30/2025), Boys 200 Yard Freestyle (all age groups, prelims and finals), https://www.pacswim.org/userfiles/meets/documents/2808/rtb-meet-results-updated.pdf (verified extraction workbook, 2026-09-02)",invitational,"place 8; hytek tags none; seed from official results; age-group invitational, ages 8-18 present; prelims and finals as separate rounds"
S771,2025_ALTO_ROCK_THE_BLOCKS,ALTO Rock the Blocks Invitational,2025-03-29,10.0,M,200 FR,SCY,prelim,,2:46.33,39.11,1:23.68,2:08.08,2:46.33,"Official results, ALTO Rock the Blocks Invitational (3/29-30/2025), Boys 200 Yard Freestyle (all age groups, prelims and finals), https://www.pacswim.org/userfiles/meets/documents/2808/rtb-meet-results-updated.pdf (verified extraction workbook, 2026-09-02)",invitational,"place 9; hytek tags none; seed from official results; age-group invitational, ages 8-18 present; prelims and finals as separate rounds"
S772,2025_ALTO_ROCK_THE_BLOCKS,ALTO Rock the Blocks Invitational,2025-03-29,10.0,M,200 FR,SCY,prelim,,2:47.13,36.18,1:19.93,2:05.43,2:47.13,"Official results, ALTO Rock the Blocks Invitational (3/29-30/2025), Boys 200 Yard Freestyle (all age groups, prelims and finals), https://www.pacswim.org/userfiles/meets/documents/2808/rtb-meet-results-updated.pdf (verified extraction workbook, 2026-09-02)",invitational,"place 10; hytek tags none; seed from official results; age-group invitational, ages 8-18 present; prelims and finals as separate rounds"
S773,2025_ALTO_ROCK_THE_BLOCKS,ALTO Rock the Blocks Invitational,2025-03-29,8.0,M,200 FR,SCY,prelim,,2:47.46,36.77,1:20.49,2:05.78,2:47.46,"Official results, ALTO Rock the Blocks Invitational (3/29-30/2025), Boys 200 Yard Freestyle (all age groups, prelims and finals), https://www.pacswim.org/userfiles/meets/documents/2808/rtb-meet-results-updated.pdf (verified extraction workbook, 2026-09-02)",invitational,"place 11; hytek tags none; seed from official results; age-group invitational, ages 8-18 present; prelims and finals as separate rounds"
S623,2025_ALTO_ROCK_THE_BLOCKS,ALTO Rock the Blocks Invitational,2025-03-29,10.0,M,200 FR,SCY,prelim,,2:50.82,39.26,1:23.83,2:08.37,2:50.82,"Official results, ALTO Rock the Blocks Invitational (3/29-30/2025), Boys 200 Yard Freestyle (all age groups, prelims and finals), https://www.pacswim.org/userfiles/meets/documents/2808/rtb-meet-results-updated.pdf (verified extraction workbook, 2026-09-02)",invitational,"place 12; hytek tags none; seed from official results; age-group invitational, ages 8-18 present; prelims and finals as separate rounds"
S774,2025_ALTO_ROCK_THE_BLOCKS,ALTO Rock the Blocks Invitational,2025-03-29,10.0,M,200 FR,SCY,prelim,,2:50.93,,,,,"Official results, ALTO Rock the Blocks Invitational (3/29-30/2025), Boys 200 Yard Freestyle (all age groups, prelims and finals), https://www.pacswim.org/userfiles/meets/documents/2808/rtb-meet-results-updated.pdf (verified extraction workbook, 2026-09-02)",invitational,"place 13; hytek tags workbook split status: Partial splits published; seed from official results; age-group invitational, ages 8-18 present; prelims and finals as separate rounds"
S775,2025_ALTO_ROCK_THE_BLOCKS,ALTO Rock the Blocks Invitational,2025-03-29,10.0,M,200 FR,SCY,prelim,,2:54.76,40.89,1:25.28,2:11.80,2:54.76,"Official results, ALTO Rock the Blocks Invitational (3/29-30/2025), Boys 200 Yard Freestyle (all age groups, prelims and finals), https://www.pacswim.org/userfiles/meets/documents/2808/rtb-meet-results-updated.pdf (verified extraction workbook, 2026-09-02)",invitational,"place 14; hytek tags none; seed from official results; age-group invitational, ages 8-18 present; prelims and finals as separate rounds"
S359,2025_ALTO_ROCK_THE_BLOCKS,ALTO Rock the Blocks Invitational,2025-03-29,9.0,M,200 FR,SCY,prelim,,2:55.14,39.76,1:25.18,2:11.36,2:55.14,"Official results, ALTO Rock the Blocks Invitational (3/29-30/2025), Boys 200 Yard Freestyle (all age groups, prelims and finals), https://www.pacswim.org/userfiles/meets/documents/2808/rtb-meet-results-updated.pdf (verified extraction workbook, 2026-09-02)",invitational,"place 15; hytek tags none; seed from official results; age-group invitational, ages 8-18 present; prelims and finals as separate rounds"
S776,2025_ALTO_ROCK_THE_BLOCKS,ALTO Rock the Blocks Invitational,2025-03-29,9.0,M,200 FR,SCY,prelim,,2:56.13,40.07,1:26.19,2:10.36,2:56.13,"Official results, ALTO Rock the Blocks Invitational (3/29-30/2025), Boys 200 Yard Freestyle (all age groups, prelims and finals), https://www.pacswim.org/userfiles/meets/documents/2808/rtb-meet-results-updated.pdf (verified extraction workbook, 2026-09-02)",invitational,"place 16; hytek tags none; seed from official results; age-group invitational, ages 8-18 present; prelims and finals as separate rounds"
S777,2025_ALTO_ROCK_THE_BLOCKS,ALTO Rock the Blocks Invitational,2025-03-29,9.0,M,200 FR,SCY,prelim,,2:56.51,38.48,1:24.95,2:12.28,2:56.51,"Official results, ALTO Rock the Blocks Invitational (3/29-30/2025), Boys 200 Yard Freestyle (all age groups, prelims and finals), https://www.pacswim.org/userfiles/meets/documents/2808/rtb-meet-results-updated.pdf (verified extraction workbook, 2026-09-02)",invitational,"place 17; hytek tags none; seed from official results; age-group invitational, ages 8-18 present; prelims and finals as separate rounds"
S778,2025_ALTO_ROCK_THE_BLOCKS,ALTO Rock the Blocks Invitational,2025-03-29,10.0,M,200 FR,SCY,prelim,,2:57.64,39.34,1:25.76,2:13.69,2:57.64,"Official results, ALTO Rock the Blocks Invitational (3/29-30/2025), Boys 200 Yard Freestyle (all age groups, prelims and finals), https://www.pacswim.org/userfiles/meets/documents/2808/rtb-meet-results-updated.pdf (verified extraction workbook, 2026-09-02)",invitational,"place 18; hytek tags none; seed from official results; age-group invitational, ages 8-18 present; prelims and finals as separate rounds"
S779,2025_ALTO_ROCK_THE_BLOCKS,ALTO Rock the Blocks Invitational,2025-03-29,9.0,M,200 FR,SCY,prelim,,2:57.76,39.59,1:25.50,2:13.50,2:57.76,"Official results, ALTO Rock the Blocks Invitational (3/29-30/2025), Boys 200 Yard Freestyle (all age groups, prelims and finals), https://www.pacswim.org/userfiles/meets/documents/2808/rtb-meet-results-updated.pdf (verified extraction workbook, 2026-09-02)",invitational,"place 19; hytek tags none; seed from official results; age-group invitational, ages 8-18 present; prelims and finals as separate rounds"
S780,2025_ALTO_ROCK_THE_BLOCKS,ALTO Rock the Blocks Invitational,2025-03-29,9.0,M,200 FR,SCY,prelim,,2:58.73,41.28,1:28.27,2:14.19,2:58.73,"Official results, ALTO Rock the Blocks Invitational (3/29-30/2025), Boys 200 Yard Freestyle (all age groups, prelims and finals), https://www.pacswim.org/userfiles/meets/documents/2808/rtb-meet-results-updated.pdf (verified extraction workbook, 2026-09-02)",invitational,"place 20; hytek tags none; seed from official results; age-group invitational, ages 8-18 present; prelims and finals as separate rounds"
S781,2025_ALTO_ROCK_THE_BLOCKS,ALTO Rock the Blocks Invitational,2025-03-29,10.0,M,200 FR,SCY,prelim,,3:05.14,40.03,1:28.97,2:19.08,3:05.14,"Official results, ALTO Rock the Blocks Invitational (3/29-30/2025), Boys 200 Yard Freestyle (all age groups, prelims and finals), https://www.pacswim.org/userfiles/meets/documents/2808/rtb-meet-results-updated.pdf (verified extraction workbook, 2026-09-02)",invitational,"place 21; hytek tags none; seed from official results; age-group invitational, ages 8-18 present; prelims and finals as separate rounds"
S782,2025_ALTO_ROCK_THE_BLOCKS,ALTO Rock the Blocks Invitational,2025-03-29,9.0,M,200 FR,SCY,prelim,,3:14.05,44.52,1:34.95,2:27.35,3:14.05,"Official results, ALTO Rock the Blocks Invitational (3/29-30/2025), Boys 200 Yard Freestyle (all age groups, prelims and finals), https://www.pacswim.org/userfiles/meets/documents/2808/rtb-meet-results-updated.pdf (verified extraction workbook, 2026-09-02)",invitational,"place 22; hytek tags none; seed from official results; age-group invitational, ages 8-18 present; prelims and finals as separate rounds"
S783,2025_ALTO_ROCK_THE_BLOCKS,ALTO Rock the Blocks Invitational,2025-03-29,9.0,M,200 FR,SCY,prelim,,3:15.01,42.01,1:32.70,2:26.49,3:15.01,"Official results, ALTO Rock the Blocks Invitational (3/29-30/2025), Boys 200 Yard Freestyle (all age groups, prelims and finals), https://www.pacswim.org/userfiles/meets/documents/2808/rtb-meet-results-updated.pdf (verified extraction workbook, 2026-09-02)",invitational,"place 23; hytek tags none; seed from official results; age-group invitational, ages 8-18 present; prelims and finals as separate rounds"
S784,2025_ALTO_ROCK_THE_BLOCKS,ALTO Rock the Blocks Invitational,2025-03-29,10.0,M,200 FR,SCY,prelim,,3:17.86,43.42,1:33.85,2:25.61,3:17.86,"Official results, ALTO Rock the Blocks Invitational (3/29-30/2025), Boys 200 Yard Freestyle (all age groups, prelims and finals), https://www.pacswim.org/userfiles/meets/documents/2808/rtb-meet-results-updated.pdf (verified extraction workbook, 2026-09-02)",invitational,"place 24; hytek tags none; seed from official results; age-group invitational, ages 8-18 present; prelims and finals as separate rounds"
S785,2025_ALTO_ROCK_THE_BLOCKS,ALTO Rock the Blocks Invitational,2025-03-29,9.0,M,200 FR,SCY,prelim,,3:26.99,44.22,1:39.60,2:35.24,3:26.99,"Official results, ALTO Rock the Blocks Invitational (3/29-30/2025), Boys 200 Yard Freestyle (all age groups, prelims and finals), https://www.pacswim.org/userfiles/meets/documents/2808/rtb-meet-results-updated.pdf (verified extraction workbook, 2026-09-02)",invitational,"place 25; hytek tags none; seed from official results; age-group invitational, ages 8-18 present; prelims and finals as separate rounds"
S638,2025_ALTO_ROCK_THE_BLOCKS,ALTO Rock the Blocks Invitational,2025-03-29,12.0,M,200 FR,SCY,prelim,,2:00.11,28.01,58.75,1:29.98,2:00.11,"Official results, ALTO Rock the Blocks Invitational (3/29-30/2025), Boys 200 Yard Freestyle (all age groups, prelims and finals), https://www.pacswim.org/userfiles/meets/documents/2808/rtb-meet-results-updated.pdf (verified extraction workbook, 2026-09-02)",invitational,"place 1; hytek tags none; seed from official results; age-group invitational, ages 8-18 present; prelims and finals as separate rounds"
S786,2025_ALTO_ROCK_THE_BLOCKS,ALTO Rock the Blocks Invitational,2025-03-29,12.0,M,200 FR,SCY,prelim,,2:07.49,29.02,1:01.65,1:34.97,2:07.49,"Official results, ALTO Rock the Blocks Invitational (3/29-30/2025), Boys 200 Yard Freestyle (all age groups, prelims and finals), https://www.pacswim.org/userfiles/meets/documents/2808/rtb-meet-results-updated.pdf (verified extraction workbook, 2026-09-02)",invitational,"place 2; hytek tags none; seed from official results; age-group invitational, ages 8-18 present; prelims and finals as separate rounds"
S691,2025_ALTO_ROCK_THE_BLOCKS,ALTO Rock the Blocks Invitational,2025-03-29,12.0,M,200 FR,SCY,prelim,,2:08.92,29.72,1:03.44,1:36.71,2:08.92,"Official results, ALTO Rock the Blocks Invitational (3/29-30/2025), Boys 200 Yard Freestyle (all age groups, prelims and finals), https://www.pacswim.org/userfiles/meets/documents/2808/rtb-meet-results-updated.pdf (verified extraction workbook, 2026-09-02)",invitational,"place 3; hytek tags none; seed from official results; age-group invitational, ages 8-18 present; prelims and finals as separate rounds"
S640,2025_ALTO_ROCK_THE_BLOCKS,ALTO Rock the Blocks Invitational,2025-03-29,11.0,M,200 FR,SCY,prelim,,2:10.89,29.5,1:02.72,1:37.01,2:10.89,"Official results, ALTO Rock the Blocks Invitational (3/29-30/2025), Boys 200 Yard Freestyle (all age groups, prelims and finals), https://www.pacswim.org/userfiles/meets/documents/2808/rtb-meet-results-updated.pdf (verified extraction workbook, 2026-09-02)",invitational,"place 4; hytek tags none; seed from official results; age-group invitational, ages 8-18 present; prelims and finals as separate rounds"
S654,2025_ALTO_ROCK_THE_BLOCKS,ALTO Rock the Blocks Invitational,2025-03-29,11.0,M,200 FR,SCY,prelim,,2:18.10,30.85,1:06.33,1:41.99,2:18.10,"Official results, ALTO Rock the Blocks Invitational (3/29-30/2025), Boys 200 Yard Freestyle (all age groups, prelims and finals), https://www.pacswim.org/userfiles/meets/documents/2808/rtb-meet-results-updated.pdf (verified extraction workbook, 2026-09-02)",invitational,"place 5; hytek tags none; seed from official results; age-group invitational, ages 8-18 present; prelims and finals as separate rounds"
S787,2025_ALTO_ROCK_THE_BLOCKS,ALTO Rock the Blocks Invitational,2025-03-29,12.0,M,200 FR,SCY,prelim,,2:18.77,30.52,1:05.91,1:42.31,2:18.77,"Official results, ALTO Rock the Blocks Invitational (3/29-30/2025), Boys 200 Yard Freestyle (all age groups, prelims and finals), https://www.pacswim.org/userfiles/meets/documents/2808/rtb-meet-results-updated.pdf (verified extraction workbook, 2026-09-02)",invitational,"place 6; hytek tags none; seed from official results; age-group invitational, ages 8-18 present; prelims and finals as separate rounds"
S788,2025_ALTO_ROCK_THE_BLOCKS,ALTO Rock the Blocks Invitational,2025-03-29,12.0,M,200 FR,SCY,prelim,,2:20.37,31.14,1:07.65,1:44.55,2:20.37,"Official results, ALTO Rock the Blocks Invitational (3/29-30/2025), Boys 200 Yard Freestyle (all age groups, prelims and finals), https://www.pacswim.org/userfiles/meets/documents/2808/rtb-meet-results-updated.pdf (verified extraction workbook, 2026-09-02)",invitational,"place 7; hytek tags none; seed from official results; age-group invitational, ages 8-18 present; prelims and finals as separate rounds"
S646,2025_ALTO_ROCK_THE_BLOCKS,ALTO Rock the Blocks Invitational,2025-03-29,12.0,M,200 FR,SCY,prelim,,2:20.75,30.77,1:07.77,1:46.51,2:20.75,"Official results, ALTO Rock the Blocks Invitational (3/29-30/2025), Boys 200 Yard Freestyle (all age groups, prelims and finals), https://www.pacswim.org/userfiles/meets/documents/2808/rtb-meet-results-updated.pdf (verified extraction workbook, 2026-09-02)",invitational,"place 8; hytek tags none; seed from official results; age-group invitational, ages 8-18 present; prelims and finals as separate rounds"
S789,2025_ALTO_ROCK_THE_BLOCKS,ALTO Rock the Blocks Invitational,2025-03-29,12.0,M,200 FR,SCY,prelim,,2:21.60,32.34,1:08.97,1:47.11,2:21.60,"Official results, ALTO Rock the Blocks Invitational (3/29-30/2025), Boys 200 Yard Freestyle (all age groups, prelims and finals), https://www.pacswim.org/userfiles/meets/documents/2808/rtb-meet-results-updated.pdf (verified extraction workbook, 2026-09-02)",invitational,"place 9; hytek tags none; seed from official results; age-group invitational, ages 8-18 present; prelims and finals as separate rounds"
S323,2025_ALTO_ROCK_THE_BLOCKS,ALTO Rock the Blocks Invitational,2025-03-29,11.0,M,200 FR,SCY,prelim,,2:22.50,33.09,1:09.26,1:46.79,2:22.50,"Official results, ALTO Rock the Blocks Invitational (3/29-30/2025), Boys 200 Yard Freestyle (all age groups, prelims and finals), https://www.pacswim.org/userfiles/meets/documents/2808/rtb-meet-results-updated.pdf (verified extraction workbook, 2026-09-02)",invitational,"place 10; hytek tags none; seed from official results; age-group invitational, ages 8-18 present; prelims and finals as separate rounds"
S653,2025_ALTO_ROCK_THE_BLOCKS,ALTO Rock the Blocks Invitational,2025-03-29,11.0,M,200 FR,SCY,prelim,,2:24.66,32.33,1:10.35,1:48.02,2:24.66,"Official results, ALTO Rock the Blocks Invitational (3/29-30/2025), Boys 200 Yard Freestyle (all age groups, prelims and finals), https://www.pacswim.org/userfiles/meets/documents/2808/rtb-meet-results-updated.pdf (verified extraction workbook, 2026-09-02)",invitational,"place 11; hytek tags none; seed from official results; age-group invitational, ages 8-18 present; prelims and finals as separate rounds"
S790,2025_ALTO_ROCK_THE_BLOCKS,ALTO Rock the Blocks Invitational,2025-03-29,11.0,M,200 FR,SCY,prelim,,2:25.49,33.15,1:10.54,1:48.89,2:25.49,"Official results, ALTO Rock the Blocks Invitational (3/29-30/2025), Boys 200 Yard Freestyle (all age groups, prelims and finals), https://www.pacswim.org/userfiles/meets/documents/2808/rtb-meet-results-updated.pdf (verified extraction workbook, 2026-09-02)",invitational,"place 12; hytek tags none; seed from official results; age-group invitational, ages 8-18 present; prelims and finals as separate rounds"
S791,2025_ALTO_ROCK_THE_BLOCKS,ALTO Rock the Blocks Invitational,2025-03-29,12.0,M,200 FR,SCY,prelim,,2:25.97,33.41,1:11.05,1:49.31,2:25.97,"Official results, ALTO Rock the Blocks Invitational (3/29-30/2025), Boys 200 Yard Freestyle (all age groups, prelims and finals), https://www.pacswim.org/userfiles/meets/documents/2808/rtb-meet-results-updated.pdf (verified extraction workbook, 2026-09-02)",invitational,"place 13; hytek tags none; seed from official results; age-group invitational, ages 8-18 present; prelims and finals as separate rounds"
S696,2025_ALTO_ROCK_THE_BLOCKS,ALTO Rock the Blocks Invitational,2025-03-29,12.0,M,200 FR,SCY,prelim,,2:26.34,34.07,1:12.11,1:49.51,2:26.34,"Official results, ALTO Rock the Blocks Invitational (3/29-30/2025), Boys 200 Yard Freestyle (all age groups, prelims and finals), https://www.pacswim.org/userfiles/meets/documents/2808/rtb-meet-results-updated.pdf (verified extraction workbook, 2026-09-02)",invitational,"place 14; hytek tags none; seed from official results; age-group invitational, ages 8-18 present; prelims and finals as separate rounds"
S662,2025_ALTO_ROCK_THE_BLOCKS,ALTO Rock the Blocks Invitational,2025-03-29,12.0,M,200 FR,SCY,prelim,,2:27.24,33.46,1:10.95,1:49.15,2:27.24,"Official results, ALTO Rock the Blocks Invitational (3/29-30/2025), Boys 200 Yard Freestyle (all age groups, prelims and finals), https://www.pacswim.org/userfiles/meets/documents/2808/rtb-meet-results-updated.pdf (verified extraction workbook, 2026-09-02)",invitational,"place 15; hytek tags none; seed from official results; age-group invitational, ages 8-18 present; prelims and finals as separate rounds"
S792,2025_ALTO_ROCK_THE_BLOCKS,ALTO Rock the Blocks Invitational,2025-03-29,12.0,M,200 FR,SCY,prelim,,2:27.46,32.61,1:09.71,1:50.23,2:27.46,"Official results, ALTO Rock the Blocks Invitational (3/29-30/2025), Boys 200 Yard Freestyle (all age groups, prelims and finals), https://www.pacswim.org/userfiles/meets/documents/2808/rtb-meet-results-updated.pdf (verified extraction workbook, 2026-09-02)",invitational,"place 16; hytek tags none; seed from official results; age-group invitational, ages 8-18 present; prelims and finals as separate rounds"
S793,2025_ALTO_ROCK_THE_BLOCKS,ALTO Rock the Blocks Invitational,2025-03-29,12.0,M,200 FR,SCY,prelim,,2:30.66,32.56,1:11.54,1:51.89,2:30.66,"Official results, ALTO Rock the Blocks Invitational (3/29-30/2025), Boys 200 Yard Freestyle (all age groups, prelims and finals), https://www.pacswim.org/userfiles/meets/documents/2808/rtb-meet-results-updated.pdf (verified extraction workbook, 2026-09-02)",invitational,"place 17; hytek tags none; seed from official results; age-group invitational, ages 8-18 present; prelims and finals as separate rounds"
S794,2025_ALTO_ROCK_THE_BLOCKS,ALTO Rock the Blocks Invitational,2025-03-29,11.0,M,200 FR,SCY,prelim,,2:33.76,35.8,1:15.17,1:55.55,2:33.76,"Official results, ALTO Rock the Blocks Invitational (3/29-30/2025), Boys 200 Yard Freestyle (all age groups, prelims and finals), https://www.pacswim.org/userfiles/meets/documents/2808/rtb-meet-results-updated.pdf (verified extraction workbook, 2026-09-02)",invitational,"place 18; hytek tags none; seed from official results; age-group invitational, ages 8-18 present; prelims and finals as separate rounds"
S795,2025_ALTO_ROCK_THE_BLOCKS,ALTO Rock the Blocks Invitational,2025-03-29,11.0,M,200 FR,SCY,prelim,,2:34.31,36.62,1:17.12,1:57.99,2:34.31,"Official results, ALTO Rock the Blocks Invitational (3/29-30/2025), Boys 200 Yard Freestyle (all age groups, prelims and finals), https://www.pacswim.org/userfiles/meets/documents/2808/rtb-meet-results-updated.pdf (verified extraction workbook, 2026-09-02)",invitational,"place 19; hytek tags none; seed from official results; age-group invitational, ages 8-18 present; prelims and finals as separate rounds"
S796,2025_ALTO_ROCK_THE_BLOCKS,ALTO Rock the Blocks Invitational,2025-03-29,11.0,M,200 FR,SCY,prelim,,2:37.73,36.17,1:15.34,1:57.26,2:37.73,"Official results, ALTO Rock the Blocks Invitational (3/29-30/2025), Boys 200 Yard Freestyle (all age groups, prelims and finals), https://www.pacswim.org/userfiles/meets/documents/2808/rtb-meet-results-updated.pdf (verified extraction workbook, 2026-09-02)",invitational,"place 20; hytek tags none; seed from official results; age-group invitational, ages 8-18 present; prelims and finals as separate rounds"
S797,2025_ALTO_ROCK_THE_BLOCKS,ALTO Rock the Blocks Invitational,2025-03-29,11.0,M,200 FR,SCY,prelim,,2:39.32,,,,,"Official results, ALTO Rock the Blocks Invitational (3/29-30/2025), Boys 200 Yard Freestyle (all age groups, prelims and finals), https://www.pacswim.org/userfiles/meets/documents/2808/rtb-meet-results-updated.pdf (verified extraction workbook, 2026-09-02)",invitational,"place 21; hytek tags workbook split status: Partial splits published; seed from official results; age-group invitational, ages 8-18 present; prelims and finals as separate rounds"
S798,2025_ALTO_ROCK_THE_BLOCKS,ALTO Rock the Blocks Invitational,2025-03-29,12.0,M,200 FR,SCY,prelim,,2:45.49,36.89,1:21.16,2:04.99,2:45.49,"Official results, ALTO Rock the Blocks Invitational (3/29-30/2025), Boys 200 Yard Freestyle (all age groups, prelims and finals), https://www.pacswim.org/userfiles/meets/documents/2808/rtb-meet-results-updated.pdf (verified extraction workbook, 2026-09-02)",invitational,"place 22; hytek tags none; seed from official results; age-group invitational, ages 8-18 present; prelims and finals as separate rounds"
S799,2025_ALTO_ROCK_THE_BLOCKS,ALTO Rock the Blocks Invitational,2025-03-29,12.0,M,200 FR,SCY,prelim,,2:47.53,36.84,1:20.06,2:05.89,2:47.53,"Official results, ALTO Rock the Blocks Invitational (3/29-30/2025), Boys 200 Yard Freestyle (all age groups, prelims and finals), https://www.pacswim.org/userfiles/meets/documents/2808/rtb-meet-results-updated.pdf (verified extraction workbook, 2026-09-02)",invitational,"place 23; hytek tags none; seed from official results; age-group invitational, ages 8-18 present; prelims and finals as separate rounds"
S627,2025_ALTO_ROCK_THE_BLOCKS,ALTO Rock the Blocks Invitational,2025-03-29,12.0,M,200 FR,SCY,prelim,,2:52.74,37.45,1:21.00,2:07.27,2:52.74,"Official results, ALTO Rock the Blocks Invitational (3/29-30/2025), Boys 200 Yard Freestyle (all age groups, prelims and finals), https://www.pacswim.org/userfiles/meets/documents/2808/rtb-meet-results-updated.pdf (verified extraction workbook, 2026-09-02)",invitational,"place 24; hytek tags none; seed from official results; age-group invitational, ages 8-18 present; prelims and finals as separate rounds"
S204,2025_ALTO_ROCK_THE_BLOCKS,ALTO Rock the Blocks Invitational,2025-03-29,14.0,M,200 FR,SCY,prelim,,1:57.28,26.71,56.79,1:27.32,1:57.28,"Official results, ALTO Rock the Blocks Invitational (3/29-30/2025), Boys 200 Yard Freestyle (all age groups, prelims and finals), https://www.pacswim.org/userfiles/meets/documents/2808/rtb-meet-results-updated.pdf (verified extraction workbook, 2026-09-02)",invitational,"place 1; hytek tags none; seed from official results; age-group invitational, ages 8-18 present; prelims and finals as separate rounds"
S800,2025_ALTO_ROCK_THE_BLOCKS,ALTO Rock the Blocks Invitational,2025-03-29,14.0,M,200 FR,SCY,prelim,,1:58.30,27.09,57.30,1:28.16,1:58.30,"Official results, ALTO Rock the Blocks Invitational (3/29-30/2025), Boys 200 Yard Freestyle (all age groups, prelims and finals), https://www.pacswim.org/userfiles/meets/documents/2808/rtb-meet-results-updated.pdf (verified extraction workbook, 2026-09-02)",invitational,"place 2; hytek tags none; seed from official results; age-group invitational, ages 8-18 present; prelims and finals as separate rounds"
S228,2025_ALTO_ROCK_THE_BLOCKS,ALTO Rock the Blocks Invitational,2025-03-29,14.0,M,200 FR,SCY,prelim,,1:58.57,27.53,58.35,1:28.86,1:58.57,"Official results, ALTO Rock the Blocks Invitational (3/29-30/2025), Boys 200 Yard Freestyle (all age groups, prelims and finals), https://www.pacswim.org/userfiles/meets/documents/2808/rtb-meet-results-updated.pdf (verified extraction workbook, 2026-09-02)",invitational,"place 3; hytek tags none; seed from official results; age-group invitational, ages 8-18 present; prelims and finals as separate rounds"
S119,2025_ALTO_ROCK_THE_BLOCKS,ALTO Rock the Blocks Invitational,2025-03-29,13.0,M,200 FR,SCY,prelim,,2:00.62,27.8,58.13,1:29.33,2:00.62,"Official results, ALTO Rock the Blocks Invitational (3/29-30/2025), Boys 200 Yard Freestyle (all age groups, prelims and finals), https://www.pacswim.org/userfiles/meets/documents/2808/rtb-meet-results-updated.pdf (verified extraction workbook, 2026-09-02)",invitational,"place 4; hytek tags none; seed from official results; age-group invitational, ages 8-18 present; prelims and finals as separate rounds"
S801,2025_ALTO_ROCK_THE_BLOCKS,ALTO Rock the Blocks Invitational,2025-03-29,14.0,M,200 FR,SCY,prelim,,2:01.50,28.19,59.24,1:30.67,2:01.50,"Official results, ALTO Rock the Blocks Invitational (3/29-30/2025), Boys 200 Yard Freestyle (all age groups, prelims and finals), https://www.pacswim.org/userfiles/meets/documents/2808/rtb-meet-results-updated.pdf (verified extraction workbook, 2026-09-02)",invitational,"place 5; hytek tags none; seed from official results; age-group invitational, ages 8-18 present; prelims and finals as separate rounds"
S802,2025_ALTO_ROCK_THE_BLOCKS,ALTO Rock the Blocks Invitational,2025-03-29,13.0,M,200 FR,SCY,prelim,,2:01.66,28.3,59.63,1:30.99,2:01.66,"Official results, ALTO Rock the Blocks Invitational (3/29-30/2025), Boys 200 Yard Freestyle (all age groups, prelims and finals), https://www.pacswim.org/userfiles/meets/documents/2808/rtb-meet-results-updated.pdf (verified extraction workbook, 2026-09-02)",invitational,"place 6; hytek tags none; seed from official results; age-group invitational, ages 8-18 present; prelims and finals as separate rounds"
S803,2025_ALTO_ROCK_THE_BLOCKS,ALTO Rock the Blocks Invitational,2025-03-29,13.0,M,200 FR,SCY,prelim,,2:04.07,29.03,59.93,1:31.42,2:04.07,"Official results, ALTO Rock the Blocks Invitational (3/29-30/2025), Boys 200 Yard Freestyle (all age groups, prelims and finals), https://www.pacswim.org/userfiles/meets/documents/2808/rtb-meet-results-updated.pdf (verified extraction workbook, 2026-09-02)",invitational,"place 7; hytek tags none; seed from official results; age-group invitational, ages 8-18 present; prelims and finals as separate rounds"
S804,2025_ALTO_ROCK_THE_BLOCKS,ALTO Rock the Blocks Invitational,2025-03-29,14.0,M,200 FR,SCY,prelim,,2:05.69,29.1,1:01.09,1:34.06,2:05.69,"Official results, ALTO Rock the Blocks Invitational (3/29-30/2025), Boys 200 Yard Freestyle (all age groups, prelims and finals), https://www.pacswim.org/userfiles/meets/documents/2808/rtb-meet-results-updated.pdf (verified extraction workbook, 2026-09-02)",invitational,"place 8; hytek tags none; seed from official results; age-group invitational, ages 8-18 present; prelims and finals as separate rounds"
S805,2025_ALTO_ROCK_THE_BLOCKS,ALTO Rock the Blocks Invitational,2025-03-29,13.0,M,200 FR,SCY,prelim,,2:06.28,28.65,1:00.37,1:33.46,2:06.28,"Official results, ALTO Rock the Blocks Invitational (3/29-30/2025), Boys 200 Yard Freestyle (all age groups, prelims and finals), https://www.pacswim.org/userfiles/meets/documents/2808/rtb-meet-results-updated.pdf (verified extraction workbook, 2026-09-02)",invitational,"place 9; hytek tags none; seed from official results; age-group invitational, ages 8-18 present; prelims and finals as separate rounds"
S806,2025_ALTO_ROCK_THE_BLOCKS,ALTO Rock the Blocks Invitational,2025-03-29,13.0,M,200 FR,SCY,prelim,,2:06.39,28.76,1:00.57,1:33.61,2:06.39,"Official results, ALTO Rock the Blocks Invitational (3/29-30/2025), Boys 200 Yard Freestyle (all age groups, prelims and finals), https://www.pacswim.org/userfiles/meets/documents/2808/rtb-meet-results-updated.pdf (verified extraction workbook, 2026-09-02)",invitational,"place 10; hytek tags none; seed from official results; age-group invitational, ages 8-18 present; prelims and finals as separate rounds"
S807,2025_ALTO_ROCK_THE_BLOCKS,ALTO Rock the Blocks Invitational,2025-03-29,14.0,M,200 FR,SCY,prelim,,2:06.73,29.26,1:00.52,1:33.51,2:06.73,"Official results, ALTO Rock the Blocks Invitational (3/29-30/2025), Boys 200 Yard Freestyle (all age groups, prelims and finals), https://www.pacswim.org/userfiles/meets/documents/2808/rtb-meet-results-updated.pdf (verified extraction workbook, 2026-09-02)",invitational,"place 11; hytek tags none; seed from official results; age-group invitational, ages 8-18 present; prelims and finals as separate rounds"
S808,2025_ALTO_ROCK_THE_BLOCKS,ALTO Rock the Blocks Invitational,2025-03-29,13.0,M,200 FR,SCY,prelim,,2:08.27,28.9,1:01.44,1:35.14,2:08.27,"Official results, ALTO Rock the Blocks Invitational (3/29-30/2025), Boys 200 Yard Freestyle (all age groups, prelims and finals), https://www.pacswim.org/userfiles/meets/documents/2808/rtb-meet-results-updated.pdf (verified extraction workbook, 2026-09-02)",invitational,"place 12; hytek tags none; seed from official results; age-group invitational, ages 8-18 present; prelims and finals as separate rounds"
S237,2025_ALTO_ROCK_THE_BLOCKS,ALTO Rock the Blocks Invitational,2025-03-29,14.0,M,200 FR,SCY,prelim,,2:08.88,30.44,1:02.69,1:36.23,2:08.88,"Official results, ALTO Rock the Blocks Invitational (3/29-30/2025), Boys 200 Yard Freestyle (all age groups, prelims and finals), https://www.pacswim.org/userfiles/meets/documents/2808/rtb-meet-results-updated.pdf (verified extraction workbook, 2026-09-02)",invitational,"place 13; hytek tags none; seed from official results; age-group invitational, ages 8-18 present; prelims and finals as separate rounds"
S593,2025_ALTO_ROCK_THE_BLOCKS,ALTO Rock the Blocks Invitational,2025-03-29,14.0,M,200 FR,SCY,prelim,,2:10.02,30.83,1:04.49,1:37.85,2:10.02,"Official results, ALTO Rock the Blocks Invitational (3/29-30/2025), Boys 200 Yard Freestyle (all age groups, prelims and finals), https://www.pacswim.org/userfiles/meets/documents/2808/rtb-meet-results-updated.pdf (verified extraction workbook, 2026-09-02)",invitational,"place 14; hytek tags none; seed from official results; age-group invitational, ages 8-18 present; prelims and finals as separate rounds"
S809,2025_ALTO_ROCK_THE_BLOCKS,ALTO Rock the Blocks Invitational,2025-03-29,14.0,M,200 FR,SCY,prelim,,2:11.68,28.72,1:03.13,1:37.92,2:11.68,"Official results, ALTO Rock the Blocks Invitational (3/29-30/2025), Boys 200 Yard Freestyle (all age groups, prelims and finals), https://www.pacswim.org/userfiles/meets/documents/2808/rtb-meet-results-updated.pdf (verified extraction workbook, 2026-09-02)",invitational,"place 15; hytek tags none; seed from official results; age-group invitational, ages 8-18 present; prelims and finals as separate rounds"
S810,2025_ALTO_ROCK_THE_BLOCKS,ALTO Rock the Blocks Invitational,2025-03-29,14.0,M,200 FR,SCY,prelim,,2:12.52,30.76,1:03.88,1:38.03,2:12.52,"Official results, ALTO Rock the Blocks Invitational (3/29-30/2025), Boys 200 Yard Freestyle (all age groups, prelims and finals), https://www.pacswim.org/userfiles/meets/documents/2808/rtb-meet-results-updated.pdf (verified extraction workbook, 2026-09-02)",invitational,"place 16; hytek tags none; seed from official results; age-group invitational, ages 8-18 present; prelims and finals as separate rounds"
S655,2025_ALTO_ROCK_THE_BLOCKS,ALTO Rock the Blocks Invitational,2025-03-29,13.0,M,200 FR,SCY,prelim,,2:12.66,31.27,1:03.95,1:38.56,2:12.66,"Official results, ALTO Rock the Blocks Invitational (3/29-30/2025), Boys 200 Yard Freestyle (all age groups, prelims and finals), https://www.pacswim.org/userfiles/meets/documents/2808/rtb-meet-results-updated.pdf (verified extraction workbook, 2026-09-02)",invitational,"place 17; hytek tags none; seed from official results; age-group invitational, ages 8-18 present; prelims and finals as separate rounds"
S811,2025_ALTO_ROCK_THE_BLOCKS,ALTO Rock the Blocks Invitational,2025-03-29,14.0,M,200 FR,SCY,prelim,,2:14.72,30.69,1:05.81,1:41.92,2:14.72,"Official results, ALTO Rock the Blocks Invitational (3/29-30/2025), Boys 200 Yard Freestyle (all age groups, prelims and finals), https://www.pacswim.org/userfiles/meets/documents/2808/rtb-meet-results-updated.pdf (verified extraction workbook, 2026-09-02)",invitational,"place 18; hytek tags none; seed from official results; age-group invitational, ages 8-18 present; prelims and finals as separate rounds"
S812,2025_ALTO_ROCK_THE_BLOCKS,ALTO Rock the Blocks Invitational,2025-03-29,14.0,M,200 FR,SCY,prelim,,2:15.34,30.1,1:04.55,1:40.58,2:15.34,"Official results, ALTO Rock the Blocks Invitational (3/29-30/2025), Boys 200 Yard Freestyle (all age groups, prelims and finals), https://www.pacswim.org/userfiles/meets/documents/2808/rtb-meet-results-updated.pdf (verified extraction workbook, 2026-09-02)",invitational,"place 19; hytek tags none; seed from official results; age-group invitational, ages 8-18 present; prelims and finals as separate rounds"
S813,2025_ALTO_ROCK_THE_BLOCKS,ALTO Rock the Blocks Invitational,2025-03-29,13.0,M,200 FR,SCY,prelim,,2:18.35,30.89,1:04.82,1:40.90,2:18.35,"Official results, ALTO Rock the Blocks Invitational (3/29-30/2025), Boys 200 Yard Freestyle (all age groups, prelims and finals), https://www.pacswim.org/userfiles/meets/documents/2808/rtb-meet-results-updated.pdf (verified extraction workbook, 2026-09-02)",invitational,"place 20; hytek tags none; seed from official results; age-group invitational, ages 8-18 present; prelims and finals as separate rounds"
S651,2025_ALTO_ROCK_THE_BLOCKS,ALTO Rock the Blocks Invitational,2025-03-29,13.0,M,200 FR,SCY,prelim,,2:18.82,31.78,1:06.48,1:43.10,2:18.82,"Official results, ALTO Rock the Blocks Invitational (3/29-30/2025), Boys 200 Yard Freestyle (all age groups, prelims and finals), https://www.pacswim.org/userfiles/meets/documents/2808/rtb-meet-results-updated.pdf (verified extraction workbook, 2026-09-02)",invitational,"place 21; hytek tags none; seed from official results; age-group invitational, ages 8-18 present; prelims and finals as separate rounds"
S814,2025_ALTO_ROCK_THE_BLOCKS,ALTO Rock the Blocks Invitational,2025-03-29,13.0,M,200 FR,SCY,prelim,,2:18.87,30.01,1:04.75,1:42.34,2:18.87,"Official results, ALTO Rock the Blocks Invitational (3/29-30/2025), Boys 200 Yard Freestyle (all age groups, prelims and finals), https://www.pacswim.org/userfiles/meets/documents/2808/rtb-meet-results-updated.pdf (verified extraction workbook, 2026-09-02)",invitational,"place 22; hytek tags none; seed from official results; age-group invitational, ages 8-18 present; prelims and finals as separate rounds"
S815,2025_ALTO_ROCK_THE_BLOCKS,ALTO Rock the Blocks Invitational,2025-03-29,14.0,M,200 FR,SCY,prelim,,2:18.89,32.2,1:07.38,1:43.23,2:18.89,"Official results, ALTO Rock the Blocks Invitational (3/29-30/2025), Boys 200 Yard Freestyle (all age groups, prelims and finals), https://www.pacswim.org/userfiles/meets/documents/2808/rtb-meet-results-updated.pdf (verified extraction workbook, 2026-09-02)",invitational,"place 23; hytek tags none; seed from official results; age-group invitational, ages 8-18 present; prelims and finals as separate rounds"
S816,2025_ALTO_ROCK_THE_BLOCKS,ALTO Rock the Blocks Invitational,2025-03-29,13.0,M,200 FR,SCY,prelim,,2:19.22,30.96,1:06.99,1:44.07,2:19.22,"Official results, ALTO Rock the Blocks Invitational (3/29-30/2025), Boys 200 Yard Freestyle (all age groups, prelims and finals), https://www.pacswim.org/userfiles/meets/documents/2808/rtb-meet-results-updated.pdf (verified extraction workbook, 2026-09-02)",invitational,"place 24; hytek tags none; seed from official results; age-group invitational, ages 8-18 present; prelims and finals as separate rounds"
S817,2025_ALTO_ROCK_THE_BLOCKS,ALTO Rock the Blocks Invitational,2025-03-29,13.0,M,200 FR,SCY,prelim,,2:19.36,32.21,1:08.39,1:44.82,2:19.36,"Official results, ALTO Rock the Blocks Invitational (3/29-30/2025), Boys 200 Yard Freestyle (all age groups, prelims and finals), https://www.pacswim.org/userfiles/meets/documents/2808/rtb-meet-results-updated.pdf (verified extraction workbook, 2026-09-02)",invitational,"place 25; hytek tags none; seed from official results; age-group invitational, ages 8-18 present; prelims and finals as separate rounds"
S818,2025_ALTO_ROCK_THE_BLOCKS,ALTO Rock the Blocks Invitational,2025-03-29,13.0,M,200 FR,SCY,prelim,,2:19.39,32.29,1:07.73,1:44.21,2:19.39,"Official results, ALTO Rock the Blocks Invitational (3/29-30/2025), Boys 200 Yard Freestyle (all age groups, prelims and finals), https://www.pacswim.org/userfiles/meets/documents/2808/rtb-meet-results-updated.pdf (verified extraction workbook, 2026-09-02)",invitational,"place 26; hytek tags none; seed from official results; age-group invitational, ages 8-18 present; prelims and finals as separate rounds"
S658,2025_ALTO_ROCK_THE_BLOCKS,ALTO Rock the Blocks Invitational,2025-03-29,14.0,M,200 FR,SCY,prelim,,2:20.46,31.82,1:08.00,1:45.46,2:20.46,"Official results, ALTO Rock the Blocks Invitational (3/29-30/2025), Boys 200 Yard Freestyle (all age groups, prelims and finals), https://www.pacswim.org/userfiles/meets/documents/2808/rtb-meet-results-updated.pdf (verified extraction workbook, 2026-09-02)",invitational,"place 27; hytek tags none; seed from official results; age-group invitational, ages 8-18 present; prelims and finals as separate rounds"
S647,2025_ALTO_ROCK_THE_BLOCKS,ALTO Rock the Blocks Invitational,2025-03-29,13.0,M,200 FR,SCY,prelim,,2:22.10,31.68,1:08.83,1:46.82,2:22.10,"Official results, ALTO Rock the Blocks Invitational (3/29-30/2025), Boys 200 Yard Freestyle (all age groups, prelims and finals), https://www.pacswim.org/userfiles/meets/documents/2808/rtb-meet-results-updated.pdf (verified extraction workbook, 2026-09-02)",invitational,"place 28; hytek tags none; seed from official results; age-group invitational, ages 8-18 present; prelims and finals as separate rounds"
S819,2025_ALTO_ROCK_THE_BLOCKS,ALTO Rock the Blocks Invitational,2025-03-29,14.0,M,200 FR,SCY,prelim,,2:22.43,32.69,1:08.67,1:45.19,2:22.43,"Official results, ALTO Rock the Blocks Invitational (3/29-30/2025), Boys 200 Yard Freestyle (all age groups, prelims and finals), https://www.pacswim.org/userfiles/meets/documents/2808/rtb-meet-results-updated.pdf (verified extraction workbook, 2026-09-02)",invitational,"place 29; hytek tags none; seed from official results; age-group invitational, ages 8-18 present; prelims and finals as separate rounds"
S820,2025_ALTO_ROCK_THE_BLOCKS,ALTO Rock the Blocks Invitational,2025-03-29,13.0,M,200 FR,SCY,prelim,,2:26.02,,,,,"Official results, ALTO Rock the Blocks Invitational (3/29-30/2025), Boys 200 Yard Freestyle (all age groups, prelims and finals), https://www.pacswim.org/userfiles/meets/documents/2808/rtb-meet-results-updated.pdf (verified extraction workbook, 2026-09-02)",invitational,"place 30; hytek tags workbook split status: Partial splits published; seed from official results; age-group invitational, ages 8-18 present; prelims and finals as separate rounds"
S821,2025_ALTO_ROCK_THE_BLOCKS,ALTO Rock the Blocks Invitational,2025-03-29,14.0,M,200 FR,SCY,prelim,,2:26.36,31.16,1:06.70,1:46.49,2:26.36,"Official results, ALTO Rock the Blocks Invitational (3/29-30/2025), Boys 200 Yard Freestyle (all age groups, prelims and finals), https://www.pacswim.org/userfiles/meets/documents/2808/rtb-meet-results-updated.pdf (verified extraction workbook, 2026-09-02)",invitational,"place 31; hytek tags none; seed from official results; age-group invitational, ages 8-18 present; prelims and finals as separate rounds"
S822,2025_ALTO_ROCK_THE_BLOCKS,ALTO Rock the Blocks Invitational,2025-03-29,13.0,M,200 FR,SCY,prelim,,2:29.04,33.01,1:12.46,1:50.60,2:29.04,"Official results, ALTO Rock the Blocks Invitational (3/29-30/2025), Boys 200 Yard Freestyle (all age groups, prelims and finals), https://www.pacswim.org/userfiles/meets/documents/2808/rtb-meet-results-updated.pdf (verified extraction workbook, 2026-09-02)",invitational,"place 32; hytek tags none; seed from official results; age-group invitational, ages 8-18 present; prelims and finals as separate rounds"
S823,2025_ALTO_ROCK_THE_BLOCKS,ALTO Rock the Blocks Invitational,2025-03-29,14.0,M,200 FR,SCY,prelim,,2:31.38,32.92,1:11.67,1:52.59,2:31.38,"Official results, ALTO Rock the Blocks Invitational (3/29-30/2025), Boys 200 Yard Freestyle (all age groups, prelims and finals), https://www.pacswim.org/userfiles/meets/documents/2808/rtb-meet-results-updated.pdf (verified extraction workbook, 2026-09-02)",invitational,"place 33; hytek tags none; seed from official results; age-group invitational, ages 8-18 present; prelims and finals as separate rounds"
S824,2025_ALTO_ROCK_THE_BLOCKS,ALTO Rock the Blocks Invitational,2025-03-29,14.0,M,200 FR,SCY,prelim,,2:32.56,34.54,1:13.37,1:53.83,2:32.56,"Official results, ALTO Rock the Blocks Invitational (3/29-30/2025), Boys 200 Yard Freestyle (all age groups, prelims and finals), https://www.pacswim.org/userfiles/meets/documents/2808/rtb-meet-results-updated.pdf (verified extraction workbook, 2026-09-02)",invitational,"place 34; hytek tags none; seed from official results; age-group invitational, ages 8-18 present; prelims and finals as separate rounds"
S680,2025_ALTO_ROCK_THE_BLOCKS,ALTO Rock the Blocks Invitational,2025-03-29,13.0,M,200 FR,SCY,prelim,,2:42.69,36.58,1:17.58,2:01.31,2:42.69,"Official results, ALTO Rock the Blocks Invitational (3/29-30/2025), Boys 200 Yard Freestyle (all age groups, prelims and finals), https://www.pacswim.org/userfiles/meets/documents/2808/rtb-meet-results-updated.pdf (verified extraction workbook, 2026-09-02)",invitational,"place 35; hytek tags none; seed from official results; age-group invitational, ages 8-18 present; prelims and finals as separate rounds"
S825,2025_ALTO_ROCK_THE_BLOCKS,ALTO Rock the Blocks Invitational,2025-03-29,13.0,M,200 FR,SCY,prelim,,2:44.03,37.58,1:21.40,2:05.22,2:44.03,"Official results, ALTO Rock the Blocks Invitational (3/29-30/2025), Boys 200 Yard Freestyle (all age groups, prelims and finals), https://www.pacswim.org/userfiles/meets/documents/2808/rtb-meet-results-updated.pdf (verified extraction workbook, 2026-09-02)",invitational,"place 36; hytek tags none; seed from official results; age-group invitational, ages 8-18 present; prelims and finals as separate rounds"
S826,2025_ALTO_ROCK_THE_BLOCKS,ALTO Rock the Blocks Invitational,2025-03-29,13.0,M,200 FR,SCY,prelim,,2:55.58,38.86,1:22.86,2:07.77,2:55.58,"Official results, ALTO Rock the Blocks Invitational (3/29-30/2025), Boys 200 Yard Freestyle (all age groups, prelims and finals), https://www.pacswim.org/userfiles/meets/documents/2808/rtb-meet-results-updated.pdf (verified extraction workbook, 2026-09-02)",invitational,"place 37; hytek tags none; seed from official results; age-group invitational, ages 8-18 present; prelims and finals as separate rounds"
S827,2025_ALTO_ROCK_THE_BLOCKS,ALTO Rock the Blocks Invitational,2025-03-29,14.0,M,200 FR,SCY,prelim,,3:07.80,42.57,1:32.78,2:23.93,3:07.80,"Official results, ALTO Rock the Blocks Invitational (3/29-30/2025), Boys 200 Yard Freestyle (all age groups, prelims and finals), https://www.pacswim.org/userfiles/meets/documents/2808/rtb-meet-results-updated.pdf (verified extraction workbook, 2026-09-02)",invitational,"place 38; hytek tags none; seed from official results; age-group invitational, ages 8-18 present; prelims and finals as separate rounds"
S828,2025_ALTO_ROCK_THE_BLOCKS,ALTO Rock the Blocks Invitational,2025-03-29,13.0,M,200 FR,SCY,prelim,,3:09.92,,,,,"Official results, ALTO Rock the Blocks Invitational (3/29-30/2025), Boys 200 Yard Freestyle (all age groups, prelims and finals), https://www.pacswim.org/userfiles/meets/documents/2808/rtb-meet-results-updated.pdf (verified extraction workbook, 2026-09-02)",invitational,"place 39; hytek tags workbook split status: Partial splits published; seed from official results; age-group invitational, ages 8-18 present; prelims and finals as separate rounds"
S829,2025_ALTO_ROCK_THE_BLOCKS,ALTO Rock the Blocks Invitational,2025-03-29,15.0,M,200 FR,SCY,prelim,,1:43.70,24.17,50.16,1:16.78,1:43.70,"Official results, ALTO Rock the Blocks Invitational (3/29-30/2025), Boys 200 Yard Freestyle (all age groups, prelims and finals), https://www.pacswim.org/userfiles/meets/documents/2808/rtb-meet-results-updated.pdf (verified extraction workbook, 2026-09-02)",invitational,"place 1; hytek tags none; seed from official results; age-group invitational, ages 8-18 present; prelims and finals as separate rounds"
S830,2025_ALTO_ROCK_THE_BLOCKS,ALTO Rock the Blocks Invitational,2025-03-29,15.0,M,200 FR,SCY,prelim,,1:44.88,24.37,50.67,1:17.36,1:44.88,"Official results, ALTO Rock the Blocks Invitational (3/29-30/2025), Boys 200 Yard Freestyle (all age groups, prelims and finals), https://www.pacswim.org/userfiles/meets/documents/2808/rtb-meet-results-updated.pdf (verified extraction workbook, 2026-09-02)",invitational,"place 2; hytek tags none; seed from official results; age-group invitational, ages 8-18 present; prelims and finals as separate rounds"
S831,2025_ALTO_ROCK_THE_BLOCKS,ALTO Rock the Blocks Invitational,2025-03-29,16.0,M,200 FR,SCY,prelim,,1:51.96,26.41,55.16,1:23.88,1:51.96,"Official results, ALTO Rock the Blocks Invitational (3/29-30/2025), Boys 200 Yard Freestyle (all age groups, prelims and finals), https://www.pacswim.org/userfiles/meets/documents/2808/rtb-meet-results-updated.pdf (verified extraction workbook, 2026-09-02)",invitational,"place 3; hytek tags none; seed from official results; age-group invitational, ages 8-18 present; prelims and finals as separate rounds"
S112,2025_ALTO_ROCK_THE_BLOCKS,ALTO Rock the Blocks Invitational,2025-03-29,15.0,M,200 FR,SCY,prelim,,1:55.03,26.73,55.75,1:25.64,1:55.03,"Official results, ALTO Rock the Blocks Invitational (3/29-30/2025), Boys 200 Yard Freestyle (all age groups, prelims and finals), https://www.pacswim.org/userfiles/meets/documents/2808/rtb-meet-results-updated.pdf (verified extraction workbook, 2026-09-02)",invitational,"place 4; hytek tags none; seed from official results; age-group invitational, ages 8-18 present; prelims and finals as separate rounds"
S832,2025_ALTO_ROCK_THE_BLOCKS,ALTO Rock the Blocks Invitational,2025-03-29,16.0,M,200 FR,SCY,prelim,,1:55.71,26.03,55.03,1:25.38,1:55.71,"Official results, ALTO Rock the Blocks Invitational (3/29-30/2025), Boys 200 Yard Freestyle (all age groups, prelims and finals), https://www.pacswim.org/userfiles/meets/documents/2808/rtb-meet-results-updated.pdf (verified extraction workbook, 2026-09-02)",invitational,"place 5; hytek tags none; seed from official results; age-group invitational, ages 8-18 present; prelims and finals as separate rounds"
S833,2025_ALTO_ROCK_THE_BLOCKS,ALTO Rock the Blocks Invitational,2025-03-29,16.0,M,200 FR,SCY,prelim,,1:57.22,26.95,56.73,1:26.96,1:57.22,"Official results, ALTO Rock the Blocks Invitational (3/29-30/2025), Boys 200 Yard Freestyle (all age groups, prelims and finals), https://www.pacswim.org/userfiles/meets/documents/2808/rtb-meet-results-updated.pdf (verified extraction workbook, 2026-09-02)",invitational,"place 6; hytek tags none; seed from official results; age-group invitational, ages 8-18 present; prelims and finals as separate rounds"
S142,2025_ALTO_ROCK_THE_BLOCKS,ALTO Rock the Blocks Invitational,2025-03-29,16.0,M,200 FR,SCY,prelim,,2:03.31,28.24,59.18,1:31.43,2:03.31,"Official results, ALTO Rock the Blocks Invitational (3/29-30/2025), Boys 200 Yard Freestyle (all age groups, prelims and finals), https://www.pacswim.org/userfiles/meets/documents/2808/rtb-meet-results-updated.pdf (verified extraction workbook, 2026-09-02)",invitational,"place 7; hytek tags none; seed from official results; age-group invitational, ages 8-18 present; prelims and finals as separate rounds"
S834,2025_ALTO_ROCK_THE_BLOCKS,ALTO Rock the Blocks Invitational,2025-03-29,15.0,M,200 FR,SCY,prelim,,2:20.19,29.48,1:03.25,1:41.30,2:20.19,"Official results, ALTO Rock the Blocks Invitational (3/29-30/2025), Boys 200 Yard Freestyle (all age groups, prelims and finals), https://www.pacswim.org/userfiles/meets/documents/2808/rtb-meet-results-updated.pdf (verified extraction workbook, 2026-09-02)",invitational,"place 8; hytek tags none; seed from official results; age-group invitational, ages 8-18 present; prelims and finals as separate rounds"
S650,2025_ALTO_ROCK_THE_BLOCKS,ALTO Rock the Blocks Invitational,2025-03-29,10.0,M,200 FR,SCY,final,,2:18.76,30.74,1:06.01,1:42.71,2:18.76,"Official results, ALTO Rock the Blocks Invitational (3/29-30/2025), Boys 200 Yard Freestyle (all age groups, prelims and finals), https://www.pacswim.org/userfiles/meets/documents/2808/rtb-meet-results-updated.pdf (verified extraction workbook, 2026-09-02)",invitational,"place 1; hytek tags none; seed from official results; age-group invitational, ages 8-18 present; prelims and finals as separate rounds"
S765,2025_ALTO_ROCK_THE_BLOCKS,ALTO Rock the Blocks Invitational,2025-03-29,10.0,M,200 FR,SCY,final,,2:19.29,31.72,1:07.38,1:44.45,2:19.29,"Official results, ALTO Rock the Blocks Invitational (3/29-30/2025), Boys 200 Yard Freestyle (all age groups, prelims and finals), https://www.pacswim.org/userfiles/meets/documents/2808/rtb-meet-results-updated.pdf (verified extraction workbook, 2026-09-02)",invitational,"place 2; hytek tags none; seed from official results; age-group invitational, ages 8-18 present; prelims and finals as separate rounds"
S766,2025_ALTO_ROCK_THE_BLOCKS,ALTO Rock the Blocks Invitational,2025-03-29,10.0,M,200 FR,SCY,final,,2:25.77,33.45,1:10.70,1:49.20,2:25.77,"Official results, ALTO Rock the Blocks Invitational (3/29-30/2025), Boys 200 Yard Freestyle (all age groups, prelims and finals), https://www.pacswim.org/userfiles/meets/documents/2808/rtb-meet-results-updated.pdf (verified extraction workbook, 2026-09-02)",invitational,"place 3; hytek tags none; seed from official results; age-group invitational, ages 8-18 present; prelims and finals as separate rounds"
S665,2025_ALTO_ROCK_THE_BLOCKS,ALTO Rock the Blocks Invitational,2025-03-29,10.0,M,200 FR,SCY,final,,2:29.53,33.23,1:11.11,1:50.82,2:29.53,"Official results, ALTO Rock the Blocks Invitational (3/29-30/2025), Boys 200 Yard Freestyle (all age groups, prelims and finals), https://www.pacswim.org/userfiles/meets/documents/2808/rtb-meet-results-updated.pdf (verified extraction workbook, 2026-09-02)",invitational,"place 4; hytek tags none; seed from official results; age-group invitational, ages 8-18 present; prelims and finals as separate rounds"
S768,2025_ALTO_ROCK_THE_BLOCKS,ALTO Rock the Blocks Invitational,2025-03-29,10.0,M,200 FR,SCY,final,,2:31.37,34.93,1:14.27,1:53.38,2:31.37,"Official results, ALTO Rock the Blocks Invitational (3/29-30/2025), Boys 200 Yard Freestyle (all age groups, prelims and finals), https://www.pacswim.org/userfiles/meets/documents/2808/rtb-meet-results-updated.pdf (verified extraction workbook, 2026-09-02)",invitational,"place 5; hytek tags none; seed from official results; age-group invitational, ages 8-18 present; prelims and finals as separate rounds"
S770,2025_ALTO_ROCK_THE_BLOCKS,ALTO Rock the Blocks Invitational,2025-03-29,10.0,M,200 FR,SCY,final,,2:32.65,34.19,1:13.09,1:53.66,2:32.65,"Official results, ALTO Rock the Blocks Invitational (3/29-30/2025), Boys 200 Yard Freestyle (all age groups, prelims and finals), https://www.pacswim.org/userfiles/meets/documents/2808/rtb-meet-results-updated.pdf (verified extraction workbook, 2026-09-02)",invitational,"place 6; hytek tags none; seed from official results; age-group invitational, ages 8-18 present; prelims and finals as separate rounds"
S767,2025_ALTO_ROCK_THE_BLOCKS,ALTO Rock the Blocks Invitational,2025-03-29,10.0,M,200 FR,SCY,final,,2:34.27,34.17,1:13.73,1:54.65,2:34.27,"Official results, ALTO Rock the Blocks Invitational (3/29-30/2025), Boys 200 Yard Freestyle (all age groups, prelims and finals), https://www.pacswim.org/userfiles/meets/documents/2808/rtb-meet-results-updated.pdf (verified extraction workbook, 2026-09-02)",invitational,"place 7; hytek tags none; seed from official results; age-group invitational, ages 8-18 present; prelims and finals as separate rounds"
S769,2025_ALTO_ROCK_THE_BLOCKS,ALTO Rock the Blocks Invitational,2025-03-29,10.0,M,200 FR,SCY,final,,2:35.84,34.59,1:15.02,1:55.98,2:35.84,"Official results, ALTO Rock the Blocks Invitational (3/29-30/2025), Boys 200 Yard Freestyle (all age groups, prelims and finals), https://www.pacswim.org/userfiles/meets/documents/2808/rtb-meet-results-updated.pdf (verified extraction workbook, 2026-09-02)",invitational,"place 8; hytek tags none; seed from official results; age-group invitational, ages 8-18 present; prelims and finals as separate rounds"
S771,2025_ALTO_ROCK_THE_BLOCKS,ALTO Rock the Blocks Invitational,2025-03-29,10.0,M,200 FR,SCY,final,,2:37.41,35.32,1:16.05,1:58.03,2:37.41,"Official results, ALTO Rock the Blocks Invitational (3/29-30/2025), Boys 200 Yard Freestyle (all age groups, prelims and finals), https://www.pacswim.org/userfiles/meets/documents/2808/rtb-meet-results-updated.pdf (verified extraction workbook, 2026-09-02)",invitational,"place 9; hytek tags none; seed from official results; age-group invitational, ages 8-18 present; prelims and finals as separate rounds"
S772,2025_ALTO_ROCK_THE_BLOCKS,ALTO Rock the Blocks Invitational,2025-03-29,10.0,M,200 FR,SCY,final,,2:50.53,,,,,"Official results, ALTO Rock the Blocks Invitational (3/29-30/2025), Boys 200 Yard Freestyle (all age groups, prelims and finals), https://www.pacswim.org/userfiles/meets/documents/2808/rtb-meet-results-updated.pdf (verified extraction workbook, 2026-09-02)",invitational,"place 10; hytek tags workbook split status: Partial splits published; seed from official results; age-group invitational, ages 8-18 present; prelims and finals as separate rounds"
S638,2025_ALTO_ROCK_THE_BLOCKS,ALTO Rock the Blocks Invitational,2025-03-29,12.0,M,200 FR,SCY,final,,1:58.93,27.75,57.75,1:28.95,1:58.93,"Official results, ALTO Rock the Blocks Invitational (3/29-30/2025), Boys 200 Yard Freestyle (all age groups, prelims and finals), https://www.pacswim.org/userfiles/meets/documents/2808/rtb-meet-results-updated.pdf (verified extraction workbook, 2026-09-02)",invitational,"place 1; hytek tags none; seed from official results; age-group invitational, ages 8-18 present; prelims and finals as separate rounds"
S786,2025_ALTO_ROCK_THE_BLOCKS,ALTO Rock the Blocks Invitational,2025-03-29,12.0,M,200 FR,SCY,final,,2:01.40,28.3,58.61,1:30.31,2:01.40,"Official results, ALTO Rock the Blocks Invitational (3/29-30/2025), Boys 200 Yard Freestyle (all age groups, prelims and finals), https://www.pacswim.org/userfiles/meets/documents/2808/rtb-meet-results-updated.pdf (verified extraction workbook, 2026-09-02)",invitational,"place 2; hytek tags none; seed from official results; age-group invitational, ages 8-18 present; prelims and finals as separate rounds"
S691,2025_ALTO_ROCK_THE_BLOCKS,ALTO Rock the Blocks Invitational,2025-03-29,12.0,M,200 FR,SCY,final,,2:08.45,28.87,1:00.75,1:34.88,2:08.45,"Official results, ALTO Rock the Blocks Invitational (3/29-30/2025), Boys 200 Yard Freestyle (all age groups, prelims and finals), https://www.pacswim.org/userfiles/meets/documents/2808/rtb-meet-results-updated.pdf (verified extraction workbook, 2026-09-02)",invitational,"place 3; hytek tags none; seed from official results; age-group invitational, ages 8-18 present; prelims and finals as separate rounds"
S640,2025_ALTO_ROCK_THE_BLOCKS,ALTO Rock the Blocks Invitational,2025-03-29,11.0,M,200 FR,SCY,final,,2:09.62,29.43,1:02.29,1:36.68,2:09.62,"Official results, ALTO Rock the Blocks Invitational (3/29-30/2025), Boys 200 Yard Freestyle (all age groups, prelims and finals), https://www.pacswim.org/userfiles/meets/documents/2808/rtb-meet-results-updated.pdf (verified extraction workbook, 2026-09-02)",invitational,"place 4; hytek tags none; seed from official results; age-group invitational, ages 8-18 present; prelims and finals as separate rounds"
S654,2025_ALTO_ROCK_THE_BLOCKS,ALTO Rock the Blocks Invitational,2025-03-29,11.0,M,200 FR,SCY,final,,2:18.13,30.95,1:06.12,1:41.54,2:18.13,"Official results, ALTO Rock the Blocks Invitational (3/29-30/2025), Boys 200 Yard Freestyle (all age groups, prelims and finals), https://www.pacswim.org/userfiles/meets/documents/2808/rtb-meet-results-updated.pdf (verified extraction workbook, 2026-09-02)",invitational,"place 5; hytek tags none; seed from official results; age-group invitational, ages 8-18 present; prelims and finals as separate rounds"
S646,2025_ALTO_ROCK_THE_BLOCKS,ALTO Rock the Blocks Invitational,2025-03-29,12.0,M,200 FR,SCY,final,,2:19.54,29.85,1:06.73,1:45.21,2:19.54,"Official results, ALTO Rock the Blocks Invitational (3/29-30/2025), Boys 200 Yard Freestyle (all age groups, prelims and finals), https://www.pacswim.org/userfiles/meets/documents/2808/rtb-meet-results-updated.pdf (verified extraction workbook, 2026-09-02)",invitational,"place 6; hytek tags none; seed from official results; age-group invitational, ages 8-18 present; prelims and finals as separate rounds"
S789,2025_ALTO_ROCK_THE_BLOCKS,ALTO Rock the Blocks Invitational,2025-03-29,12.0,M,200 FR,SCY,final,,2:19.64,33.21,1:09.28,1:47.05,2:19.64,"Official results, ALTO Rock the Blocks Invitational (3/29-30/2025), Boys 200 Yard Freestyle (all age groups, prelims and finals), https://www.pacswim.org/userfiles/meets/documents/2808/rtb-meet-results-updated.pdf (verified extraction workbook, 2026-09-02)",invitational,"place 7; hytek tags none; seed from official results; age-group invitational, ages 8-18 present; prelims and finals as separate rounds"
S788,2025_ALTO_ROCK_THE_BLOCKS,ALTO Rock the Blocks Invitational,2025-03-29,12.0,M,200 FR,SCY,final,,2:20.54,33.24,1:09.35,1:47.84,2:20.54,"Official results, ALTO Rock the Blocks Invitational (3/29-30/2025), Boys 200 Yard Freestyle (all age groups, prelims and finals), https://www.pacswim.org/userfiles/meets/documents/2808/rtb-meet-results-updated.pdf (verified extraction workbook, 2026-09-02)",invitational,"place 8; hytek tags none; seed from official results; age-group invitational, ages 8-18 present; prelims and finals as separate rounds"
S787,2025_ALTO_ROCK_THE_BLOCKS,ALTO Rock the Blocks Invitational,2025-03-29,12.0,M,200 FR,SCY,final,,2:22.27,30.7,1:06.31,1:44.74,2:22.27,"Official results, ALTO Rock the Blocks Invitational (3/29-30/2025), Boys 200 Yard Freestyle (all age groups, prelims and finals), https://www.pacswim.org/userfiles/meets/documents/2808/rtb-meet-results-updated.pdf (verified extraction workbook, 2026-09-02)",invitational,"place 9; hytek tags none; seed from official results; age-group invitational, ages 8-18 present; prelims and finals as separate rounds"
S323,2025_ALTO_ROCK_THE_BLOCKS,ALTO Rock the Blocks Invitational,2025-03-29,11.0,M,200 FR,SCY,final,,2:24.96,32.48,1:09.32,1:48.65,2:24.96,"Official results, ALTO Rock the Blocks Invitational (3/29-30/2025), Boys 200 Yard Freestyle (all age groups, prelims and finals), https://www.pacswim.org/userfiles/meets/documents/2808/rtb-meet-results-updated.pdf (verified extraction workbook, 2026-09-02)",invitational,"place 10; hytek tags none; seed from official results; age-group invitational, ages 8-18 present; prelims and finals as separate rounds"
S204,2025_ALTO_ROCK_THE_BLOCKS,ALTO Rock the Blocks Invitational,2025-03-29,14.0,M,200 FR,SCY,final,,1:54.98,26.93,56.85,1:26.37,1:54.98,"Official results, ALTO Rock the Blocks Invitational (3/29-30/2025), Boys 200 Yard Freestyle (all age groups, prelims and finals), https://www.pacswim.org/userfiles/meets/documents/2808/rtb-meet-results-updated.pdf (verified extraction workbook, 2026-09-02)",invitational,"place 1; hytek tags none; seed from official results; age-group invitational, ages 8-18 present; prelims and finals as separate rounds"
S228,2025_ALTO_ROCK_THE_BLOCKS,ALTO Rock the Blocks Invitational,2025-03-29,14.0,M,200 FR,SCY,final,,1:55.14,27.23,56.60,1:26.32,1:55.14,"Official results, ALTO Rock the Blocks Invitational (3/29-30/2025), Boys 200 Yard Freestyle (all age groups, prelims and finals), https://www.pacswim.org/userfiles/meets/documents/2808/rtb-meet-results-updated.pdf (verified extraction workbook, 2026-09-02)",invitational,"place 2; hytek tags none; seed from official results; age-group invitational, ages 8-18 present; prelims and finals as separate rounds"
S800,2025_ALTO_ROCK_THE_BLOCKS,ALTO Rock the Blocks Invitational,2025-03-29,14.0,M,200 FR,SCY,final,,1:58.51,27.26,57.49,1:28.71,1:58.51,"Official results, ALTO Rock the Blocks Invitational (3/29-30/2025), Boys 200 Yard Freestyle (all age groups, prelims and finals), https://www.pacswim.org/userfiles/meets/documents/2808/rtb-meet-results-updated.pdf (verified extraction workbook, 2026-09-02)",invitational,"place 3; hytek tags none; seed from official results; age-group invitational, ages 8-18 present; prelims and finals as separate rounds"
S119,2025_ALTO_ROCK_THE_BLOCKS,ALTO Rock the Blocks Invitational,2025-03-29,13.0,M,200 FR,SCY,final,,2:00.86,28.11,58.91,1:30.35,2:00.86,"Official results, ALTO Rock the Blocks Invitational (3/29-30/2025), Boys 200 Yard Freestyle (all age groups, prelims and finals), https://www.pacswim.org/userfiles/meets/documents/2808/rtb-meet-results-updated.pdf (verified extraction workbook, 2026-09-02)",invitational,"place 4; hytek tags none; seed from official results; age-group invitational, ages 8-18 present; prelims and finals as separate rounds"
S802,2025_ALTO_ROCK_THE_BLOCKS,ALTO Rock the Blocks Invitational,2025-03-29,13.0,M,200 FR,SCY,final,,2:01.89,27.53,58.53,1:31.01,2:01.89,"Official results, ALTO Rock the Blocks Invitational (3/29-30/2025), Boys 200 Yard Freestyle (all age groups, prelims and finals), https://www.pacswim.org/userfiles/meets/documents/2808/rtb-meet-results-updated.pdf (verified extraction workbook, 2026-09-02)",invitational,"place 5; hytek tags none; seed from official results; age-group invitational, ages 8-18 present; prelims and finals as separate rounds"
S804,2025_ALTO_ROCK_THE_BLOCKS,ALTO Rock the Blocks Invitational,2025-03-29,14.0,M,200 FR,SCY,final,,2:04.08,28.01,59.35,1:31.87,2:04.08,"Official results, ALTO Rock the Blocks Invitational (3/29-30/2025), Boys 200 Yard Freestyle (all age groups, prelims and finals), https://www.pacswim.org/userfiles/meets/documents/2808/rtb-meet-results-updated.pdf (verified extraction workbook, 2026-09-02)",invitational,"place 6; hytek tags none; seed from official results; age-group invitational, ages 8-18 present; prelims and finals as separate rounds"
S803,2025_ALTO_ROCK_THE_BLOCKS,ALTO Rock the Blocks Invitational,2025-03-29,13.0,M,200 FR,SCY,final,,2:06.14,29.32,1:00.45,1:32.91,2:06.14,"Official results, ALTO Rock the Blocks Invitational (3/29-30/2025), Boys 200 Yard Freestyle (all age groups, prelims and finals), https://www.pacswim.org/userfiles/meets/documents/2808/rtb-meet-results-updated.pdf (verified extraction workbook, 2026-09-02)",invitational,"place 7; hytek tags none; seed from official results; age-group invitational, ages 8-18 present; prelims and finals as separate rounds"
S806,2025_ALTO_ROCK_THE_BLOCKS,ALTO Rock the Blocks Invitational,2025-03-29,13.0,M,200 FR,SCY,final,,2:07.91,28.57,1:01.04,1:34.79,2:07.91,"Official results, ALTO Rock the Blocks Invitational (3/29-30/2025), Boys 200 Yard Freestyle (all age groups, prelims and finals), https://www.pacswim.org/userfiles/meets/documents/2808/rtb-meet-results-updated.pdf (verified extraction workbook, 2026-09-02)",invitational,"place 8; hytek tags none; seed from official results; age-group invitational, ages 8-18 present; prelims and finals as separate rounds"
S805,2025_ALTO_ROCK_THE_BLOCKS,ALTO Rock the Blocks Invitational,2025-03-29,13.0,M,200 FR,SCY,final,,2:07.94,28.5,1:00.59,1:34.74,2:07.94,"Official results, ALTO Rock the Blocks Invitational (3/29-30/2025), Boys 200 Yard Freestyle (all age groups, prelims and finals), https://www.pacswim.org/userfiles/meets/documents/2808/rtb-meet-results-updated.pdf (verified extraction workbook, 2026-09-02)",invitational,"place 9; hytek tags none; seed from official results; age-group invitational, ages 8-18 present; prelims and finals as separate rounds"
S807,2025_ALTO_ROCK_THE_BLOCKS,ALTO Rock the Blocks Invitational,2025-03-29,14.0,M,200 FR,SCY,final,,2:10.92,28.57,1:01.38,1:36.05,2:10.92,"Official results, ALTO Rock the Blocks Invitational (3/29-30/2025), Boys 200 Yard Freestyle (all age groups, prelims and finals), https://www.pacswim.org/userfiles/meets/documents/2808/rtb-meet-results-updated.pdf (verified extraction workbook, 2026-09-02)",invitational,"place 10; hytek tags none; seed from official results; age-group invitational, ages 8-18 present; prelims and finals as separate rounds"
S830,2025_ALTO_ROCK_THE_BLOCKS,ALTO Rock the Blocks Invitational,2025-03-29,15.0,M,200 FR,SCY,final,,1:41.74,23.78,49.27,1:15.27,1:41.74,"Official results, ALTO Rock the Blocks Invitational (3/29-30/2025), Boys 200 Yard Freestyle (all age groups, prelims and finals), https://www.pacswim.org/userfiles/meets/documents/2808/rtb-meet-results-updated.pdf (verified extraction workbook, 2026-09-02)",invitational,"place 1; hytek tags none; seed from official results; age-group invitational, ages 8-18 present; prelims and finals as separate rounds"
S831,2025_ALTO_ROCK_THE_BLOCKS,ALTO Rock the Blocks Invitational,2025-03-29,16.0,M,200 FR,SCY,final,,1:49.62,25.64,53.65,1:21.84,1:49.62,"Official results, ALTO Rock the Blocks Invitational (3/29-30/2025), Boys 200 Yard Freestyle (all age groups, prelims and finals), https://www.pacswim.org/userfiles/meets/documents/2808/rtb-meet-results-updated.pdf (verified extraction workbook, 2026-09-02)",invitational,"place 2; hytek tags none; seed from official results; age-group invitational, ages 8-18 present; prelims and finals as separate rounds"
S112,2025_ALTO_ROCK_THE_BLOCKS,ALTO Rock the Blocks Invitational,2025-03-29,15.0,M,200 FR,SCY,final,,1:54.03,26.65,55.47,1:25.23,1:54.03,"Official results, ALTO Rock the Blocks Invitational (3/29-30/2025), Boys 200 Yard Freestyle (all age groups, prelims and finals), https://www.pacswim.org/userfiles/meets/documents/2808/rtb-meet-results-updated.pdf (verified extraction workbook, 2026-09-02)",invitational,"place 3; hytek tags none; seed from official results; age-group invitational, ages 8-18 present; prelims and finals as separate rounds"
S833,2025_ALTO_ROCK_THE_BLOCKS,ALTO Rock the Blocks Invitational,2025-03-29,16.0,M,200 FR,SCY,final,,1:55.22,27.09,56.39,1:25.79,1:55.22,"Official results, ALTO Rock the Blocks Invitational (3/29-30/2025), Boys 200 Yard Freestyle (all age groups, prelims and finals), https://www.pacswim.org/userfiles/meets/documents/2808/rtb-meet-results-updated.pdf (verified extraction workbook, 2026-09-02)",invitational,"place 4; hytek tags none; seed from official results; age-group invitational, ages 8-18 present; prelims and finals as separate rounds"
S142,2025_ALTO_ROCK_THE_BLOCKS,ALTO Rock the Blocks Invitational,2025-03-29,16.0,M,200 FR,SCY,final,,2:03.91,28.08,59.89,1:32.12,2:03.91,"Official results, ALTO Rock the Blocks Invitational (3/29-30/2025), Boys 200 Yard Freestyle (all age groups, prelims and finals), https://www.pacswim.org/userfiles/meets/documents/2808/rtb-meet-results-updated.pdf (verified extraction workbook, 2026-09-02)",invitational,"place 5; hytek tags none; seed from official results; age-group invitational, ages 8-18 present; prelims and finals as separate rounds"
S834,2025_ALTO_ROCK_THE_BLOCKS,ALTO Rock the Blocks Invitational,2025-03-29,15.0,M,200 FR,SCY,final,,2:21.28,31.06,1:05.92,1:43.96,2:21.28,"Official results, ALTO Rock the Blocks Invitational (3/29-30/2025), Boys 200 Yard Freestyle (all age groups, prelims and finals), https://www.pacswim.org/userfiles/meets/documents/2808/rtb-meet-results-updated.pdf (verified extraction workbook, 2026-09-02)",invitational,"place 6; hytek tags none; seed from official results; age-group invitational, ages 8-18 present; prelims and finals as separate rounds"
S586,2025_PASA_SUMMER_PALOOZA,PASA SCY Summer Palooza Championship Intrasquad Meet 2025,2025-07-20,12.0,M,200 FR,SCY,prelim,,2:08.96,,,,,"Official results, 2025 PASA Summer Palooza (7/20/2025), Boys 200 Yard Freestyle prelims and finals, https://www.pacswim.org/userfiles/meets/documents/2937/25palooza-results.pdf (verified extraction workbook, 2026-09-02; final times only)",intrasquad,"place 1; hytek tags splits withheld at ingest; seed from official results; intrasquad, all PASA-PC; splits withheld pending lap-order verification"
S835,2025_PASA_SUMMER_PALOOZA,PASA SCY Summer Palooza Championship Intrasquad Meet 2025,2025-07-20,12.0,M,200 FR,SCY,prelim,,2:23.29,,,,,"Official results, 2025 PASA Summer Palooza (7/20/2025), Boys 200 Yard Freestyle prelims and finals, https://www.pacswim.org/userfiles/meets/documents/2937/25palooza-results.pdf (verified extraction workbook, 2026-09-02; final times only)",intrasquad,"place 2; hytek tags splits withheld at ingest; seed from official results; intrasquad, all PASA-PC; splits withheld pending lap-order verification"
S836,2025_PASA_SUMMER_PALOOZA,PASA SCY Summer Palooza Championship Intrasquad Meet 2025,2025-07-20,10.0,M,200 FR,SCY,prelim,,2:28.44,,,,,"Official results, 2025 PASA Summer Palooza (7/20/2025), Boys 200 Yard Freestyle prelims and finals, https://www.pacswim.org/userfiles/meets/documents/2937/25palooza-results.pdf (verified extraction workbook, 2026-09-02; final times only)",intrasquad,"place 3; hytek tags splits withheld at ingest; seed from official results; intrasquad, all PASA-PC; splits withheld pending lap-order verification"
S837,2025_PASA_SUMMER_PALOOZA,PASA SCY Summer Palooza Championship Intrasquad Meet 2025,2025-07-20,9.0,M,200 FR,SCY,prelim,,2:47.65,,,,,"Official results, 2025 PASA Summer Palooza (7/20/2025), Boys 200 Yard Freestyle prelims and finals, https://www.pacswim.org/userfiles/meets/documents/2937/25palooza-results.pdf (verified extraction workbook, 2026-09-02; final times only)",intrasquad,"place 4; hytek tags splits withheld at ingest; seed from official results; intrasquad, all PASA-PC; splits withheld pending lap-order verification"
S632,2025_PASA_SUMMER_PALOOZA,PASA SCY Summer Palooza Championship Intrasquad Meet 2025,2025-07-20,11.0,M,200 FR,SCY,prelim,,2:54.60,,,,,"Official results, 2025 PASA Summer Palooza (7/20/2025), Boys 200 Yard Freestyle prelims and finals, https://www.pacswim.org/userfiles/meets/documents/2937/25palooza-results.pdf (verified extraction workbook, 2026-09-02; final times only)",intrasquad,"place 5; hytek tags splits withheld at ingest; seed from official results; intrasquad, all PASA-PC; splits withheld pending lap-order verification"
S838,2025_PASA_SUMMER_PALOOZA,PASA SCY Summer Palooza Championship Intrasquad Meet 2025,2025-07-20,11.0,M,200 FR,SCY,prelim,,3:07.42,,,,,"Official results, 2025 PASA Summer Palooza (7/20/2025), Boys 200 Yard Freestyle prelims and finals, https://www.pacswim.org/userfiles/meets/documents/2937/25palooza-results.pdf (verified extraction workbook, 2026-09-02; final times only)",intrasquad,"place 6; hytek tags splits withheld at ingest; seed from official results; intrasquad, all PASA-PC; splits withheld pending lap-order verification"
S756,2025_PASA_SUMMER_PALOOZA,PASA SCY Summer Palooza Championship Intrasquad Meet 2025,2025-07-20,18.0,M,200 FR,SCY,prelim,,1:38.73,,,,,"Official results, 2025 PASA Summer Palooza (7/20/2025), Boys 200 Yard Freestyle prelims and finals, https://www.pacswim.org/userfiles/meets/documents/2937/25palooza-results.pdf (verified extraction workbook, 2026-09-02; final times only)",intrasquad,"place 1; hytek tags splits withheld at ingest; seed from official results; intrasquad, all PASA-PC; splits withheld pending lap-order verification"
S455,2025_PASA_SUMMER_PALOOZA,PASA SCY Summer Palooza Championship Intrasquad Meet 2025,2025-07-20,18.0,M,200 FR,SCY,prelim,,1:42.08,,,,,"Official results, 2025 PASA Summer Palooza (7/20/2025), Boys 200 Yard Freestyle prelims and finals, https://www.pacswim.org/userfiles/meets/documents/2937/25palooza-results.pdf (verified extraction workbook, 2026-09-02; final times only)",intrasquad,"place 2; hytek tags splits withheld at ingest; seed from official results; intrasquad, all PASA-PC; splits withheld pending lap-order verification"
S839,2025_PASA_SUMMER_PALOOZA,PASA SCY Summer Palooza Championship Intrasquad Meet 2025,2025-07-20,16.0,M,200 FR,SCY,prelim,,1:52.86,,,,,"Official results, 2025 PASA Summer Palooza (7/20/2025), Boys 200 Yard Freestyle prelims and finals, https://www.pacswim.org/userfiles/meets/documents/2937/25palooza-results.pdf (verified extraction workbook, 2026-09-02; final times only)",intrasquad,"place 3; hytek tags splits withheld at ingest; seed from official results; intrasquad, all PASA-PC; splits withheld pending lap-order verification"
S840,2025_PASA_SUMMER_PALOOZA,PASA SCY Summer Palooza Championship Intrasquad Meet 2025,2025-07-20,15.0,M,200 FR,SCY,prelim,,1:55.64,,,,,"Official results, 2025 PASA Summer Palooza (7/20/2025), Boys 200 Yard Freestyle prelims and finals, https://www.pacswim.org/userfiles/meets/documents/2937/25palooza-results.pdf (verified extraction workbook, 2026-09-02; final times only)",intrasquad,"place 4; hytek tags splits withheld at ingest; seed from official results; intrasquad, all PASA-PC; splits withheld pending lap-order verification"
S456,2025_PASA_SUMMER_PALOOZA,PASA SCY Summer Palooza Championship Intrasquad Meet 2025,2025-07-20,15.0,M,200 FR,SCY,prelim,,1:56.01,,,,,"Official results, 2025 PASA Summer Palooza (7/20/2025), Boys 200 Yard Freestyle prelims and finals, https://www.pacswim.org/userfiles/meets/documents/2937/25palooza-results.pdf (verified extraction workbook, 2026-09-02; final times only)",intrasquad,"place 5; hytek tags splits withheld at ingest; seed from official results; intrasquad, all PASA-PC; splits withheld pending lap-order verification"
S564,2025_PASA_SUMMER_PALOOZA,PASA SCY Summer Palooza Championship Intrasquad Meet 2025,2025-07-20,14.0,M,200 FR,SCY,prelim,,2:02.23,,,,,"Official results, 2025 PASA Summer Palooza (7/20/2025), Boys 200 Yard Freestyle prelims and finals, https://www.pacswim.org/userfiles/meets/documents/2937/25palooza-results.pdf (verified extraction workbook, 2026-09-02; final times only)",intrasquad,"place 6; hytek tags splits withheld at ingest; seed from official results; intrasquad, all PASA-PC; splits withheld pending lap-order verification"
S574,2025_PASA_SUMMER_PALOOZA,PASA SCY Summer Palooza Championship Intrasquad Meet 2025,2025-07-20,13.0,M,200 FR,SCY,prelim,,2:03.82,,,,,"Official results, 2025 PASA Summer Palooza (7/20/2025), Boys 200 Yard Freestyle prelims and finals, https://www.pacswim.org/userfiles/meets/documents/2937/25palooza-results.pdf (verified extraction workbook, 2026-09-02; final times only)",intrasquad,"place 7; hytek tags splits withheld at ingest; seed from official results; intrasquad, all PASA-PC; splits withheld pending lap-order verification"
S841,2025_PASA_SUMMER_PALOOZA,PASA SCY Summer Palooza Championship Intrasquad Meet 2025,2025-07-20,16.0,M,200 FR,SCY,prelim,,2:05.32,,,,,"Official results, 2025 PASA Summer Palooza (7/20/2025), Boys 200 Yard Freestyle prelims and finals, https://www.pacswim.org/userfiles/meets/documents/2937/25palooza-results.pdf (verified extraction workbook, 2026-09-02; final times only)",intrasquad,"place 8; hytek tags splits withheld at ingest; seed from official results; intrasquad, all PASA-PC; splits withheld pending lap-order verification"
S586,2025_PASA_SUMMER_PALOOZA,PASA SCY Summer Palooza Championship Intrasquad Meet 2025,2025-07-20,12.0,M,200 FR,SCY,final,,2:08.26,,,,,"Official results, 2025 PASA Summer Palooza (7/20/2025), Boys 200 Yard Freestyle prelims and finals, https://www.pacswim.org/userfiles/meets/documents/2937/25palooza-results.pdf (verified extraction workbook, 2026-09-02; final times only)",intrasquad,"place 1; hytek tags splits withheld at ingest; seed from official results; intrasquad, all PASA-PC; splits withheld pending lap-order verification"
S835,2025_PASA_SUMMER_PALOOZA,PASA SCY Summer Palooza Championship Intrasquad Meet 2025,2025-07-20,12.0,M,200 FR,SCY,final,,2:22.14,,,,,"Official results, 2025 PASA Summer Palooza (7/20/2025), Boys 200 Yard Freestyle prelims and finals, https://www.pacswim.org/userfiles/meets/documents/2937/25palooza-results.pdf (verified extraction workbook, 2026-09-02; final times only)",intrasquad,"place 2; hytek tags splits withheld at ingest; seed from official results; intrasquad, all PASA-PC; splits withheld pending lap-order verification"
S836,2025_PASA_SUMMER_PALOOZA,PASA SCY Summer Palooza Championship Intrasquad Meet 2025,2025-07-20,10.0,M,200 FR,SCY,final,,2:30.78,,,,,"Official results, 2025 PASA Summer Palooza (7/20/2025), Boys 200 Yard Freestyle prelims and finals, https://www.pacswim.org/userfiles/meets/documents/2937/25palooza-results.pdf (verified extraction workbook, 2026-09-02; final times only)",intrasquad,"place 3; hytek tags splits withheld at ingest; seed from official results; intrasquad, all PASA-PC; splits withheld pending lap-order verification"
S839,2025_PASA_SUMMER_PALOOZA,PASA SCY Summer Palooza Championship Intrasquad Meet 2025,2025-07-20,16.0,M,200 FR,SCY,final,,1:50.84,,,,,"Official results, 2025 PASA Summer Palooza (7/20/2025), Boys 200 Yard Freestyle prelims and finals, https://www.pacswim.org/userfiles/meets/documents/2937/25palooza-results.pdf (verified extraction workbook, 2026-09-02; final times only)",intrasquad,"place 1; hytek tags splits withheld at ingest; seed from official results; intrasquad, all PASA-PC; splits withheld pending lap-order verification"
S840,2025_PASA_SUMMER_PALOOZA,PASA SCY Summer Palooza Championship Intrasquad Meet 2025,2025-07-20,15.0,M,200 FR,SCY,final,,1:51.78,,,,,"Official results, 2025 PASA Summer Palooza (7/20/2025), Boys 200 Yard Freestyle prelims and finals, https://www.pacswim.org/userfiles/meets/documents/2937/25palooza-results.pdf (verified extraction workbook, 2026-09-02; final times only)",intrasquad,"place 2; hytek tags splits withheld at ingest; seed from official results; intrasquad, all PASA-PC; splits withheld pending lap-order verification"
S456,2025_PASA_SUMMER_PALOOZA,PASA SCY Summer Palooza Championship Intrasquad Meet 2025,2025-07-20,15.0,M,200 FR,SCY,final,,1:53.06,,,,,"Official results, 2025 PASA Summer Palooza (7/20/2025), Boys 200 Yard Freestyle prelims and finals, https://www.pacswim.org/userfiles/meets/documents/2937/25palooza-results.pdf (verified extraction workbook, 2026-09-02; final times only)",intrasquad,"place 3; hytek tags splits withheld at ingest; seed from official results; intrasquad, all PASA-PC; splits withheld pending lap-order verification"
S574,2025_PASA_SUMMER_PALOOZA,PASA SCY Summer Palooza Championship Intrasquad Meet 2025,2025-07-20,13.0,M,200 FR,SCY,final,,2:03.69,,,,,"Official results, 2025 PASA Summer Palooza (7/20/2025), Boys 200 Yard Freestyle prelims and finals, https://www.pacswim.org/userfiles/meets/documents/2937/25palooza-results.pdf (verified extraction workbook, 2026-09-02; final times only)",intrasquad,"place 4; hytek tags splits withheld at ingest; seed from official results; intrasquad, all PASA-PC; splits withheld pending lap-order verification"
